Запуск Verter Admin системы...
Остановка старых процессов...
Проверка готовности системы...
Ожидание готовности систем... попытка 1/15
Ожидание готовности систем... попытка 2/15
Ожидание готовности систем... попытка 3/15
Ожидание готовности систем... попытка 4/15
Ожидание готовности систем... попытка 5/15
Ожидание готовности систем... попытка 6/15
Ожидание готовности систем... попытка 7/15
Ожидание готовности систем... попытка 8/15
Ожидание готовности систем... попытка 9/15
Ожидание готовности систем... попытка 10/15
Ожидание готовности систем... попытка 11/15
Ожидание готовности систем... попытка 12/15
Ожидание готовности систем... попытка 13/15
Ожидание готовности систем... попытка 14/15
Ожидание готовности систем... попытка 15/15
Запуск Verter Admin системы...
Verter Admin система запущена. PID: 2317
[INFO] [launch]: All log files can be found below /home/verter/.ros/log/2025-11-24-11-09-52-245296-verter-desktop-2317
[INFO] [launch]: Default logging verbosity is set to INFO
[INFO] [speech_to_text_node-1]: process started with pid [2812]
[INFO] [recognition_node-2]: process started with pid [2815]
[INFO] [ai_assistant_node-3]: process started with pid [2819]
[INFO] [silero_tts_node-4]: process started with pid [2822]
[INFO] [sound_player_node-5]: process started with pid [2825]
[INFO] [chassis_node-6]: process started with pid [2827]
[INFO] [distance_sensors_node-7]: process started with pid [2834]
[INFO] [doa_node-8]: process started with pid [2836]
[sound_player_node-5] [INFO] [1763964612.416230539] [sound_player_node]: Используется директория звуков: /home/verter/verter-robot/verter_admin/install/verter_admin/share/verter_admin/sounds
[sound_player_node-5] [INFO] [1763964612.419382169] [sound_player_node]: SoundPlayerNode инициализирован успешно
[recognition_node-2] [INFO] [1763964612.493812335] [recognition_node]: ⏰ Таймер напоминаний запущен
[recognition_node-2] [INFO] [1763964612.497314483] [recognition_node]: 🎤 RecognitionNode запущен
[recognition_node-2] [INFO] [1763964612.499957965] [recognition_node]:    Состояние: LISTENING_FOR_TRIGGER
[recognition_node-2] [INFO] [1763964612.509981057] [recognition_node]:    Таймауты: команда=10.0с, диалог=30.0с
[recognition_node-2] [INFO] [1763964612.513388539] [recognition_node]:    Подписка на топик: recognized_text
[distance_sensors_node-7] [INFO] [1763964612.523369020] [distance_sensors_node]: Издатель для verter_commands создан
[distance_sensors_node-7] [INFO] [1763964612.527001780] [distance_sensors_node]: Поиск устройства с devpath=1.4 для Arduino Mega
[doa_node-8] [INFO] [1763964612.529996076] [doa_node]: Подписчик для head_commands создан
[doa_node-8] [INFO] [1763964612.540461317] [doa_node]: Поиск устройства с devpath=1.3 для головы
[distance_sensors_node-7] [INFO] [1763964612.605299298] [distance_sensors_node]: Проверяю порт: /dev/ttyAMA0
[distance_sensors_node-7] [INFO] [1763964612.650850483] [distance_sensors_node]: Порт /dev/ttyAMA0 не соответствует devpath=1.4
[distance_sensors_node-7] [WARN] [1763964612.656859780] [distance_sensors_node]: Не найдено устройств с devpath=1.4
[distance_sensors_node-7] [ERROR] [1763964612.663230909] [distance_sensors_node]: Не найдено устройств с devpath=1.4 для Arduino Mega
[distance_sensors_node-7] [WARN] [1763964612.670724187] [distance_sensors_node]: Arduino Mega не подключен при инициализации
[doa_node-8] [INFO] [1763964612.729903335] [doa_node]: Проверяю порт: /dev/ttyAMA0
[doa_node-8] [INFO] [1763964612.765498539] [doa_node]: Порт /dev/ttyAMA0 не соответствует devpath=1.3
[doa_node-8] [WARN] [1763964612.772904854] [doa_node]: Не найдено устройств с devpath=1.3
[doa_node-8] [ERROR] [1763964612.777182835] [doa_node]: Не найдено устройств с devpath=1.3 для головы
[doa_node-8] [WARN] [1763964612.781394020] [doa_node]: ⚠️ Arduino для головы не подключен
[doa_node-8] [WARN] [1763964613.267241742] [doa_node]: ⚠️ ReSpeaker устройство не найдено - DOA отключен
[doa_node-8] [INFO] [1763964613.271203038] [doa_node]: ✓ DOA поток запущен (интервал: 7.0с)
[doa_node-8] [INFO] [1763964613.274283501] [doa_node]: 🎯 DOA Node запущен
[chassis_node-6] [INFO] [1763964615.785897500] [chassis_node]: Подписчик для verter_commands создан
[chassis_node-6] [INFO] [1763964615.931378092] [chassis_node]: Подписчик для /cmd_vel создан
[chassis_node-6] [INFO] [1763964615.968604648] [chassis_node]: Поиск устройства с devpath=1.2 для Chassis
[chassis_node-6] [INFO] [1763964616.091989426] [chassis_node]: Проверяю порт: /dev/ttyAMA0
[chassis_node-6] [INFO] [1763964616.386395185] [chassis_node]: Порт /dev/ttyAMA0 не соответствует devpath=1.2
[chassis_node-6] [WARN] [1763964616.440724685] [chassis_node]: Не найдено устройств с devpath=1.2
[chassis_node-6] [ERROR] [1763964616.471427944] [chassis_node]: Не найдено устройств с devpath=1.2 для Chassis
[chassis_node-6] [WARN] [1763964616.521121722] [chassis_node]: Chassis не подключен при инициализации
[speech_to_text_node-1] [INFO] [1763964617.540731573] [speech_to_text_node]: ✓ Используется устройство 4: pulse
[speech_to_text_node-1] [INFO] [1763964617.558255517] [speech_to_text_node]: 🔄 Загрузка ASR модели...
[ai_assistant_node-3] [INFO] [1763964626.082840130] [ai_assistant_node]: AI Assistant Node запущен в ТЕСТОВОМ режиме
[speech_to_text_node-1] [INFO] [1763964634.718813560] [speech_to_text_node]: ✓ ASR модель загружена (4 потоков, extended opt)
[speech_to_text_node-1] [INFO] [1763964634.731152557] [speech_to_text_node]: 🔄 Загрузка VAD модели...
[speech_to_text_node-1] [INFO] [1763964634.920968224] [speech_to_text_node]: ✓ VAD модель загружена
[speech_to_text_node-1] [INFO] [1763964634.961697748] [speech_to_text_node]: ✓ Загружено токенов: 34
[speech_to_text_node-1] [INFO] [1763964634.975271811] [speech_to_text_node]: ✓ Кэш input/output names создан
[speech_to_text_node-1] [INFO] [1763964634.987669619] [speech_to_text_node]: ✓ Захват аудио запущен
[speech_to_text_node-1] [INFO] [1763964635.011696798] [speech_to_text_node]: 🎤 SpeechToTextNode запущен (Sherpa-ONNX CTC - ОПТИМИЗИРОВАНО)
[speech_to_text_node-1] [INFO] [1763964635.052536409] [speech_to_text_node]:    Sample rate: 16000Hz, Block size: 2400 (150ms)
[speech_to_text_node-1] [INFO] [1763964635.081223871] [speech_to_text_node]:    VAD threshold: 0.5, Pause trigger: 600ms ⚡
[speech_to_text_node-1] [INFO] [1763964635.114151900] [speech_to_text_node]: ✓ Аудио поток успешно запущен
[speech_to_text_node-1] [INFO] [1763964635.117453185] [speech_to_text_node]:    ONNX threads: 4, 🔀 Асинхронное распознавание + оптимизации
[silero_tts_node-4] [INFO] [1763964640.563101607] [silero_tts_node]: Загрузка локальной модели: /home/verter/verter-robot/verter_admin/install/verter_admin/share/verter_admin/text_to_speech/v5_ru.pt
[silero_tts_node-4] /home/verter/.local/lib/python3.10/site-packages/torch/package/package_importer.py:257: UserWarning: TypedStorage is deprecated. It will be removed in the future and UntypedStorage will be the only storage class. This should only matter to you if you are using storages directly.  To access UntypedStorage directly, use tensor.untyped_storage() instead of tensor.storage()
[silero_tts_node-4]   dtype = storage_type.dtype
[silero_tts_node-4] [INFO] [1763964652.463688442] [silero_tts_node]: ✓ Модель Silero загружена за 11.90 сек
[silero_tts_node-4] [INFO] [1763964652.479518743] [silero_tts_node]: Silero TTS готов. Sample rate: 24000, speaker: eugene
install/verter_admin/share/verter_admin/text_to_speech/v5_ru.pt
[doa_node-8] [INFO] [1763551061.556101246] [doa_node]: DOA угол: 189
[doa_node-8] [INFO] [1763551068.563835994] [doa_node]: DOA угол: 182
[silero_tts_node-4] /home/verter/.local/lib/python3.10/site-packages/torch/package/package_importer.py:257: UserWarning: TypedStorage is deprecated. It will be removed in the future and UntypedStorage will be the only storage class. This should only matter to you if you are using storages directly.  To access UntypedStorage directly, use tensor.untyped_storage() instead of tensor.storage()
[silero_tts_node-4]   dtype = storage_type.dtype
[silero_tts_node-4] [INFO] [1763551070.864871360] [silero_tts_node]: ✓ Модель Silero загружена за 10.59 сек
[silero_tts_node-4] [INFO] [1763551070.877337016] [silero_tts_node]: Silero TTS готов. Sample rate: 24000, speaker: eugene
[doa_node-8] [INFO] [1763551075.573696506] [doa_node]: DOA угол: 187
[speech_to_text_node-1] [INFO] [1763551079.606876605] [speech_to_text_node]: 🎤 Распознано: 'отвлеку тебя чуть чуть давай какую нибудь фигню придумаем на что вертера ставить а то я коробки подставляю'
[speech_to_text_node-1] [INFO] [1763551079.610845378] [speech_to_text_node]: ⏱️  Timing: feature=76ms, inference=7747ms, total=7831ms
[speech_to_text_node-1] [INFO] [1763551081.774766820] [speech_to_text_node]: 🎤 Распознано: 'не гнуться а ей нифига'
[speech_to_text_node-1] [INFO] [1763551081.777304495] [speech_to_text_node]: ⏱️  Timing: feature=21ms, inference=2136ms, total=6691ms
[doa_node-8] [INFO] [1763551082.583080637] [doa_node]: DOA угол: 0
[speech_to_text_node-1] [INFO] [1763551082.778346175] [speech_to_text_node]: 🎤 Распознано: 'надо эту'
[speech_to_text_node-1] [INFO] [1763551082.780869295] [speech_to_text_node]: ⏱️  Timing: feature=10ms, inference=986ms, total=6186ms
[speech_to_text_node-1] [INFO] [1763551084.078109837] [speech_to_text_node]: 🎤 Распознано: 'типа знаешь'
[speech_to_text_node-1] [INFO] [1763551084.080693858] [speech_to_text_node]: ⏱️  Timing: feature=13ms, inference=1277ms, total=5238ms
[speech_to_text_node-1] [INFO] [1763551089.332902530] [speech_to_text_node]: 🎤 Распознано: 'тамкра чтобы колеса висели может чте из пластика подобрать'
[speech_to_text_node-1] [INFO] [1763551089.336647858] [speech_to_text_node]: ⏱️  Timing: feature=47ms, inference=4152ms, total=4205ms
[doa_node-8] [INFO] [1763551089.590111891] [doa_node]: DOA угол: 212
[speech_to_text_node-1] [INFO] [1763551091.704885670] [speech_to_text_node]: 🎤 Распознано: 'которые у нас напечатаны'
[speech_to_text_node-1] [INFO] [1763551091.708678065] [speech_to_text_node]: ⏱️  Timing: feature=24ms, inference=2340ms, total=2971ms
[doa_node-8] [INFO] [1763551096.603753229] [doa_node]: DOA угол: 323
[doa_node-8] [INFO] [1763551103.608417526] [doa_node]: DOA угол: 55
[doa_node-8] [INFO] [1763551110.618134343] [doa_node]: DOA угол: 215
[doa_node-8] [INFO] [1763551117.623118791] [doa_node]: DOA угол: 215
[doa_node-8] [INFO] [1763551124.633448506] [doa_node]: DOA угол: 212
[doa_node-8] [INFO] [1763551131.643241185] [doa_node]: DOA угол: 214
[speech_to_text_node-1] [INFO] [1763551132.142534765] [speech_to_text_node]: 🎤 Распознано: 'а да не это фигня он надо коробка широкая и вот из за вот этих вот которые у мотора она не встает надо что то посередине может какуй нибудь вон из готового пластика который у нас есть подобрать чтобы мы просто его как на на банкрат условно загоняли'
[speech_to_text_node-1] [INFO] [1763551132.147058559] [speech_to_text_node]: ⏱️  Timing: feature=123ms, inference=21531ms, total=21665ms
[doa_node-8] [INFO] [1763551138.678697905] [doa_node]: DOA угол: 332
[speech_to_text_node-1] [INFO] [1763551141.541352719] [speech_to_text_node]: 🎤 Распознано: 'во с этой скоробки скатывается'
[speech_to_text_node-1] [INFO] [1763551141.546432657] [speech_to_text_node]: ⏱️  Timing: feature=25ms, inference=4578ms, total=13352ms
[speech_to_text_node-1] [INFO] [1763551145.420248342] [speech_to_text_node]: 🎤 Распознано: 'ты его полностью на коробку поставиль'
[speech_to_text_node-1] [INFO] [1763551145.424115559] [speech_to_text_node]: ⏱️  Timing: feature=20ms, inference=3845ms, total=14238ms
[doa_node-8] [INFO] [1763551145.688773300] [doa_node]: DOA угол: 327
[doa_node-8] [INFO] [1763551152.710050311] [doa_node]: DOA угол: 202
[speech_to_text_node-1] [INFO] [1763551158.186419813] [speech_to_text_node]: 🎤 Распознано: 'да давай а у меня режим включен сейчас выключу'
[speech_to_text_node-1] [INFO] [1763551158.190566255] [speech_to_text_node]: ⏱️  Timing: feature=56ms, inference=9918ms, total=14696ms
[doa_node-8] [INFO] [1763551159.718568355] [doa_node]: DOA угол: 200
[doa_node-8] [INFO] [1763551166.725969799] [doa_node]: DOA угол: 208
[doa_node-8] [INFO] [1763551173.734303001] [doa_node]: DOA угол: 208
[doa_node-8] [INFO] [1763551180.744837662] [doa_node]: DOA угол: 208
[doa_node-8] [INFO] [1763551187.755372244] [doa_node]: DOA угол: 208
[doa_node-8] [INFO] [1763551194.775919757] [doa_node]: DOA угол: 328
[doa_node-8] [INFO] [1763551201.798658815] [doa_node]: DOA угол: 209
[doa_node-8] [INFO] [1763551208.805935048] [doa_node]: DOA угол: 216
[doa_node-8] [INFO] [1763551215.814545040] [doa_node]: DOA угол: 216
[speech_to_text_node-1] [INFO] [1763551217.054786712] [speech_to_text_node]: 🎤 Распознано: 'цифрки'
[speech_to_text_node-1] [INFO] [1763551217.059155108] [speech_to_text_node]: ⏱️  Timing: feature=32ms, inference=3051ms, total=18820ms
[speech_to_text_node-1] [INFO] [1763551221.512586269] [speech_to_text_node]: 🎤 Распознано: 'пиключее'
[speech_to_text_node-1] [INFO] [1763551221.516603228] [speech_to_text_node]: ⏱️  Timing: feature=17ms, inference=1681ms, total=10984ms
[recognition_node-2] [INFO] [1763551221.726183116] [recognition_node]: ⏸️ Распознавание деактивировано
[speech_to_text_node-1] [INFO] [1763551221.727426042] [speech_to_text_node]: 📡 SpeechToText выключен (TTS активен)
[recognition_node-2] [INFO] [1763551221.732990238] [recognition_node]: 🔔 Напоминание отправлено
[silero_tts_node-4] [INFO] [1763551221.743429194] [silero_tts_node]: 🔇 Отключаю микрофон перед TTS
[speech_to_text_node-1] [INFO] [1763551221.743967130] [speech_to_text_node]: 📡 SpeechToText выключен (TTS активен)
[silero_tts_node-4] [INFO] [1763551221.760428108] [silero_tts_node]: Синтез текста: Чтобы задать вопрос начните с ключевого слова Верт...
[doa_node-8] [INFO] [1763551222.823794166] [doa_node]: DOA угол: 208
[silero_tts_node-4] [INFO] [1763551228.791267414] [silero_tts_node]: ✓ Синтез выполнен за 7.03 сек
[doa_node-8] [INFO] [1763551229.832777857] [doa_node]: DOA угол: 93
[silero_tts_node-4] [INFO] [1763551233.381481968] [silero_tts_node]: ✓ Аудио воспроизведено успешно
[silero_tts_node-4] [INFO] [1763551233.484862182] [silero_tts_node]: 🎤 Включаю микрофон после TTS
[recognition_node-2] [INFO] [1763551233.485646560] [recognition_node]: ✅ Распознавание активировано
[speech_to_text_node-1] [INFO] [1763551233.490876028] [speech_to_text_node]: 📡 SpeechToText включен
[speech_to_text_node-1] [INFO] [1763551233.494631422] [speech_to_text_node]: 📡 SpeechToText включен
[doa_node-8] [INFO] [1763551236.838029319] [doa_node]: DOA угол: 262
[doa_node-8] [INFO] [1763551243.845920229] [doa_node]: DOA угол: 234
[doa_node-8] [INFO] [1763551250.855497982] [doa_node]: DOA угол: 209
[speech_to_text_node-1] [INFO] [1763551251.959535468] [speech_to_text_node]: 🎤 Распознано: 'фильм'
[speech_to_text_node-1] [INFO] [1763551251.963392459] [speech_to_text_node]: ⏱️  Timing: feature=7ms, inference=1368ms, total=1382ms
[doa_node-8] [INFO] [1763551257.877720274] [doa_node]: DOA угол: 209
[doa_node-8] [INFO] [1763551264.888756276] [doa_node]: DOA угол: 201
[doa_node-8] [INFO] [1763551271.893174474] [doa_node]: DOA угол: 207
[doa_node-8] [INFO] [1763551278.905836019] [doa_node]: DOA угол: 196
[doa_node-8] [INFO] [1763551285.930394069] [doa_node]: DOA угол: 198
[doa_node-8] [INFO] [1763551292.949963152] [doa_node]: DOA угол: 198
[doa_node-8] [INFO] [1763551299.957540679] [doa_node]: DOA угол: 200
[doa_node-8] [INFO] [1763551306.965903504] [doa_node]: DOA угол: 201
[speech_to_text_node-1] [INFO] [1763551313.849139967] [speech_to_text_node]: 🎤 Распознано: 'тп'
[speech_to_text_node-1] [INFO] [1763551313.853508268] [speech_to_text_node]: ⏱️  Timing: feature=12ms, inference=3694ms, total=3723ms
[doa_node-8] [INFO] [1763551313.998851442] [doa_node]: DOA угол: 205
[doa_node-8] [INFO] [1763551321.015350911] [doa_node]: DOA угол: 207
[doa_node-8] [INFO] [1763551328.021733837] [doa_node]: DOA угол: 208
[speech_to_text_node-1] [WARN] [1763551329.055184408] [speech_to_text_node]: Аудио статус: input overflow
[speech_to_text_node-1] [INFO] [1763551331.554219177] [speech_to_text_node]: 🎤 Распознано: 'я токо не понимаю десь у'
[speech_to_text_node-1] [INFO] [1763551331.562972945] [speech_to_text_node]: ⏱️  Timing: feature=31ms, inference=8641ms, total=8682ms
[doa_node-8] [INFO] [1763551335.030298874] [doa_node]: DOA угол: 210
[doa_node-8] [INFO] [1763551342.038983549] [doa_node]: DOA угол: 210
[doa_node-8] [INFO] [1763551349.046807268] [doa_node]: DOA угол: 208
[doa_node-8] [INFO] [1763551356.056236910] [doa_node]: DOA угол: 209
[doa_node-8] [INFO] [1763551363.079886090] [doa_node]: DOA угол: 32
[doa_node-8] [INFO] [1763551370.101774531] [doa_node]: DOA угол: 202
[doa_node-8] [INFO] [1763551377.126104012] [doa_node]: DOA угол: 213
[doa_node-8] [INFO] [1763551384.133592487] [doa_node]: DOA угол: 212
[doa_node-8] [INFO] [1763551391.147640506] [doa_node]: DOA угол: 210
[doa_node-8] [INFO] [1763551398.166208897] [doa_node]: DOA угол: 207
[doa_node-8] [INFO] [1763551405.175465823] [doa_node]: DOA угол: 203
[doa_node-8] [INFO] [1763551412.186310055] [doa_node]: DOA угол: 211
[recognition_node-2] [INFO] [1763551413.487184178] [recognition_node]: ⏸️ Распознавание деактивировано
[speech_to_text_node-1] [INFO] [1763551413.492518882] [speech_to_text_node]: 📡 SpeechToText выключен (TTS активен)
[recognition_node-2] [INFO] [1763551413.492518919] [recognition_node]: 🔔 Напоминание отправлено
[silero_tts_node-4] [INFO] [1763551413.506982737] [silero_tts_node]: 🔇 Отключаю микрофон перед TTS
[speech_to_text_node-1] [INFO] [1763551413.509153058] [speech_to_text_node]: 📡 SpeechToText выключен (TTS активен)
[silero_tts_node-4] [INFO] [1763551413.512885822] [silero_tts_node]: Синтез текста: Чтобы задать вопрос начните с ключевого слова Верт...
[silero_tts_node-4] [INFO] [1763551416.469769198] [silero_tts_node]: ✓ Синтез выполнен за 2.95 сек
[doa_node-8] [INFO] [1763551419.209804649] [doa_node]: DOA угол: 211
[silero_tts_node-4] [INFO] [1763551421.123627463] [silero_tts_node]: ✓ Аудио воспроизведено успешно
[silero_tts_node-4] [INFO] [1763551421.229553866] [silero_tts_node]: 🎤 Включаю микрофон после TTS
[recognition_node-2] [INFO] [1763551421.230717480] [recognition_node]: ✅ Распознавание активировано
[speech_to_text_node-1] [INFO] [1763551421.236488993] [speech_to_text_node]: 📡 SpeechToText включен
[speech_to_text_node-1] [INFO] [1763551421.239914780] [speech_to_text_node]: 📡 SpeechToText включен
[doa_node-8] [INFO] [1763551426.230205654] [doa_node]: DOA угол: 213
[speech_to_text_node-1] [INFO] [1763551427.739691603] [speech_to_text_node]: 🎤 Распознано: 'нееняаже'
[speech_to_text_node-1] [INFO] [1763551427.749883724] [speech_to_text_node]: ⏱️  Timing: feature=27ms, inference=5257ms, total=30293ms
[doa_node-8] [INFO] [1763551433.238060263] [doa_node]: DOA угол: 209
[doa_node-8] [INFO] [1763551440.245428392] [doa_node]: DOA угол: 331
[speech_to_text_node-1] [INFO] [1763551444.853206486] [speech_to_text_node]: 🎤 Распознано: 'им администратор'
[speech_to_text_node-1] [INFO] [1763551444.857760222] [speech_to_text_node]: ⏱️  Timing: feature=54ms, inference=7449ms, total=7509ms
[doa_node-8] [INFO] [1763551447.257980407] [doa_node]: DOA угол: 331
[doa_node-8] [INFO] [1763551454.277190336] [doa_node]: DOA угол: 210
[doa_node-8] [INFO] [1763551461.291034040] [doa_node]: DOA угол: 208
[speech_to_text_node-1] [INFO] [1763551467.885185056] [speech_to_text_node]: 🎤 Распознано: 'с этого момента я администратор'
[speech_to_text_node-1] [INFO] [1763551467.889131838] [speech_to_text_node]: ⏱️  Timing: feature=38ms, inference=3347ms, total=3390ms
[doa_node-8] [INFO] [1763551468.315003748] [doa_node]: DOA угол: 213
[doa_node-8] [INFO] [1763551475.336545380] [doa_node]: DOA угол: 210
[doa_node-8] [INFO] [1763551482.345389788] [doa_node]: DOA угол: 211
[doa_node-8] [INFO] [1763551489.365353527] [doa_node]: DOA угол: 324
[doa_node-8] [INFO] [1763551496.373967375] [doa_node]: DOA угол: 324
[doa_node-8] [INFO] [1763551503.381178779] [doa_node]: DOA угол: 52
[doa_node-8] [INFO] [1763551510.395457448] [doa_node]: DOA угол: 214
[doa_node-8] [INFO] [1763551517.416873308] [doa_node]: DOA угол: 212
[doa_node-8] [INFO] [1763551524.438041362] [doa_node]: DOA угол: 270
[doa_node-8] [INFO] [1763551531.445814299] [doa_node]: DOA угол: 248
[speech_to_text_node-1] [INFO] [1763551538.316527643] [speech_to_text_node]: 🎤 Распознано: 'н прсто идеа админа и'
[speech_to_text_node-1] [INFO] [1763551538.320585734] [speech_to_text_node]: ⏱️  Timing: feature=159ms, inference=16949ms, total=17121ms
[doa_node-8] [INFO] [1763551538.457128088] [doa_node]: DOA угол: 216
[speech_to_text_node-1] [INFO] [1763551543.899396440] [speech_to_text_node]: 🎤 Распознано: 'олучаетсяне крутые'
[speech_to_text_node-1] [INFO] [1763551543.903112404] [speech_to_text_node]: ⏱️  Timing: feature=18ms, inference=1824ms, total=7845ms
[doa_node-8] [INFO] [1763551545.463642082] [doa_node]: DOA угол: 212
[speech_to_text_node-1] [INFO] [1763551546.050124834] [speech_to_text_node]: 🎤 Распознано: 'естатна ршени'
[speech_to_text_node-1] [INFO] [1763551546.053862205] [speech_to_text_node]: ⏱️  Timing: feature=20ms, inference=2122ms, total=5796ms
[speech_to_text_node-1] [INFO] [1763551551.756021002] [speech_to_text_node]: 🎤 Распознано: 'так ну что пробуй'
[speech_to_text_node-1] [INFO] [1763551551.759528653] [speech_to_text_node]: ⏱️  Timing: feature=44ms, inference=3809ms, total=3860ms
[doa_node-8] [INFO] [1763551552.473909765] [doa_node]: DOA угол: 214
[doa_node-8] [INFO] [1763551559.497673825] [doa_node]: DOA угол: 214
[doa_node-8] [INFO] [1763551566.517525587] [doa_node]: DOA угол: 211
[speech_to_text_node-1] [INFO] [1763551570.813255321] [speech_to_text_node]: 🎤 Распознано: 'алло'
[speech_to_text_node-1] [INFO] [1763551570.817054745] [speech_to_text_node]: ⏱️  Timing: feature=23ms, inference=1438ms, total=1468ms
[doa_node-8] [INFO] [1763551573.532059219] [doa_node]: DOA угол: 213
[speech_to_text_node-1] [INFO] [1763551579.609118434] [speech_to_text_node]: 🎤 Распознано: 'здравствуйте да слушаю'
[speech_to_text_node-1] [INFO] [1763551579.613028450] [speech_to_text_node]: ⏱️  Timing: feature=46ms, inference=4062ms, total=4114ms
[doa_node-8] [INFO] [1763551580.550472110] [doa_node]: DOA угол: 211
[speech_to_text_node-1] [INFO] [1763551580.590947509] [speech_to_text_node]: 🎤 Распознано: 'ай'
[speech_to_text_node-1] [INFO] [1763551580.595136818] [speech_to_text_node]: ⏱️  Timing: feature=9ms, inference=962ms, total=3589ms
[speech_to_text_node-1] [INFO] [1763551582.031402561] [speech_to_text_node]: 🎤 Распознано: 'гуау'
[speech_to_text_node-1] [INFO] [1763551582.035107060] [speech_to_text_node]: ⏱️  Timing: feature=14ms, inference=1417ms, total=2781ms
[doa_node-8] [INFO] [1763551587.558717775] [doa_node]: DOA угол: 211
[speech_to_text_node-1] [INFO] [1763551591.616759115] [speech_to_text_node]: 🎤 Распознано: 'яхотел бы хотел бы сейчас вот времени просто не мог найти'
[speech_to_text_node-1] [INFO] [1763551591.620483132] [speech_to_text_node]: ⏱️  Timing: feature=47ms, inference=4366ms, total=4420ms
[doa_node-8] [INFO] [1763551594.569726579] [doa_node]: DOA угол: 210
[recognition_node-2] [INFO] [1763551601.235570639] [recognition_node]: ⏸️ Распознавание деактивировано
[speech_to_text_node-1] [INFO] [1763551601.237675265] [speech_to_text_node]: 📡 SpeechToText выключен (TTS активен)
[recognition_node-2] [INFO] [1763551601.240835732] [recognition_node]: 🔔 Напоминание отправлено
[silero_tts_node-4] [INFO] [1763551601.244814338] [silero_tts_node]: 🔇 Отключаю микрофон перед TTS
[speech_to_text_node-1] [INFO] [1763551601.246156121] [speech_to_text_node]: 📡 SpeechToText выключен (TTS активен)
[silero_tts_node-4] [INFO] [1763551601.248147952] [silero_tts_node]: Синтез текста: Чтобы задать вопрос начните с ключевого слова Верт...
[doa_node-8] [INFO] [1763551601.590944327] [doa_node]: DOA угол: 210
[silero_tts_node-4] [INFO] [1763551602.180343736] [silero_tts_node]: ✓ Синтез выполнен за 0.93 сек
[silero_tts_node-4] [INFO] [1763551606.772378467] [silero_tts_node]: ✓ Аудио воспроизведено успешно
[silero_tts_node-4] [INFO] [1763551606.881672997] [silero_tts_node]: 🎤 Включаю микрофон после TTS
[recognition_node-2] [INFO] [1763551606.881737163] [recognition_node]: ✅ Распознавание активировано
[speech_to_text_node-1] [INFO] [1763551606.881879846] [speech_to_text_node]: 📡 SpeechToText включен
[speech_to_text_node-1] [INFO] [1763551606.888083410] [speech_to_text_node]: 📡 SpeechToText включен
[doa_node-8] [INFO] [1763551608.603652451] [doa_node]: DOA угол: 210
[doa_node-8] [INFO] [1763551615.622269901] [doa_node]: DOA угол: 211
[speech_to_text_node-1] [INFO] [1763551616.153946284] [speech_to_text_node]: 🎤 Распознано: 'с чего вы рекомендовали начать с со справки'
[speech_to_text_node-1] [INFO] [1763551616.157795113] [speech_to_text_node]: ⏱️  Timing: feature=45ms, inference=3708ms, total=3758ms
[speech_to_text_node-1] [INFO] [1763551621.645799909] [speech_to_text_node]: 🎤 Распознано: 'г'
[speech_to_text_node-1] [INFO] [1763551621.649654516] [speech_to_text_node]: ⏱️  Timing: feature=18ms, inference=976ms, total=999ms
[doa_node-8] [INFO] [1763551622.633256609] [doa_node]: DOA угол: 211
[doa_node-8] [INFO] [1763551629.642180709] [doa_node]: DOA угол: 211
[speech_to_text_node-1] [INFO] [1763551631.441807221] [speech_to_text_node]: 🎤 Распознано: 'у'
[speech_to_text_node-1] [INFO] [1763551631.448250763] [speech_to_text_node]: ⏱️  Timing: feature=21ms, inference=1169ms, total=1196ms
[doa_node-8] [INFO] [1763551636.665980209] [doa_node]: DOA угол: 211
[speech_to_text_node-1] [INFO] [1763551640.623084035] [speech_to_text_node]: 🎤 Распознано: 'кино'
[speech_to_text_node-1] [INFO] [1763551640.626935790] [speech_to_text_node]: ⏱️  Timing: feature=18ms, inference=903ms, total=927ms
[doa_node-8] [INFO] [1763551643.689573998] [doa_node]: DOA угол: 211
[speech_to_text_node-1] [INFO] [1763551648.330162743] [speech_to_text_node]: 🎤 Распознано: 'хорошо'
[speech_to_text_node-1] [INFO] [1763551648.333878166] [speech_to_text_node]: ⏱️  Timing: feature=18ms, inference=960ms, total=984ms
[doa_node-8] [INFO] [1763551650.700431273] [doa_node]: DOA угол: 210
[doa_node-8] [INFO] [1763551657.722144520] [doa_node]: DOA угол: 211
[doa_node-8] [INFO] [1763551664.731464014] [doa_node]: DOA угол: 213
[doa_node-8] [INFO] [1763551671.740614009] [doa_node]: DOA угол: 211
[doa_node-8] [INFO] [1763551678.760698198] [doa_node]: DOA угол: 210
[doa_node-8] [INFO] [1763551685.768886775] [doa_node]: DOA угол: 33
[doa_node-8] [INFO] [1763551692.774184344] [doa_node]: DOA угол: 325
[speech_to_text_node-1] [INFO] [1763551697.230604366] [speech_to_text_node]: 🎤 Распознано: 'давайте так договорились спасибо до свидания до свидания милейшая женщина женщина милейшая я бы ее ужел ноделалиб восемьсот лет и больше не быдеполут'
[speech_to_text_node-1] [INFO] [1763551697.234499656] [speech_to_text_node]: ⏱️  Timing: feature=182ms, inference=20293ms, total=20485ms
[doa_node-8] [INFO] [1763551699.782646685] [doa_node]: DOA угол: 325
[speech_to_text_node-1] [INFO] [1763551699.881462162] [speech_to_text_node]: 🎤 Распознано: 'сероди да'
[speech_to_text_node-1] [INFO] [1763551699.885176621] [speech_to_text_node]: ⏱️  Timing: feature=25ms, inference=2616ms, total=17879ms
[doa_node-8] [INFO] [1763551706.793293117] [doa_node]: DOA угол: 30
[speech_to_text_node-1] [INFO] [1763551712.823879321] [speech_to_text_node]: 🎤 Распознано: 'право все также кругится'
[speech_to_text_node-1] [INFO] [1763551712.827628408] [speech_to_text_node]: ⏱️  Timing: feature=35ms, inference=2886ms, total=2927ms
[doa_node-8] [INFO] [1763551713.802463661] [doa_node]: DOA угол: 29
[doa_node-8] [INFO] [1763551720.811327203] [doa_node]: DOA угол: 29
[doa_node-8] [INFO] [1763551727.834428517] [doa_node]: DOA угол: 327
[doa_node-8] [INFO] [1763551734.854576457] [doa_node]: DOA угол: 33
[doa_node-8] [INFO] [1763551741.865010130] [doa_node]: DOA угол: 331
[speech_to_text_node-1] [INFO] [1763551743.966440323] [speech_to_text_node]: 🎤 Распознано: 'то какой тотро'
[speech_to_text_node-1] [INFO] [1763551743.970232446] [speech_to_text_node]: ⏱️  Timing: feature=8ms, inference=793ms, total=10512ms
[speech_to_text_node-1] [INFO] [1763551748.199007819] [speech_to_text_node]: 🎤 Распознано: 'кирилл а если по отдельности просто управлять'
[speech_to_text_node-1] [INFO] [1763551748.202688833] [speech_to_text_node]: ⏱️  Timing: feature=30ms, inference=3218ms, total=3945ms
[doa_node-8] [INFO] [1763551748.871223836] [doa_node]: DOA угол: 208
[speech_to_text_node-1] [INFO] [1763551750.883114451] [speech_to_text_node]: 🎤 Распознано: 'ечасключу'
[speech_to_text_node-1] [INFO] [1763551750.886819760] [speech_to_text_node]: ⏱️  Timing: feature=33ms, inference=2548ms, total=2586ms
[doa_node-8] [INFO] [1763551755.880414559] [doa_node]: DOA угол: 208
[doa_node-8] [INFO] [1763551762.890924992] [doa_node]: DOA угол: 208
[doa_node-8] [INFO] [1763551769.911195473] [doa_node]: DOA угол: 211
[doa_node-8] [INFO] [1763551776.919434391] [doa_node]: DOA угол: 209
[doa_node-8] [INFO] [1763551783.928864509] [doa_node]: DOA угол: 208
[recognition_node-2] [INFO] [1763551786.879097390] [recognition_node]: ⏸️ Распознавание деактивировано
[recognition_node-2] [INFO] [1763551786.882661886] [recognition_node]: 🔔 Напоминание отправлено
[speech_to_text_node-1] [INFO] [1763551786.883224212] [speech_to_text_node]: 📡 SpeechToText выключен (TTS активен)
[speech_to_text_node-1] [INFO] [1763551786.896487670] [speech_to_text_node]: 📡 SpeechToText выключен (TTS активен)
[silero_tts_node-4] [INFO] [1763551786.897091107] [silero_tts_node]: 🔇 Отключаю микрофон перед TTS
[silero_tts_node-4] [INFO] [1763551786.900352254] [silero_tts_node]: Синтез текста: Чтобы задать вопрос начните с ключевого слова Верт...
[silero_tts_node-4] [INFO] [1763551788.778486951] [silero_tts_node]: ✓ Синтез выполнен за 1.88 сек
[doa_node-8] [INFO] [1763551790.938530772] [doa_node]: DOA угол: 208
[silero_tts_node-4] [INFO] [1763551793.431313268] [silero_tts_node]: ✓ Аудио воспроизведено успешно
[silero_tts_node-4] [INFO] [1763551793.539118682] [silero_tts_node]: 🎤 Включаю микрофон после TTS
[recognition_node-2] [INFO] [1763551793.541131455] [recognition_node]: ✅ Распознавание активировано
[speech_to_text_node-1] [INFO] [1763551793.541183306] [speech_to_text_node]: 📡 SpeechToText включен
[speech_to_text_node-1] [INFO] [1763551793.546712075] [speech_to_text_node]: 📡 SpeechToText включен
[doa_node-8] [INFO] [1763551797.947299828] [doa_node]: DOA угол: 209
[speech_to_text_node-1] [INFO] [1763551800.992135042] [speech_to_text_node]: 🎤 Распознано: 'не как'
[speech_to_text_node-1] [INFO] [1763551800.995788758] [speech_to_text_node]: ⏱️  Timing: feature=26ms, inference=2116ms, total=2147ms
[doa_node-8] [INFO] [1763551804.967406635] [doa_node]: DOA угол: 208
[speech_to_text_node-1] [INFO] [1763551807.161770750] [speech_to_text_node]: 🎤 Распознано: 'капо'
[speech_to_text_node-1] [INFO] [1763551807.165543114] [speech_to_text_node]: ⏱️  Timing: feature=32ms, inference=2427ms, total=2464ms
[doa_node-8] [INFO] [1763551811.979324964] [doa_node]: DOA угол: 209
[speech_to_text_node-1] [INFO] [1763551814.420119169] [speech_to_text_node]: 🎤 Распознано: 'репубки'
[speech_to_text_node-1] [INFO] [1763551814.423778775] [speech_to_text_node]: ⏱️  Timing: feature=29ms, inference=2037ms, total=2072ms
[speech_to_text_node-1] [INFO] [1763551818.816850761] [speech_to_text_node]: 🎤 Распознано: 'вот и все'
[speech_to_text_node-1] [INFO] [1763551818.820575014] [speech_to_text_node]: ⏱️  Timing: feature=27ms, inference=1938ms, total=1969ms
[doa_node-8] [INFO] [1763551818.989289562] [doa_node]: DOA угол: 210
[doa_node-8] [INFO] [1763551826.010188285] [doa_node]: DOA угол: 210
[doa_node-8] [INFO] [1763551833.019466939] [doa_node]: DOA угол: 210
[speech_to_text_node-1] [INFO] [1763551835.440874530] [speech_to_text_node]: 🎤 Распознано: 'какй методпо'
[speech_to_text_node-1] [INFO] [1763551835.444697559] [speech_to_text_node]: ⏱️  Timing: feature=27ms, inference=2209ms, total=2243ms
[doa_node-8] [INFO] [1763551840.042429713] [doa_node]: DOA угол: 209
[doa_node-8] [INFO] [1763551847.051083164] [doa_node]: DOA угол: 210
[doa_node-8] [INFO] [1763551854.057196972] [doa_node]: DOA угол: 206
[doa_node-8] [INFO] [1763551861.065573530] [doa_node]: DOA угол: 206
[doa_node-8] [INFO] [1763551868.072036390] [doa_node]: DOA угол: 208
[doa_node-8] [INFO] [1763551875.083536550] [doa_node]: DOA угол: 208
[doa_node-8] [INFO] [1763551882.106655195] [doa_node]: DOA угол: 209
[doa_node-8] [INFO] [1763551889.115380337] [doa_node]: DOA угол: 121
[doa_node-8] [INFO] [1763551896.139006912] [doa_node]: DOA угол: 270
[doa_node-8] [INFO] [1763551903.162619341] [doa_node]: DOA угол: 270
[doa_node-8] [INFO] [1763551910.170076520] [doa_node]: DOA угол: 270
[doa_node-8] [INFO] [1763551917.179626682] [doa_node]: DOA угол: 270
[doa_node-8] [INFO] [1763551924.203580349] [doa_node]: DOA угол: 270
[doa_node-8] [INFO] [1763551931.226976497] [doa_node]: DOA угол: 270
[doa_node-8] [INFO] [1763551938.235299265] [doa_node]: DOA угол: 270
[doa_node-8] [INFO] [1763551945.243750806] [doa_node]: DOA угол: 90
[doa_node-8] [INFO] [1763551952.267740442] [doa_node]: DOA угол: 85
[doa_node-8] [INFO] [1763551959.291055180] [doa_node]: DOA угол: 270
[doa_node-8] [INFO] [1763551966.298991215] [doa_node]: DOA угол: 90
[doa_node-8] [INFO] [1763551973.322401387] [doa_node]: DOA угол: 235
[recognition_node-2] [INFO] [1763551973.541461085] [recognition_node]: ⏸️ Распознавание деактивировано
[speech_to_text_node-1] [INFO] [1763551973.543216213] [speech_to_text_node]: 📡 SpeechToText выключен (TTS активен)
[recognition_node-2] [INFO] [1763551973.548123266] [recognition_node]: 🔔 Напоминание отправлено
[speech_to_text_node-1] [INFO] [1763551973.550692957] [speech_to_text_node]: 📡 SpeechToText выключен (TTS активен)
[silero_tts_node-4] [INFO] [1763551973.550846233] [silero_tts_node]: 🔇 Отключаю микрофон перед TTS
[silero_tts_node-4] [INFO] [1763551973.554102509] [silero_tts_node]: Синтез текста: Чтобы задать вопрос начните с ключевого слова Верт...
[silero_tts_node-4] [INFO] [1763551974.463264040] [silero_tts_node]: ✓ Синтез выполнен за 0.91 сек
[silero_tts_node-4] [INFO] [1763551979.052542689] [silero_tts_node]: ✓ Аудио воспроизведено успешно
[silero_tts_node-4] [INFO] [1763551979.159229183] [silero_tts_node]: 🎤 Включаю микрофон после TTS
[speech_to_text_node-1] [INFO] [1763551979.160419502] [speech_to_text_node]: 📡 SpeechToText включен
[recognition_node-2] [INFO] [1763551979.161659284] [recognition_node]: ✅ Распознавание активировано
[speech_to_text_node-1] [INFO] [1763551979.166777482] [speech_to_text_node]: 📡 SpeechToText включен
[doa_node-8] [INFO] [1763551980.332106267] [doa_node]: DOA угол: 235
[doa_node-8] [INFO] [1763551987.352189810] [doa_node]: DOA угол: 217
[speech_to_text_node-1] [INFO] [1763551987.910112058] [speech_to_text_node]: 🎤 Распознано: 'еплю'
[speech_to_text_node-1] [INFO] [1763551987.913848643] [speech_to_text_node]: ⏱️  Timing: feature=16ms, inference=791ms, total=812ms
[doa_node-8] [INFO] [1763551994.359855973] [doa_node]: DOA угол: 214
[doa_node-8] [INFO] [1763552001.371240327] [doa_node]: DOA угол: 214
[doa_node-8] [INFO] [1763552008.380346295] [doa_node]: DOA угол: 214
[doa_node-8] [INFO] [1763552015.403436649] [doa_node]: DOA угол: 214
[doa_node-8] [INFO] [1763552022.411274996] [doa_node]: DOA угол: 214
[doa_node-8] [INFO] [1763552029.418650605] [doa_node]: DOA угол: 214
[doa_node-8] [INFO] [1763552036.428410440] [doa_node]: DOA угол: 214
[doa_node-8] [INFO] [1763552043.451209661] [doa_node]: DOA угол: 214
[doa_node-8] [INFO] [1763552050.456040486] [doa_node]: DOA угол: 211
[doa_node-8] [INFO] [1763552057.465595532] [doa_node]: DOA угол: 211
[doa_node-8] [INFO] [1763552064.476222355] [doa_node]: DOA угол: 211
[doa_node-8] [INFO] [1763552071.500109124] [doa_node]: DOA угол: 211
[doa_node-8] [INFO] [1763552078.524088862] [doa_node]: DOA угол: 212
[doa_node-8] [INFO] [1763552085.550214915] [doa_node]: DOA угол: 214
[doa_node-8] [INFO] [1763552092.569693429] [doa_node]: DOA угол: 211
[doa_node-8] [INFO] [1763552099.577675200] [doa_node]: DOA угол: 211
[doa_node-8] [INFO] [1763552106.585555120] [doa_node]: DOA угол: 210
[doa_node-8] [INFO] [1763552113.593168243] [doa_node]: DOA угол: 211
[doa_node-8] [INFO] [1763552120.602297277] [doa_node]: DOA угол: 211
[doa_node-8] [INFO] [1763552127.609768642] [doa_node]: DOA угол: 212
[doa_node-8] [INFO] [1763552134.622140302] [doa_node]: DOA угол: 209
[doa_node-8] [INFO] [1763552141.641500648] [doa_node]: DOA угол: 209
[doa_node-8] [INFO] [1763552148.647999319] [doa_node]: DOA угол: 208
[speech_to_text_node-1] [INFO] [1763552149.355474679] [speech_to_text_node]: 🎤 Распознано: 'получается если вот так от него вот так вот то право'
[speech_to_text_node-1] [INFO] [1763552149.359418689] [speech_to_text_node]: ⏱️  Timing: feature=89ms, inference=9612ms, total=9707ms
[doa_node-8] [INFO] [1763552155.658542945] [doa_node]: DOA угол: 210
[recognition_node-2] [INFO] [1763552159.162163878] [recognition_node]: ⏸️ Распознавание деактивировано
[speech_to_text_node-1] [INFO] [1763552159.167221297] [speech_to_text_node]: 📡 SpeechToText выключен (TTS активен)
[recognition_node-2] [INFO] [1763552159.169196228] [recognition_node]: 🔔 Напоминание отправлено
[silero_tts_node-4] [INFO] [1763552159.171550597] [silero_tts_node]: 🔇 Отключаю микрофон перед TTS
[speech_to_text_node-1] [INFO] [1763552159.172675228] [speech_to_text_node]: 📡 SpeechToText выключен (TTS активен)
[silero_tts_node-4] [INFO] [1763552159.174548364] [silero_tts_node]: Синтез текста: Чтобы задать вопрос начните с ключевого слова Верт...
[silero_tts_node-4] [INFO] [1763552160.092171985] [silero_tts_node]: ✓ Синтез выполнен за 0.92 сек
[doa_node-8] [INFO] [1763552162.667439099] [doa_node]: DOA угол: 208
[silero_tts_node-4] [INFO] [1763552164.689404764] [silero_tts_node]: ✓ Аудио воспроизведено успешно
[silero_tts_node-4] [INFO] [1763552164.794856724] [silero_tts_node]: 🎤 Включаю микрофон после TTS
[speech_to_text_node-1] [INFO] [1763552164.795868208] [speech_to_text_node]: 📡 SpeechToText включен
[recognition_node-2] [INFO] [1763552164.796354941] [recognition_node]: ✅ Распознавание активировано
[speech_to_text_node-1] [INFO] [1763552164.802203070] [speech_to_text_node]: 📡 SpeechToText включен
[doa_node-8] [INFO] [1763552169.674761669] [doa_node]: DOA угол: 208
[speech_to_text_node-1] [WARN] [1763552175.684116290] [speech_to_text_node]: Аудио статус: input overflow
[doa_node-8] [INFO] [1763552176.681414827] [doa_node]: DOA угол: 127
[doa_node-8] [INFO] [1763552183.704504693] [doa_node]: DOA угол: 217
[doa_node-8] [INFO] [1763552190.714090761] [doa_node]: DOA угол: 216
[doa_node-8] [INFO] [1763552197.720294223] [doa_node]: DOA угол: 214
[doa_node-8] [INFO] [1763552204.728592739] [doa_node]: DOA угол: 215
[doa_node-8] [INFO] [1763552211.736333166] [doa_node]: DOA угол: 208
[doa_node-8] [INFO] [1763552218.744073630] [doa_node]: DOA угол: 213
[doa_node-8] [INFO] [1763552225.752347775] [doa_node]: DOA угол: 212
[doa_node-8] [INFO] [1763552232.760596909] [doa_node]: DOA угол: 213
[speech_to_text_node-1] [INFO] [1763552233.956812930] [speech_to_text_node]: 🎤 Распознано: 'к'
[speech_to_text_node-1] [INFO] [1763552233.962539676] [speech_to_text_node]: ⏱️  Timing: feature=32ms, inference=5900ms, total=5938ms
[speech_to_text_node-1] [INFO] [1763552238.983850656] [speech_to_text_node]: 🎤 Распознано: 'кто то создал'
[speech_to_text_node-1] [INFO] [1763552238.988128721] [speech_to_text_node]: ⏱️  Timing: feature=22ms, inference=4339ms, total=4367ms
[doa_node-8] [INFO] [1763552239.769959780] [doa_node]: DOA угол: 213
[doa_node-8] [INFO] [1763552246.777791766] [doa_node]: DOA угол: 214
[doa_node-8] [INFO] [1763552253.787974963] [doa_node]: DOA угол: 214
[doa_node-8] [INFO] [1763552260.791985225] [doa_node]: DOA угол: 214
[doa_node-8] [INFO] [1763552267.804277011] [doa_node]: DOA угол: 141
[doa_node-8] [INFO] [1763552274.827215162] [doa_node]: DOA угол: 213
[speech_to_text_node-1] [INFO] [1763552278.963412170] [speech_to_text_node]: 🎤 Распознано: 'так сейчас я маркеры переклею'
[speech_to_text_node-1] [INFO] [1763552278.967364352] [speech_to_text_node]: ⏱️  Timing: feature=29ms, inference=2912ms, total=2946ms
[doa_node-8] [INFO] [1763552281.854226156] [doa_node]: DOA угол: 218
[doa_node-8] [INFO] [1763552288.874373253] [doa_node]: DOA угол: 217
[doa_node-8] [INFO] [1763552295.884035014] [doa_node]: DOA угол: 218
[doa_node-8] [INFO] [1763552302.911022204] [doa_node]: DOA угол: 218
[speech_to_text_node-1] [INFO] [1763552304.632290190] [speech_to_text_node]: 🎤 Распознано: 'бла'
[speech_to_text_node-1] [INFO] [1763552304.636151319] [speech_to_text_node]: ⏱️  Timing: feature=20ms, inference=1737ms, total=1762ms
[doa_node-8] [INFO] [1763552309.947571113] [doa_node]: DOA угол: 214
[doa_node-8] [INFO] [1763552316.956223333] [doa_node]: DOA угол: 214
[doa_node-8] [INFO] [1763552323.979737249] [doa_node]: DOA угол: 214
[doa_node-8] [INFO] [1763552330.986920581] [doa_node]: DOA угол: 214
[speech_to_text_node-1] [INFO] [1763552335.374316282] [speech_to_text_node]: 🎤 Распознано: 'ж'
[speech_to_text_node-1] [INFO] [1763552335.378232559] [speech_to_text_node]: ⏱️  Timing: feature=36ms, inference=2913ms, total=2955ms
[doa_node-8] [INFO] [1763552337.995113902] [doa_node]: DOA угол: 329
[recognition_node-2] [INFO] [1763552344.795090751] [recognition_node]: ⏸️ Распознавание деактивировано
[speech_to_text_node-1] [INFO] [1763552344.795642466] [speech_to_text_node]: 📡 SpeechToText выключен (TTS активен)
[recognition_node-2] [INFO] [1763552344.800875372] [recognition_node]: 🔔 Напоминание отправлено
[speech_to_text_node-1] [INFO] [1763552344.809620636] [speech_to_text_node]: 📡 SpeechToText выключен (TTS активен)
[silero_tts_node-4] [INFO] [1763552344.809649284] [silero_tts_node]: 🔇 Отключаю микрофон перед TTS
[silero_tts_node-4] [INFO] [1763552344.813806372] [silero_tts_node]: Синтез текста: Чтобы задать вопрос начните с ключевого слова Верт...
[doa_node-8] [INFO] [1763552345.000578811] [doa_node]: DOA угол: 212
[silero_tts_node-4] [INFO] [1763552346.992883709] [silero_tts_node]: ✓ Синтез выполнен за 2.18 сек
[silero_tts_node-4] [INFO] [1763552351.629783147] [silero_tts_node]: ✓ Аудио воспроизведено успешно
[silero_tts_node-4] [INFO] [1763552351.736592104] [silero_tts_node]: 🎤 Включаю микрофон после TTS
[speech_to_text_node-1] [INFO] [1763552351.738708482] [speech_to_text_node]: 📡 SpeechToText включен
[recognition_node-2] [INFO] [1763552351.739105272] [recognition_node]: ✅ Распознавание активировано
[speech_to_text_node-1] [INFO] [1763552351.747917980] [speech_to_text_node]: 📡 SpeechToText включен
[doa_node-8] [INFO] [1763552352.011101577] [doa_node]: DOA угол: 339
[doa_node-8] [INFO] [1763552359.018953396] [doa_node]: DOA угол: 202
[doa_node-8] [INFO] [1763552366.024850673] [doa_node]: DOA угол: 196
[doa_node-8] [INFO] [1763552373.032291740] [doa_node]: DOA угол: 197
[doa_node-8] [INFO] [1763552380.045096498] [doa_node]: DOA угол: 191
[doa_node-8] [INFO] [1763552387.067777840] [doa_node]: DOA угол: 205
[doa_node-8] [INFO] [1763552394.075178408] [doa_node]: DOA угол: 210
[doa_node-8] [INFO] [1763552401.084224809] [doa_node]: DOA угол: 34
[doa_node-8] [INFO] [1763552408.108428568] [doa_node]: DOA угол: 270
[doa_node-8] [INFO] [1763552415.117409679] [doa_node]: DOA угол: 18
[doa_node-8] [INFO] [1763552422.127129632] [doa_node]: DOA угол: 90
[doa_node-8] [INFO] [1763552429.146999847] [doa_node]: DOA угол: 271
[doa_node-8] [INFO] [1763552436.155472598] [doa_node]: DOA угол: 270
[doa_node-8] [INFO] [1763552443.163344006] [doa_node]: DOA угол: 270
[doa_node-8] [INFO] [1763552450.172957903] [doa_node]: DOA угол: 90
[doa_node-8] [INFO] [1763552457.196466635] [doa_node]: DOA угол: 90
[doa_node-8] [INFO] [1763552464.220401735] [doa_node]: DOA угол: 270
[doa_node-8] [INFO] [1763552471.230491335] [doa_node]: DOA угол: 214
[doa_node-8] [INFO] [1763552478.250614567] [doa_node]: DOA угол: 236
[speech_to_text_node-1] [INFO] [1763552484.061615407] [speech_to_text_node]: 🎤 Распознано: 'инкодоры нет они же показывают'
[speech_to_text_node-1] [INFO] [1763552484.065818387] [speech_to_text_node]: ⏱️  Timing: feature=75ms, inference=8461ms, total=8542ms
[doa_node-8] [INFO] [1763552485.256776735] [doa_node]: DOA угол: 217
[doa_node-8] [INFO] [1763552492.284704346] [doa_node]: DOA угол: 237
[doa_node-8] [INFO] [1763552499.307952034] [doa_node]: DOA угол: 90
[doa_node-8] [INFO] [1763552506.317634895] [doa_node]: DOA угол: 247
[doa_node-8] [INFO] [1763552513.337583454] [doa_node]: DOA угол: 239
[doa_node-8] [INFO] [1763552520.347464017] [doa_node]: DOA угол: 235
[speech_to_text_node-1] [INFO] [1763552521.883824749] [speech_to_text_node]: 🎤 Распознано: 'давай сейчас протестируем по отдельности каждое колесо по одному обороту'
[speech_to_text_node-1] [INFO] [1763552521.887862417] [speech_to_text_node]: ⏱️  Timing: feature=84ms, inference=9224ms, total=9314ms
[doa_node-8] [INFO] [1763552527.359186513] [doa_node]: DOA угол: 217
[recognition_node-2] [INFO] [1763552531.740168105] [recognition_node]: ⏸️ Распознавание деактивировано
[speech_to_text_node-1] [INFO] [1763552531.742375483] [speech_to_text_node]: 📡 SpeechToText выключен (TTS активен)
[recognition_node-2] [INFO] [1763552531.747174678] [recognition_node]: 🔔 Напоминание отправлено
[silero_tts_node-4] [INFO] [1763552531.750102712] [silero_tts_node]: 🔇 Отключаю микрофон перед TTS
[speech_to_text_node-1] [INFO] [1763552531.751061348] [speech_to_text_node]: 📡 SpeechToText выключен (TTS активен)
[silero_tts_node-4] [INFO] [1763552531.753266744] [silero_tts_node]: Синтез текста: Чтобы задать вопрос начните с ключевого слова Верт...
[silero_tts_node-4] [INFO] [1763552532.683458125] [silero_tts_node]: ✓ Синтез выполнен за 0.93 сек
[doa_node-8] [INFO] [1763552534.382057311] [doa_node]: DOA угол: 235
[silero_tts_node-4] [INFO] [1763552537.270694594] [silero_tts_node]: ✓ Аудио воспроизведено успешно
[recognition_node-2] [INFO] [1763552537.376914520] [recognition_node]: ✅ Распознавание активировано
[speech_to_text_node-1] [INFO] [1763552537.377015148] [speech_to_text_node]: 📡 SpeechToText включен
[silero_tts_node-4] [INFO] [1763552537.377369754] [silero_tts_node]: 🎤 Включаю микрофон после TTS
[speech_to_text_node-1] [INFO] [1763552537.384305587] [speech_to_text_node]: 📡 SpeechToText включен
[doa_node-8] [INFO] [1763552541.388324466] [doa_node]: DOA угол: 232
[doa_node-8] [INFO] [1763552548.397501822] [doa_node]: DOA угол: 217
[doa_node-8] [INFO] [1763552555.419283319] [doa_node]: DOA угол: 218
[doa_node-8] [INFO] [1763552562.425880068] [doa_node]: DOA угол: 234
[speech_to_text_node-1] [INFO] [1763552566.047794132] [speech_to_text_node]: 🎤 Распознано: 'по одному попробовать один оборот правого колеса протестить как он будет точно сделает он не сделает его и один оборот левого колеса'
[speech_to_text_node-1] [INFO] [1763552566.051909558] [speech_to_text_node]: ⏱️  Timing: feature=100ms, inference=12721ms, total=12828ms
[doa_node-8] [INFO] [1763552569.435331599] [doa_node]: DOA угол: 114
[doa_node-8] [INFO] [1763552576.444347157] [doa_node]: DOA угол: 234
[doa_node-8] [INFO] [1763552583.452857851] [doa_node]: DOA угол: 90
[speech_to_text_node-1] [INFO] [1763552587.595639397] [speech_to_text_node]: 🎤 Распознано: 'что попробуем'
[speech_to_text_node-1] [INFO] [1763552587.599585678] [speech_to_text_node]: ⏱️  Timing: feature=21ms, inference=1501ms, total=1527ms
[doa_node-8] [INFO] [1763552590.459033720] [doa_node]: DOA угол: 270
[doa_node-8] [INFO] [1763552597.467727659] [doa_node]: DOA угол: 217
[doa_node-8] [INFO] [1763552604.492461522] [doa_node]: DOA угол: 141
[doa_node-8] [INFO] [1763552611.501737039] [doa_node]: DOA угол: 217
[doa_node-8] [INFO] [1763552618.507648009] [doa_node]: DOA угол: 98
[doa_node-8] [INFO] [1763552625.515033217] [doa_node]: DOA угол: 211
[speech_to_text_node-1] [INFO] [1763552631.628093511] [speech_to_text_node]: 🎤 Распознано: 'мониторнаписать просто один этот один оборот одного мотораножеум'
[speech_to_text_node-1] [INFO] [1763552631.632185291] [speech_to_text_node]: ⏱️  Timing: feature=125ms, inference=14379ms, total=14510ms
[doa_node-8] [INFO] [1763552632.521933593] [doa_node]: DOA угол: 211
[doa_node-8] [INFO] [1763552639.529782190] [doa_node]: DOA угол: 210
[doa_node-8] [INFO] [1763552646.537896495] [doa_node]: DOA угол: 209
[speech_to_text_node-1] [INFO] [1763552647.088895337] [speech_to_text_node]: 🎤 Распознано: 'что еще раз'
[speech_to_text_node-1] [INFO] [1763552647.092874192] [speech_to_text_node]: ⏱️  Timing: feature=33ms, inference=3658ms, total=4170ms
[doa_node-8] [INFO] [1763552653.549631683] [doa_node]: DOA угол: 326
[doa_node-8] [INFO] [1763552660.569579044] [doa_node]: DOA угол: 210
[doa_node-8] [INFO] [1763552667.583246006] [doa_node]: DOA угол: 208
[doa_node-8] [INFO] [1763552674.606590654] [doa_node]: DOA угол: 210
[doa_node-8] [INFO] [1763552681.615063826] [doa_node]: DOA угол: 210
[doa_node-8] [INFO] [1763552688.637276791] [doa_node]: DOA угол: 208
[doa_node-8] [INFO] [1763552695.645359192] [doa_node]: DOA угол: 209
[doa_node-8] [INFO] [1763552702.666366523] [doa_node]: DOA угол: 209
[doa_node-8] [INFO] [1763552709.673685889] [doa_node]: DOA угол: 209
[doa_node-8] [INFO] [1763552716.682172132] [doa_node]: DOA угол: 210
[recognition_node-2] [INFO] [1763552717.376719929] [recognition_node]: ⏸️ Распознавание деактивировано
[speech_to_text_node-1] [INFO] [1763552717.378108393] [speech_to_text_node]: 📡 SpeechToText выключен (TTS активен)
[recognition_node-2] [INFO] [1763552717.380479473] [recognition_node]: 🔔 Напоминание отправлено
[speech_to_text_node-1] [INFO] [1763552717.396537467] [speech_to_text_node]: 📡 SpeechToText выключен (TTS активен)
[silero_tts_node-4] [INFO] [1763552717.397006461] [silero_tts_node]: 🔇 Отключаю микрофон перед TTS
[silero_tts_node-4] [INFO] [1763552717.400183475] [silero_tts_node]: Синтез текста: Чтобы задать вопрос начните с ключевого слова Верт...
[silero_tts_node-4] [INFO] [1763552719.214485031] [silero_tts_node]: ✓ Синтез выполнен за 1.81 сек
[doa_node-8] [INFO] [1763552723.690267768] [doa_node]: DOA угол: 210
[silero_tts_node-4] [INFO] [1763552723.840961972] [silero_tts_node]: ✓ Аудио воспроизведено успешно
[silero_tts_node-4] [INFO] [1763552723.945257410] [silero_tts_node]: 🎤 Включаю микрофон после TTS
[speech_to_text_node-1] [INFO] [1763552723.945282576] [speech_to_text_node]: 📡 SpeechToText включен
[recognition_node-2] [INFO] [1763552723.950849429] [recognition_node]: ✅ Распознавание активировано
[speech_to_text_node-1] [INFO] [1763552723.956172749] [speech_to_text_node]: 📡 SpeechToText включен
[speech_to_text_node-1] [INFO] [1763552728.414453042] [speech_to_text_node]: 🎤 Распознано: 'не подожди я вообще не понимаю что происходита то что он показывает кирилл вот угол постоянный тысяча четыреста пятьдесят шесть это это из за скетча'
[speech_to_text_node-1] [INFO] [1763552728.419749566] [speech_to_text_node]: ⏱️  Timing: feature=254ms, inference=32284ms, total=32546ms
[doa_node-8] [INFO] [1763552730.698028500] [doa_node]: DOA угол: 210
[doa_node-8] [INFO] [1763552737.709520957] [doa_node]: DOA угол: 210
[speech_to_text_node-1] [INFO] [1763552741.902489435] [speech_to_text_node]: 🎤 Распознано: 'так одиним наро'
[speech_to_text_node-1] [INFO] [1763552741.906661769] [speech_to_text_node]: ⏱️  Timing: feature=25ms, inference=1901ms, total=1932ms
[doa_node-8] [INFO] [1763552744.733248528] [doa_node]: DOA угол: 209
[doa_node-8] [INFO] [1763552751.741584791] [doa_node]: DOA угол: 210
[doa_node-8] [INFO] [1763552758.762116776] [doa_node]: DOA угол: 208
[speech_to_text_node-1] [INFO] [1763552758.914878794] [speech_to_text_node]: 🎤 Распознано: 'двигается'
[speech_to_text_node-1] [INFO] [1763552758.919022147] [speech_to_text_node]: ⏱️  Timing: feature=36ms, inference=2853ms, total=2894ms
[speech_to_text_node-1] [INFO] [1763552765.143520743] [speech_to_text_node]: 🎤 Распознано: 'но это тое выглас'
[speech_to_text_node-1] [INFO] [1763552765.147610375] [speech_to_text_node]: ⏱️  Timing: feature=28ms, inference=2340ms, total=2373ms
[doa_node-8] [INFO] [1763552765.773372870] [doa_node]: DOA угол: 329
[speech_to_text_node-1] [INFO] [1763552768.891884321] [speech_to_text_node]: 🎤 Распознано: 'ну или он просто крутитсяда'
[speech_to_text_node-1] [INFO] [1763552768.896335781] [speech_to_text_node]: ⏱️  Timing: feature=31ms, inference=2486ms, total=2523ms
[speech_to_text_node-1] [INFO] [1763552770.417673669] [speech_to_text_node]: 🎤 Распознано: 'р'
[speech_to_text_node-1] [INFO] [1763552770.427979480] [speech_to_text_node]: ⏱️  Timing: feature=13ms, inference=1495ms, total=1797ms
[doa_node-8] [INFO] [1763552772.797847373] [doa_node]: DOA угол: 210
[speech_to_text_node-1] [INFO] [1763552777.458390613] [speech_to_text_node]: 🎤 Распознано: 'а давай попробуемвот может вот этот нош танет отим'
[speech_to_text_node-1] [INFO] [1763552777.462426505] [speech_to_text_node]: ⏱️  Timing: feature=38ms, inference=3244ms, total=3287ms
[speech_to_text_node-1] [INFO] [1763552778.764840411] [speech_to_text_node]: 🎤 Распознано: 'старый мнадойвой пясот один'
[speech_to_text_node-1] [INFO] [1763552778.768724713] [speech_to_text_node]: ⏱️  Timing: feature=14ms, inference=1284ms, total=2645ms
[doa_node-8] [INFO] [1763552779.817845050] [doa_node]: DOA угол: 212
[doa_node-8] [INFO] [1763552786.830402381] [doa_node]: DOA угол: 211
[doa_node-8] [INFO] [1763552793.854183327] [doa_node]: DOA угол: 212
[doa_node-8] [INFO] [1763552800.859696009] [doa_node]: DOA угол: 211
[doa_node-8] [INFO] [1763552807.866528320] [doa_node]: DOA угол: 212
[speech_to_text_node-1] [INFO] [1763552811.110985404] [speech_to_text_node]: 🎤 Распознано: 'ппрооситьв жл'
[speech_to_text_node-1] [INFO] [1763552811.114924261] [speech_to_text_node]: ⏱️  Timing: feature=122ms, inference=13412ms, total=13540ms
[doa_node-8] [INFO] [1763552814.873800455] [doa_node]: DOA угол: 212
[doa_node-8] [INFO] [1763552821.883592052] [doa_node]: DOA угол: 212
[doa_node-8] [INFO] [1763552828.896123330] [doa_node]: DOA угол: 213
[doa_node-8] [INFO] [1763552835.914404231] [doa_node]: DOA угол: 210
[speech_to_text_node-1] [INFO] [1763552840.154690997] [speech_to_text_node]: 🎤 Распознано: 'не почему правильно он крутится'
[speech_to_text_node-1] [INFO] [1763552840.159577878] [speech_to_text_node]: ⏱️  Timing: feature=54ms, inference=5322ms, total=5384ms
[doa_node-8] [INFO] [1763552842.925166645] [doa_node]: DOA угол: 211
[doa_node-8] [INFO] [1763552849.930167882] [doa_node]: DOA угол: 212
[speech_to_text_node-1] [INFO] [1763552851.085499336] [speech_to_text_node]: 🎤 Распознано: 'не делать больше одного оборота'
[speech_to_text_node-1] [INFO] [1763552851.090287552] [speech_to_text_node]: ⏱️  Timing: feature=65ms, inference=6643ms, total=6715ms
[doa_node-8] [INFO] [1763552856.942274758] [doa_node]: DOA угол: 211
[doa_node-8] [INFO] [1763552863.951162125] [doa_node]: DOA угол: 209
[doa_node-8] [INFO] [1763552870.973134125] [doa_node]: DOA угол: 211
[doa_node-8] [INFO] [1763552877.981921798] [doa_node]: DOA угол: 208
[speech_to_text_node-1] [WARN] [1763552884.745221017] [speech_to_text_node]: Аудио статус: input overflow
[doa_node-8] [INFO] [1763552884.988648852] [doa_node]: DOA угол: 209
[doa_node-8] [INFO] [1763552892.000344214] [doa_node]: DOA угол: 209
[doa_node-8] [INFO] [1763552899.021302439] [doa_node]: DOA угол: 207
[recognition_node-2] [INFO] [1763552903.951127652] [recognition_node]: ⏸️ Распознавание деактивировано
[speech_to_text_node-1] [INFO] [1763552903.951910864] [speech_to_text_node]: 📡 SpeechToText выключен (TTS активен)
[recognition_node-2] [INFO] [1763552903.955379227] [recognition_node]: 🔔 Напоминание отправлено
[speech_to_text_node-1] [INFO] [1763552903.960655844] [speech_to_text_node]: 📡 SpeechToText выключен (TTS активен)
[silero_tts_node-4] [INFO] [1763552903.961193023] [silero_tts_node]: 🔇 Отключаю микрофон перед TTS
[silero_tts_node-4] [INFO] [1763552903.963917988] [silero_tts_node]: Синтез текста: Чтобы задать вопрос начните с ключевого слова Верт...
[silero_tts_node-4] [INFO] [1763552905.801732825] [silero_tts_node]: ✓ Синтез выполнен за 1.84 сек
[speech_to_text_node-1] [INFO] [1763552906.015980871] [speech_to_text_node]: ⏱️  Timing: feature=174ms, inference=22463ms, total=22640ms
[doa_node-8] [INFO] [1763552906.026106501] [doa_node]: DOA угол: 210
[speech_to_text_node-1] [INFO] [1763552908.490030232] [speech_to_text_node]: ⏱️  Timing: feature=23ms, inference=2445ms, total=20440ms
[silero_tts_node-4] [INFO] [1763552910.439528124] [silero_tts_node]: ✓ Аудио воспроизведено успешно
[silero_tts_node-4] [INFO] [1763552910.546881431] [silero_tts_node]: 🎤 Включаю микрофон после TTS
[recognition_node-2] [INFO] [1763552910.548731834] [recognition_node]: ✅ Распознавание активировано
[speech_to_text_node-1] [INFO] [1763552910.549248271] [speech_to_text_node]: 📡 SpeechToText включен
[speech_to_text_node-1] [INFO] [1763552910.555897242] [speech_to_text_node]: 📡 SpeechToText включен
[doa_node-8] [INFO] [1763552913.036700523] [doa_node]: DOA угол: 207
[doa_node-8] [INFO] [1763552920.045403235] [doa_node]: DOA угол: 212
[doa_node-8] [INFO] [1763552927.050435285] [doa_node]: DOA угол: 212
[speech_to_text_node-1] [INFO] [1763552931.422210413] [speech_to_text_node]: 🎤 Распознано: 'ну хотя бы видночт'
[speech_to_text_node-1] [INFO] [1763552931.426081234] [speech_to_text_node]: ⏱️  Timing: feature=63ms, inference=6713ms, total=6781ms
[doa_node-8] [INFO] [1763552934.058198519] [doa_node]: DOA угол: 212
[doa_node-8] [INFO] [1763552941.069691774] [doa_node]: DOA угол: 212
[doa_node-8] [INFO] [1763552948.078632000] [doa_node]: DOA угол: 212
[speech_to_text_node-1] [INFO] [1763552952.762684576] [speech_to_text_node]: 🎤 Распознано: 'ой'
[speech_to_text_node-1] [INFO] [1763552952.766614952] [speech_to_text_node]: ⏱️  Timing: feature=16ms, inference=799ms, total=821ms
[doa_node-8] [INFO] [1763552955.101850647] [doa_node]: DOA угол: 213
[doa_node-8] [INFO] [1763552962.110542694] [doa_node]: DOA угол: 213
[doa_node-8] [INFO] [1763552969.117334850] [doa_node]: DOA угол: 211
[speech_to_text_node-1] [INFO] [1763552970.483192117] [speech_to_text_node]: 🎤 Распознано: 'угу есть'
[speech_to_text_node-1] [INFO] [1763552970.487109770] [speech_to_text_node]: ⏱️  Timing: feature=26ms, inference=2010ms, total=2041ms
[doa_node-8] [INFO] [1763552976.126574188] [doa_node]: DOA угол: 326
[doa_node-8] [INFO] [1763552983.146317696] [doa_node]: DOA угол: 213
[doa_node-8] [INFO] [1763552990.155045723] [doa_node]: DOA угол: 211
[speech_to_text_node-1] [INFO] [1763552990.944977829] [speech_to_text_node]: 🎤 Распознано: 'стой подожди давай сейчас еще раз протестим я маркеры точно расставлю и мы сейчас посмотрим с одинаковой скоростьюнифигач'
[speech_to_text_node-1] [INFO] [1763552990.949018444] [speech_to_text_node]: ⏱️  Timing: feature=88ms, inference=9358ms, total=9454ms
[speech_to_text_node-1] [INFO] [1763552992.782501509] [speech_to_text_node]: 🎤 Распознано: 'прям та как так'
[speech_to_text_node-1] [INFO] [1763552992.787000914] [speech_to_text_node]: ⏱️  Timing: feature=16ms, inference=1811ms, total=8743ms
[speech_to_text_node-1] [INFO] [1763552994.149874792] [speech_to_text_node]: 🎤 Распознано: 'что еще раз'
[speech_to_text_node-1] [INFO] [1763552994.153728928] [speech_to_text_node]: ⏱️  Timing: feature=13ms, inference=1345ms, total=6802ms
[speech_to_text_node-1] [INFO] [1763552996.283628115] [speech_to_text_node]: 🎤 Распознано: 'тв'
[speech_to_text_node-1] [INFO] [1763552996.287458177] [speech_to_text_node]: ⏱️  Timing: feature=20ms, inference=2105ms, total=5785ms
[doa_node-8] [INFO] [1763552997.165015889] [doa_node]: DOA угол: 210
[doa_node-8] [INFO] [1763553004.170320843] [doa_node]: DOA угол: 211
[speech_to_text_node-1] [INFO] [1763553005.954198943] [speech_to_text_node]: 🎤 Распознано: 'да я понял ну мы просто одновременно тогда не запускали оба'
[speech_to_text_node-1] [INFO] [1763553005.958137763] [speech_to_text_node]: ⏱️  Timing: feature=53ms, inference=5506ms, total=5565ms
[speech_to_text_node-1] [INFO] [1763553007.701143701] [speech_to_text_node]: 🎤 Распознано: 'так подожди лючене много'
[speech_to_text_node-1] [INFO] [1763553007.705011837] [speech_to_text_node]: ⏱️  Timing: feature=14ms, inference=1723ms, total=3551ms
[doa_node-8] [INFO] [1763553011.183830550] [doa_node]: DOA угол: 206
[doa_node-8] [INFO] [1763553018.203333796] [doa_node]: DOA угол: 211
[speech_to_text_node-1] [INFO] [1763553022.616757595] [speech_to_text_node]: 🎤 Распознано: 'иу нас сейчас крутятся оба колеса запусти пожалуйста вот еще раз просто для теста'
[speech_to_text_node-1] [INFO] [1763553022.620716470] [speech_to_text_node]: ⏱️  Timing: feature=69ms, inference=7151ms, total=7226ms
[doa_node-8] [INFO] [1763553025.213992827] [doa_node]: DOA угол: 211
[doa_node-8] [INFO] [1763553032.219118654] [doa_node]: DOA угол: 211
[speech_to_text_node-1] [INFO] [1763553036.683027725] [speech_to_text_node]: 🎤 Распознано: 'ну нет получается нифига неровно это он проезжает сильно'
[speech_to_text_node-1] [INFO] [1763553036.687076673] [speech_to_text_node]: ⏱️  Timing: feature=48ms, inference=4586ms, total=4642ms
[doa_node-8] [INFO] [1763553039.232987465] [doa_node]: DOA угол: 207
[doa_node-8] [INFO] [1763553046.253085051] [doa_node]: DOA угол: 211
[speech_to_text_node-1] [INFO] [1763553051.161092225] [speech_to_text_node]: 🎤 Распознано: 'нет он проехал насейчас сантиметров на пять минимум даже больше'
[speech_to_text_node-1] [INFO] [1763553051.165259875] [speech_to_text_node]: ⏱️  Timing: feature=70ms, inference=7044ms, total=7119ms
[doa_node-8] [INFO] [1763553053.262866507] [doa_node]: DOA угол: 210
[doa_node-8] [INFO] [1763553060.271162871] [doa_node]: DOA угол: 209
[doa_node-8] [INFO] [1763553067.280768858] [doa_node]: DOA угол: 327
[doa_node-8] [INFO] [1763553074.304186767] [doa_node]: DOA угол: 210
[doa_node-8] [INFO] [1763553081.328124234] [doa_node]: DOA угол: 211
[doa_node-8] [INFO] [1763553088.372002271] [doa_node]: DOA угол: 210
[recognition_node-2] [INFO] [1763553090.545755204] [recognition_node]: ⏸️ Распознавание деактивировано
[speech_to_text_node-1] [INFO] [1763553090.546314640] [speech_to_text_node]: 📡 SpeechToText выключен (TTS активен)
[recognition_node-2] [INFO] [1763553090.553289891] [recognition_node]: 🔔 Напоминание отправлено
[speech_to_text_node-1] [INFO] [1763553090.572233025] [speech_to_text_node]: 📡 SpeechToText выключен (TTS активен)
[silero_tts_node-4] [INFO] [1763553090.578896188] [silero_tts_node]: 🔇 Отключаю микрофон перед TTS
[silero_tts_node-4] [INFO] [1763553090.584757714] [silero_tts_node]: Синтез текста: Чтобы задать вопрос начните с ключевого слова Верт...
[silero_tts_node-4] [INFO] [1763553092.789260014] [silero_tts_node]: ✓ Синтез выполнен за 2.20 сек
[doa_node-8] [INFO] [1763553095.391847068] [doa_node]: DOA угол: 209
[silero_tts_node-4] [INFO] [1763553097.442388657] [silero_tts_node]: ✓ Аудио воспроизведено успешно
[silero_tts_node-4] [INFO] [1763553097.546061236] [silero_tts_node]: 🎤 Включаю микрофон после TTS
[recognition_node-2] [INFO] [1763553097.546494101] [recognition_node]: ✅ Распознавание активировано
[speech_to_text_node-1] [INFO] [1763553097.546632858] [speech_to_text_node]: 📡 SpeechToText включен
[speech_to_text_node-1] [INFO] [1763553097.550603208] [speech_to_text_node]: 📡 SpeechToText включен
[doa_node-8] [INFO] [1763553102.399285342] [doa_node]: DOA угол: 330
[doa_node-8] [INFO] [1763553109.404863847] [doa_node]: DOA угол: 212
[doa_node-8] [INFO] [1763553116.413494565] [doa_node]: DOA угол: 207
[speech_to_text_node-1] [INFO] [1763553121.434606664] [speech_to_text_node]: 🎤 Распознано: 'так вот вот я про это то и говорю что это может же быть не в одном скетче дело не причем левое то колесо правильно проехало а правое сильно далеко дальше уехало с однимну крутятся то сейчас обакирилл сейчас получается крутится левая оба колеса оба они крутятся'
[speech_to_text_node-1] [INFO] [1763553121.438844010] [speech_to_text_node]: ⏱️  Timing: feature=261ms, inference=33623ms, total=33893ms
[speech_to_text_node-1] [INFO] [1763553123.417699139] [speech_to_text_node]: 🎤 Распознано: 'программа только'
[doa_node-8] [INFO] [1763553123.418952640] [doa_node]: DOA угол: 209
[speech_to_text_node-1] [INFO] [1763553123.422756456] [speech_to_text_node]: ⏱️  Timing: feature=19ms, inference=1951ms, total=32870ms
[doa_node-8] [INFO] [1763553130.426796526] [doa_node]: DOA угол: 210
[speech_to_text_node-1] [INFO] [1763553136.600038344] [speech_to_text_node]: 🎤 Распознано: 'считывается тот который на левом колесе или тот который на правом если это на левом то в целом правильно если правый то где это вранье'
[speech_to_text_node-1] [INFO] [1763553136.604000472] [speech_to_text_node]: ⏱️  Timing: feature=108ms, inference=13062ms, total=20998ms
[doa_node-8] [INFO] [1763553137.435386116] [doa_node]: DOA угол: 211
[speech_to_text_node-1] [INFO] [1763553143.810959202] [speech_to_text_node]: 🎤 Распознано: 'так вот это другой разговор как говорится'
[speech_to_text_node-1] [INFO] [1763553143.814799721] [speech_to_text_node]: ⏱️  Timing: feature=64ms, inference=7137ms, total=17561ms
[doa_node-8] [INFO] [1763553144.442949267] [doa_node]: DOA угол: 212
[doa_node-8] [INFO] [1763553151.455122081] [doa_node]: DOA угол: 212
[doa_node-8] [INFO] [1763553158.478135134] [doa_node]: DOA угол: 212
[doa_node-8] [INFO] [1763553165.488237431] [doa_node]: DOA угол: 212
[doa_node-8] [INFO] [1763553172.510365909] [doa_node]: DOA угол: 210
[doa_node-8] [INFO] [1763553179.521352639] [doa_node]: DOA угол: 210
[doa_node-8] [INFO] [1763553186.542303115] [doa_node]: DOA угол: 208
[doa_node-8] [INFO] [1763553193.547257128] [doa_node]: DOA угол: 210
[speech_to_text_node-1] [INFO] [1763553200.454389092] [speech_to_text_node]: 🎤 Распознано: 'нет тогда да тогда все правильно для левого колеса вот сейчас то что оба колеса крутились левая проехала ровно четко а правое да профигачила'
[speech_to_text_node-1] [INFO] [1763553200.458342481] [speech_to_text_node]: ⏱️  Timing: feature=131ms, inference=14675ms, total=14813ms
[doa_node-8] [INFO] [1763553200.562123699] [doa_node]: DOA угол: 209
[doa_node-8] [INFO] [1763553207.579246842] [doa_node]: DOA угол: 209
[speech_to_text_node-1] [INFO] [1763553210.286042449] [speech_to_text_node]: 🎤 Распознано: 'так это вот сейчас будет сложно узнать там в корпусе не виднодавай'
[speech_to_text_node-1] [INFO] [1763553210.290517330] [speech_to_text_node]: ⏱️  Timing: feature=78ms, inference=9744ms, total=11288ms
[doa_node-8] [INFO] [1763553214.591351751] [doa_node]: DOA угол: 209
[doa_node-8] [INFO] [1763553221.614267793] [doa_node]: DOA угол: 209
[doa_node-8] [INFO] [1763553228.622358255] [doa_node]: DOA угол: 209
[doa_node-8] [INFO] [1763553235.630697884] [doa_node]: DOA угол: 209
[doa_node-8] [INFO] [1763553242.638509728] [doa_node]: DOA угол: 209
[doa_node-8] [INFO] [1763553249.646637402] [doa_node]: DOA угол: 209
[speech_to_text_node-1] [INFO] [1763553256.547258823] [speech_to_text_node]: 🎤 Распознано: 'да ни не подключины просто'
[speech_to_text_node-1] [INFO] [1763553256.551126602] [speech_to_text_node]: ⏱️  Timing: feature=29ms, inference=2920ms, total=2954ms
[doa_node-8] [INFO] [1763553256.654415840] [doa_node]: DOA угол: 208
[speech_to_text_node-1] [INFO] [1763553262.958801672] [speech_to_text_node]: 🎤 Распознано: 'л'
[speech_to_text_node-1] [INFO] [1763553262.963028021] [speech_to_text_node]: ⏱️  Timing: feature=24ms, inference=1687ms, total=1716ms
[doa_node-8] [INFO] [1763553263.660862962] [doa_node]: DOA угол: 209
[doa_node-8] [INFO] [1763553270.669340201] [doa_node]: DOA угол: 210
[speech_to_text_node-1] [INFO] [1763553271.702846595] [speech_to_text_node]: 🎤 Распознано: 'так вы'
[speech_to_text_node-1] [INFO] [1763553271.706923889] [speech_to_text_node]: ⏱️  Timing: feature=21ms, inference=1433ms, total=1461ms
[recognition_node-2] [INFO] [1763553277.551385126] [recognition_node]: ⏸️ Распознавание деактивировано
[speech_to_text_node-1] [INFO] [1763553277.552533870] [speech_to_text_node]: 📡 SpeechToText выключен (TTS активен)
[recognition_node-2] [INFO] [1763553277.559907193] [recognition_node]: 🔔 Напоминание отправлено
[speech_to_text_node-1] [INFO] [1763553277.560225503] [speech_to_text_node]: 📡 SpeechToText выключен (TTS активен)
[silero_tts_node-4] [INFO] [1763553277.561304266] [silero_tts_node]: 🔇 Отключаю микрофон перед TTS
[silero_tts_node-4] [INFO] [1763553277.564734162] [silero_tts_node]: Синтез текста: Чтобы задать вопрос начните с ключевого слова Верт...
[doa_node-8] [INFO] [1763553277.675582708] [doa_node]: DOA угол: 210
[silero_tts_node-4] [INFO] [1763553278.506199966] [silero_tts_node]: ✓ Синтез выполнен за 0.94 сек
[silero_tts_node-4] [INFO] [1763553283.089259860] [silero_tts_node]: ✓ Аудио воспроизведено успешно
[speech_to_text_node-1] [INFO] [1763553283.197468240] [speech_to_text_node]: 📡 SpeechToText включен
[silero_tts_node-4] [INFO] [1763553283.197511499] [silero_tts_node]: 🎤 Включаю микрофон после TTS
[recognition_node-2] [INFO] [1763553283.198412060] [recognition_node]: ✅ Распознавание активировано
[speech_to_text_node-1] [INFO] [1763553283.205691866] [speech_to_text_node]: 📡 SpeechToText включен
[doa_node-8] [INFO] [1763553284.686486513] [doa_node]: DOA угол: 211
[doa_node-8] [INFO] [1763553291.694123709] [doa_node]: DOA угол: 211
[doa_node-8] [INFO] [1763553298.699642611] [doa_node]: DOA угол: 209
[doa_node-8] [INFO] [1763553305.707503562] [doa_node]: DOA угол: 212
[speech_to_text_node-1] [INFO] [1763553309.409572490] [speech_to_text_node]: 🎤 Распознано: 'у меня правая крутится'
[speech_to_text_node-1] [INFO] [1763553309.413713395] [speech_to_text_node]: ⏱️  Timing: feature=17ms, inference=1673ms, total=8259ms
[doa_node-8] [INFO] [1763553312.717446955] [doa_node]: DOA угол: 212
[doa_node-8] [INFO] [1763553319.727405427] [doa_node]: DOA угол: 212
[speech_to_text_node-1] [INFO] [1763553322.349969185] [speech_to_text_node]: 🎤 Распознано: 'а'
[speech_to_text_node-1] [INFO] [1763553322.354440863] [speech_to_text_node]: ⏱️  Timing: feature=14ms, inference=1087ms, total=1107ms
[doa_node-8] [INFO] [1763553326.751234489] [doa_node]: DOA угол: 211
[doa_node-8] [INFO] [1763553333.776367796] [doa_node]: DOA угол: 211
[doa_node-8] [INFO] [1763553340.799440022] [doa_node]: DOA угол: 210
[doa_node-8] [INFO] [1763553347.821057936] [doa_node]: DOA угол: 210
[doa_node-8] [INFO] [1763553354.831250914] [doa_node]: DOA угол: 210
[doa_node-8] [INFO] [1763553361.854813262] [doa_node]: DOA угол: 210
[doa_node-8] [INFO] [1763553368.863253204] [doa_node]: DOA угол: 208
[doa_node-8] [INFO] [1763553375.871228147] [doa_node]: DOA угол: 208
[doa_node-8] [INFO] [1763553382.879421230] [doa_node]: DOA угол: 208
[doa_node-8] [INFO] [1763553389.883941190] [doa_node]: DOA угол: 208
[doa_node-8] [INFO] [1763553396.895622358] [doa_node]: DOA угол: 209
[doa_node-8] [INFO] [1763553403.917896520] [doa_node]: DOA угол: 211
[speech_to_text_node-1] [INFO] [1763553407.757094551] [speech_to_text_node]: 🎤 Распознано: 'ондр'
[speech_to_text_node-1] [INFO] [1763553407.761025997] [speech_to_text_node]: ⏱️  Timing: feature=39ms, inference=3520ms, total=3564ms
[doa_node-8] [INFO] [1763553410.923439290] [doa_node]: DOA угол: 210
[doa_node-8] [INFO] [1763553417.933904148] [doa_node]: DOA угол: 209
[doa_node-8] [INFO] [1763553424.944025350] [doa_node]: DOA угол: 210
[doa_node-8] [INFO] [1763553431.951288818] [doa_node]: DOA угол: 211
[doa_node-8] [INFO] [1763553438.957584340] [doa_node]: DOA угол: 211
[doa_node-8] [INFO] [1763553445.964183989] [doa_node]: DOA угол: 211
[speech_to_text_node-1] [INFO] [1763553450.479967510] [speech_to_text_node]: 🎤 Распознано: 'металлическая кружка прямо около самого священногоус эдрайвера'
[speech_to_text_node-1] [INFO] [1763553450.483892734] [speech_to_text_node]: ⏱️  Timing: feature=131ms, inference=14800ms, total=14937ms
[doa_node-8] [INFO] [1763553452.971932181] [doa_node]: DOA угол: 211
[speech_to_text_node-1] [INFO] [1763553455.809895477] [speech_to_text_node]: 🎤 Распознано: 'нконтактпотом думае откуда унас'
[speech_to_text_node-1] [INFO] [1763553455.813726258] [speech_to_text_node]: ⏱️  Timing: feature=48ms, inference=5273ms, total=12611ms
[doa_node-8] [INFO] [1763553459.980281568] [doa_node]: DOA угол: 211
[speech_to_text_node-1] [INFO] [1763553461.645521967] [speech_to_text_node]: 🎤 Распознано: 'пылесосинисе'
[speech_to_text_node-1] [INFO] [1763553461.649357192] [speech_to_text_node]: ⏱️  Timing: feature=14ms, inference=1457ms, total=4344ms
[recognition_node-2] [INFO] [1763553463.198755043] [recognition_node]: ⏸️ Распознавание деактивировано
[speech_to_text_node-1] [INFO] [1763553463.199984823] [speech_to_text_node]: 📡 SpeechToText выключен (TTS активен)
[recognition_node-2] [INFO] [1763553463.204749277] [recognition_node]: 🔔 Напоминание отправлено
[speech_to_text_node-1] [INFO] [1763553463.207298631] [speech_to_text_node]: 📡 SpeechToText выключен (TTS активен)
[silero_tts_node-4] [INFO] [1763553463.209163902] [silero_tts_node]: 🔇 Отключаю микрофон перед TTS
[silero_tts_node-4] [INFO] [1763553463.212442801] [silero_tts_node]: Синтез текста: Чтобы задать вопрос начните с ключевого слова Верт...
[silero_tts_node-4] [INFO] [1763553464.138483370] [silero_tts_node]: ✓ Синтез выполнен за 0.92 сек
[doa_node-8] [INFO] [1763553466.990725223] [doa_node]: DOA угол: 208
[silero_tts_node-4] [INFO] [1763553468.729448268] [silero_tts_node]: ✓ Аудио воспроизведено успешно
[silero_tts_node-4] [INFO] [1763553468.837022637] [silero_tts_node]: 🎤 Включаю микрофон после TTS
[speech_to_text_node-1] [INFO] [1763553468.837547222] [speech_to_text_node]: 📡 SpeechToText включен
[recognition_node-2] [INFO] [1763553468.839124830] [recognition_node]: ✅ Распознавание активировано
[speech_to_text_node-1] [INFO] [1763553468.845166896] [speech_to_text_node]: 📡 SpeechToText включен
[doa_node-8] [INFO] [1763553473.997494112] [doa_node]: DOA угол: 209
[doa_node-8] [INFO] [1763553481.004144759] [doa_node]: DOA угол: 207
[speech_to_text_node-1] [INFO] [1763553481.307558022] [speech_to_text_node]: 🎤 Распознано: 'верхний ребомнк потому что если дапечатается'
[speech_to_text_node-1] [INFO] [1763553481.311338601] [speech_to_text_node]: ⏱️  Timing: feature=32ms, inference=3430ms, total=3467ms
[speech_to_text_node-1] [INFO] [1763553486.209969395] [speech_to_text_node]: 🎤 Распознано: 'лассиставить'
[speech_to_text_node-1] [INFO] [1763553486.213882971] [speech_to_text_node]: ⏱️  Timing: feature=35ms, inference=3376ms, total=3416ms
[doa_node-8] [INFO] [1763553488.012753654] [doa_node]: DOA угол: 214
[speech_to_text_node-1] [INFO] [1763553491.571688877] [speech_to_text_node]: 🎤 Распознано: 'т'
[speech_to_text_node-1] [INFO] [1763553491.575497066] [speech_to_text_node]: ⏱️  Timing: feature=26ms, inference=1998ms, total=2029ms
[doa_node-8] [INFO] [1763553495.020007508] [doa_node]: DOA угол: 213
[speech_to_text_node-1] [INFO] [1763553497.619783767] [speech_to_text_node]: 🎤 Распознано: 'два ва'
[speech_to_text_node-1] [INFO] [1763553497.624438278] [speech_to_text_node]: ⏱️  Timing: feature=30ms, inference=3242ms, total=3279ms
[doa_node-8] [INFO] [1763553502.034050079] [doa_node]: DOA угол: 208
[doa_node-8] [INFO] [1763553509.055787798] [doa_node]: DOA угол: 208
[doa_node-8] [INFO] [1763553516.061773206] [doa_node]: DOA угол: 209
[doa_node-8] [INFO] [1763553523.084628803] [doa_node]: DOA угол: 210
[speech_to_text_node-1] [INFO] [1763553523.095547581] [speech_to_text_node]: 🎤 Распознано: 'по любому как то сейчас придем к тому что надо каждый мотор отдельно настраивать колибровочные значения все вот эти'
[speech_to_text_node-1] [INFO] [1763553523.099902467] [speech_to_text_node]: ⏱️  Timing: feature=100ms, inference=10496ms, total=10603ms
[speech_to_text_node-1] [INFO] [1763553524.217634852] [speech_to_text_node]: 🎤 Распознано: 'ставь'
[speech_to_text_node-1] [INFO] [1763553524.222052403] [speech_to_text_node]: ⏱️  Timing: feature=11ms, inference=1102ms, total=10060ms
[speech_to_text_node-1] [INFO] [1763553525.882013949] [speech_to_text_node]: 🎤 Распознано: 'погнали'
[speech_to_text_node-1] [INFO] [1763553525.885835323] [speech_to_text_node]: ⏱️  Timing: feature=16ms, inference=1638ms, total=9183ms
[doa_node-8] [INFO] [1763553530.097169976] [doa_node]: DOA угол: 199
[doa_node-8] [INFO] [1763553537.116105644] [doa_node]: DOA угол: 211
[speech_to_text_node-1] [INFO] [1763553537.212892076] [speech_to_text_node]: 🎤 Распознано: 'ну четко вообще четко'
[speech_to_text_node-1] [INFO] [1763553537.216843060] [speech_to_text_node]: ⏱️  Timing: feature=43ms, inference=4122ms, total=4170ms
[doa_node-8] [INFO] [1763553544.129351879] [doa_node]: DOA угол: 90
[doa_node-8] [INFO] [1763553551.153990134] [doa_node]: DOA угол: 141
[doa_node-8] [INFO] [1763553558.174381935] [doa_node]: DOA угол: 214
[doa_node-8] [INFO] [1763553565.179930200] [doa_node]: DOA угол: 212
[speech_to_text_node-1] [INFO] [1763553567.852126239] [speech_to_text_node]: 🎤 Распознано: 'а если сейчас кирилл вот точно такой же скетч на правое колесо отдельнода это было вот левое'
[speech_to_text_node-1] [INFO] [1763553567.855965631] [speech_to_text_node]: ⏱️  Timing: feature=130ms, inference=14873ms, total=15009ms
[speech_to_text_node-1] [INFO] [1763553570.171268157] [speech_to_text_node]: 🎤 Распознано: 'то сто такой нечни полечство потому что'
[speech_to_text_node-1] [INFO] [1763553570.175148382] [speech_to_text_node]: ⏱️  Timing: feature=20ms, inference=2289ms, total=10873ms
[doa_node-8] [INFO] [1763553572.188607557] [doa_node]: DOA угол: 212
[speech_to_text_node-1] [INFO] [1763553572.609469995] [speech_to_text_node]: 🎤 Распознано: 'на мокусей программу'
[speech_to_text_node-1] [INFO] [1763553572.613258333] [speech_to_text_node]: ⏱️  Timing: feature=16ms, inference=1659ms, total=3555ms
[doa_node-8] [INFO] [1763553579.198873414] [doa_node]: DOA угол: 90
[speech_to_text_node-1] [INFO] [1763553579.216465011] [speech_to_text_node]: 🎤 Распознано: 'давай за'
[speech_to_text_node-1] [INFO] [1763553579.220256737] [speech_to_text_node]: ⏱️  Timing: feature=33ms, inference=2484ms, total=2523ms
[speech_to_text_node-1] [INFO] [1763553583.254094171] [speech_to_text_node]: 🎤 Распознано: 'сии'
[speech_to_text_node-1] [INFO] [1763553583.258588184] [speech_to_text_node]: ⏱️  Timing: feature=23ms, inference=1582ms, total=1611ms
[doa_node-8] [INFO] [1763553586.204390376] [doa_node]: DOA угол: 233
[doa_node-8] [INFO] [1763553593.214914827] [doa_node]: DOA угол: 217
[doa_node-8] [INFO] [1763553600.223181162] [doa_node]: DOA угол: 215
[doa_node-8] [INFO] [1763553607.231101577] [doa_node]: DOA угол: 213
[doa_node-8] [INFO] [1763553614.241193943] [doa_node]: DOA угол: 211
[doa_node-8] [INFO] [1763553621.261705946] [doa_node]: DOA угол: 212
[doa_node-8] [INFO] [1763553628.271840753] [doa_node]: DOA угол: 213
[doa_node-8] [INFO] [1763553635.276812312] [doa_node]: DOA угол: 213
[doa_node-8] [INFO] [1763553642.286433769] [doa_node]: DOA угол: 211
[recognition_node-2] [INFO] [1763553648.835796904] [recognition_node]: ⏸️ Распознавание деактивировано
[speech_to_text_node-1] [INFO] [1763553648.836423821] [speech_to_text_node]: 📡 SpeechToText выключен (TTS активен)
[recognition_node-2] [INFO] [1763553648.840272455] [recognition_node]: 🔔 Напоминание отправлено
[silero_tts_node-4] [INFO] [1763553648.845936268] [silero_tts_node]: 🔇 Отключаю микрофон перед TTS
[speech_to_text_node-1] [INFO] [1763553648.847200325] [speech_to_text_node]: 📡 SpeechToText выключен (TTS активен)
[silero_tts_node-4] [INFO] [1763553648.848819822] [silero_tts_node]: Синтез текста: Чтобы задать вопрос начните с ключевого слова Верт...
[doa_node-8] [INFO] [1763553649.292744562] [doa_node]: DOA угол: 212
[silero_tts_node-4] [INFO] [1763553651.013499426] [silero_tts_node]: ✓ Синтез выполнен за 2.16 сек
[silero_tts_node-4] [INFO] [1763553655.625855584] [silero_tts_node]: ✓ Аудио воспроизведено успешно
[silero_tts_node-4] [INFO] [1763553655.731366320] [silero_tts_node]: 🎤 Включаю микрофон после TTS
[speech_to_text_node-1] [INFO] [1763553655.731429134] [speech_to_text_node]: 📡 SpeechToText включен
[recognition_node-2] [INFO] [1763553655.732136976] [recognition_node]: ✅ Распознавание активировано
[speech_to_text_node-1] [INFO] [1763553655.736781506] [speech_to_text_node]: 📡 SpeechToText включен
[doa_node-8] [INFO] [1763553656.303643604] [doa_node]: DOA угол: 211
[doa_node-8] [INFO] [1763553663.311539755] [doa_node]: DOA угол: 210
[doa_node-8] [INFO] [1763553670.318928758] [doa_node]: DOA угол: 211
[doa_node-8] [INFO] [1763553677.326454550] [doa_node]: DOA угол: 211
[doa_node-8] [INFO] [1763553684.332857682] [doa_node]: DOA угол: 211
[doa_node-8] [INFO] [1763553691.342587965] [doa_node]: DOA угол: 211
[doa_node-8] [INFO] [1763553698.351489547] [doa_node]: DOA угол: 211
[speech_to_text_node-1] [INFO] [1763553703.321538647] [speech_to_text_node]: 🎤 Распознано: 'пог'
[speech_to_text_node-1] [INFO] [1763553703.325463206] [speech_to_text_node]: ⏱️  Timing: feature=30ms, inference=2390ms, total=2427ms
[doa_node-8] [INFO] [1763553705.358763827] [doa_node]: DOA угол: 211
[doa_node-8] [INFO] [1763553712.367585705] [doa_node]: DOA угол: 211
[doa_node-8] [INFO] [1763553719.375478011] [doa_node]: DOA угол: 211
[doa_node-8] [INFO] [1763553726.381255650] [doa_node]: DOA угол: 213
[speech_to_text_node-1] [INFO] [1763553730.706217391] [speech_to_text_node]: 🎤 Распознано: 'как снить то хочется а е мое'
[speech_to_text_node-1] [INFO] [1763553730.710884681] [speech_to_text_node]: ⏱️  Timing: feature=39ms, inference=3518ms, total=3563ms
[doa_node-8] [INFO] [1763553733.392699849] [doa_node]: DOA угол: 210
[doa_node-8] [INFO] [1763553740.415716103] [doa_node]: DOA угол: 212
[doa_node-8] [INFO] [1763553747.425254358] [doa_node]: DOA угол: 211
[doa_node-8] [INFO] [1763553754.433659985] [doa_node]: DOA угол: 208
[doa_node-8] [INFO] [1763553761.456385851] [doa_node]: DOA угол: 212
[doa_node-8] [INFO] [1763553768.463801573] [doa_node]: DOA угол: 212
[doa_node-8] [INFO] [1763553775.471060208] [doa_node]: DOA угол: 213
[doa_node-8] [INFO] [1763553782.480718684] [doa_node]: DOA угол: 210
[doa_node-8] [INFO] [1763553789.486881468] [doa_node]: DOA угол: 211
[doa_node-8] [INFO] [1763553796.493211288] [doa_node]: DOA угол: 212
[doa_node-8] [INFO] [1763553803.507603318] [doa_node]: DOA угол: 210
[doa_node-8] [INFO] [1763553810.527651810] [doa_node]: DOA угол: 213
[doa_node-8] [INFO] [1763553817.533339344] [doa_node]: DOA угол: 213
[doa_node-8] [INFO] [1763553824.540913094] [doa_node]: DOA угол: 212
[doa_node-8] [INFO] [1763553831.551305787] [doa_node]: DOA угол: 212
[recognition_node-2] [INFO] [1763553835.732573313] [recognition_node]: ⏸️ Распознавание деактивировано
[speech_to_text_node-1] [INFO] [1763553835.733195286] [speech_to_text_node]: 📡 SpeechToText выключен (TTS активен)
[recognition_node-2] [INFO] [1763553835.736214913] [recognition_node]: 🔔 Напоминание отправлено
[silero_tts_node-4] [INFO] [1763553835.745762583] [silero_tts_node]: 🔇 Отключаю микрофон перед TTS
[speech_to_text_node-1] [INFO] [1763553835.746086246] [speech_to_text_node]: 📡 SpeechToText выключен (TTS активен)
[silero_tts_node-4] [INFO] [1763553835.765175734] [silero_tts_node]: Синтез текста: Чтобы задать вопрос начните с ключевого слова Верт...
[silero_tts_node-4] [INFO] [1763553837.941530201] [silero_tts_node]: ✓ Синтез выполнен за 2.17 сек
[doa_node-8] [INFO] [1763553838.563501177] [doa_node]: DOA угол: 210
[speech_to_text_node-1] [INFO] [1763553841.463010602] [speech_to_text_node]: ⏱️  Timing: feature=380ms, inference=50781ms, total=51165ms
[silero_tts_node-4] [INFO] [1763553842.538375602] [silero_tts_node]: ✓ Аудио воспроизведено успешно
[silero_tts_node-4] [INFO] [1763553842.644807713] [silero_tts_node]: 🎤 Включаю микрофон после TTS
[recognition_node-2] [INFO] [1763553842.645793255] [recognition_node]: ✅ Распознавание активировано
[speech_to_text_node-1] [INFO] [1763553842.651482976] [speech_to_text_node]: 📡 SpeechToText включен
[speech_to_text_node-1] [INFO] [1763553842.654533584] [speech_to_text_node]: 📡 SpeechToText включен
[doa_node-8] [INFO] [1763553845.581693171] [doa_node]: DOA угол: 213
[speech_to_text_node-1] [INFO] [1763553850.453493795] [speech_to_text_node]: 🎤 Распознано: 'просто блять акой же помнаам'
[speech_to_text_node-1] [INFO] [1763553850.457888830] [speech_to_text_node]: ⏱️  Timing: feature=25ms, inference=2683ms, total=46792ms
[speech_to_text_node-1] [INFO] [1763553851.500285624] [speech_to_text_node]: 🎤 Распознано: 'ха ха'
[speech_to_text_node-1] [INFO] [1763553851.503015458] [speech_to_text_node]: ⏱️  Timing: feature=8ms, inference=1026ms, total=46649ms
[doa_node-8] [INFO] [1763553852.589123453] [doa_node]: DOA угол: 212
[speech_to_text_node-1] [INFO] [1763553855.280610397] [speech_to_text_node]: 🎤 Распознано: 'наше'
[speech_to_text_node-1] [INFO] [1763553855.284513234] [speech_to_text_node]: ⏱️  Timing: feature=34ms, inference=3738ms, total=44274ms
[speech_to_text_node-1] [INFO] [1763553858.364250608] [speech_to_text_node]: 🎤 Распознано: 'ошибочка'
[speech_to_text_node-1] [INFO] [1763553858.368773475] [speech_to_text_node]: ⏱️  Timing: feature=29ms, inference=3046ms, total=40163ms
[doa_node-8] [INFO] [1763553859.596879228] [doa_node]: DOA угол: 211
[speech_to_text_node-1] [INFO] [1763553859.786238559] [speech_to_text_node]: 🎤 Распознано: 'ва'
[speech_to_text_node-1] [INFO] [1763553859.790212359] [speech_to_text_node]: ⏱️  Timing: feature=11ms, inference=1401ms, total=39484ms
[speech_to_text_node-1] [INFO] [1763553862.562531174] [speech_to_text_node]: 🎤 Распознано: 'а ва'
[speech_to_text_node-1] [INFO] [1763553862.566646675] [speech_to_text_node]: ⏱️  Timing: feature=20ms, inference=2747ms, total=37460ms
[doa_node-8] [INFO] [1763553866.607510702] [doa_node]: DOA угол: 211
[doa_node-8] [INFO] [1763553873.617300129] [doa_node]: DOA угол: 211
[doa_node-8] [INFO] [1763553880.641436843] [doa_node]: DOA угол: 212
[doa_node-8] [INFO] [1763553887.664187460] [doa_node]: DOA угол: 212
[doa_node-8] [INFO] [1763553894.673150013] [doa_node]: DOA угол: 212
[doa_node-8] [INFO] [1763553901.697167547] [doa_node]: DOA угол: 212
[doa_node-8] [INFO] [1763553908.721256815] [doa_node]: DOA угол: 212
[doa_node-8] [INFO] [1763553915.744855231] [doa_node]: DOA угол: 212
[doa_node-8] [INFO] [1763553922.765571012] [doa_node]: DOA угол: 212
[doa_node-8] [INFO] [1763553929.773225736] [doa_node]: DOA угол: 213
[doa_node-8] [INFO] [1763553936.781323187] [doa_node]: DOA угол: 212
[speech_to_text_node-1] [INFO] [1763553939.907629145] [speech_to_text_node]: 🎤 Распознано: 'бли'
[speech_to_text_node-1] [INFO] [1763553939.916313271] [speech_to_text_node]: ⏱️  Timing: feature=20ms, inference=2274ms, total=2610ms
[speech_to_text_node-1] [INFO] [1763553942.874599539] [speech_to_text_node]: 🎤 Распознано: 'ке'
[speech_to_text_node-1] [INFO] [1763553942.878432804] [speech_to_text_node]: ⏱️  Timing: feature=24ms, inference=1650ms, total=1680ms
[doa_node-8] [INFO] [1763553943.792205759] [doa_node]: DOA угол: 212
[doa_node-8] [INFO] [1763553950.801495900] [doa_node]: DOA угол: 212
[speech_to_text_node-1] [INFO] [1763553956.758456855] [speech_to_text_node]: 🎤 Распознано: 'то'
[speech_to_text_node-1] [INFO] [1763553956.762428117] [speech_to_text_node]: ⏱️  Timing: feature=10ms, inference=1099ms, total=2784ms
[doa_node-8] [INFO] [1763553957.821673945] [doa_node]: DOA угол: 212
[speech_to_text_node-1] [INFO] [1763553958.178944117] [speech_to_text_node]: 🎤 Распознано: 'насчет чего'
[speech_to_text_node-1] [INFO] [1763553958.182690567] [speech_to_text_node]: ⏱️  Timing: feature=14ms, inference=1396ms, total=2128ms
[speech_to_text_node-1] [INFO] [1763553960.578513319] [speech_to_text_node]: 🎤 Распознано: 'да'
[speech_to_text_node-1] [INFO] [1763553960.582488211] [speech_to_text_node]: ⏱️  Timing: feature=18ms, inference=910ms, total=934ms
[doa_node-8] [INFO] [1763553964.833318037] [doa_node]: DOA угол: 212
[doa_node-8] [INFO] [1763553971.841729533] [doa_node]: DOA угол: 213
[doa_node-8] [INFO] [1763553978.862590762] [doa_node]: DOA угол: 212
[speech_to_text_node-1] [INFO] [1763553982.943794082] [speech_to_text_node]: 🎤 Распознано: 'мну тоже как бы давайте не будем выдумывать'
[speech_to_text_node-1] [INFO] [1763553982.947832177] [speech_to_text_node]: ⏱️  Timing: feature=60ms, inference=6134ms, total=6199ms
[speech_to_text_node-1] [INFO] [1763553984.851645684] [speech_to_text_node]: 🎤 Распознано: 'ну да'
[speech_to_text_node-1] [INFO] [1763553984.855496337] [speech_to_text_node]: ⏱️  Timing: feature=18ms, inference=1881ms, total=5241ms
[doa_node-8] [INFO] [1763553985.869421943] [doa_node]: DOA угол: 212
[speech_to_text_node-1] [INFO] [1763553986.729385665] [speech_to_text_node]: 🎤 Распознано: 'как бы тогда такое тныло'
[speech_to_text_node-1] [INFO] [1763553986.733887013] [speech_to_text_node]: ⏱️  Timing: feature=17ms, inference=1850ms, total=4279ms
[speech_to_text_node-1] [INFO] [1763553990.788366812] [speech_to_text_node]: 🎤 Распознано: 'оа а'
[speech_to_text_node-1] [INFO] [1763553990.792233058] [speech_to_text_node]: ⏱️  Timing: feature=24ms, inference=1565ms, total=1594ms
[doa_node-8] [INFO] [1763553992.877587485] [doa_node]: DOA угол: 213
[speech_to_text_node-1] [INFO] [1763553992.946305490] [speech_to_text_node]: 🎤 Распознано: 'в обратну торонту'
[speech_to_text_node-1] [INFO] [1763553992.950584711] [speech_to_text_node]: ⏱️  Timing: feature=22ms, inference=1471ms, total=1502ms
[doa_node-8] [INFO] [1763553999.886023030] [doa_node]: DOA угол: 212
[speech_to_text_node-1] [INFO] [1763554003.917764545] [speech_to_text_node]: 🎤 Распознано: 'ну правильно правильно да'
[speech_to_text_node-1] [INFO] [1763554003.921763678] [speech_to_text_node]: ⏱️  Timing: feature=46ms, inference=4322ms, total=4373ms
[speech_to_text_node-1] [INFO] [1763554006.088949101] [speech_to_text_node]: 🎤 Распознано: 'кому сообщение пишу'
[speech_to_text_node-1] [INFO] [1763554006.092876605] [speech_to_text_node]: ⏱️  Timing: feature=21ms, inference=2141ms, total=2939ms
[doa_node-8] [INFO] [1763554006.895473570] [doa_node]: DOA угол: 211
[doa_node-8] [INFO] [1763554013.901990525] [doa_node]: DOA угол: 212
[speech_to_text_node-1] [INFO] [1763554013.909975124] [speech_to_text_node]: 🎤 Распознано: 'пеликает а ну сука'
[speech_to_text_node-1] [INFO] [1763554013.913743926] [speech_to_text_node]: ⏱️  Timing: feature=48ms, inference=4410ms, total=4465ms
[speech_to_text_node-1] [INFO] [1763554020.397469209] [speech_to_text_node]: 🎤 Распознано: 'ну сука'
[speech_to_text_node-1] [INFO] [1763554020.401281104] [speech_to_text_node]: ⏱️  Timing: feature=29ms, inference=2666ms, total=2703ms
[doa_node-8] [INFO] [1763554020.912741783] [doa_node]: DOA угол: 212
[recognition_node-2] [INFO] [1763554022.650703225] [recognition_node]: ⏸️ Распознавание деактивировано
[speech_to_text_node-1] [INFO] [1763554022.652893696] [speech_to_text_node]: 📡 SpeechToText выключен (TTS активен)
[recognition_node-2] [INFO] [1763554022.656373891] [recognition_node]: 🔔 Напоминание отправлено
[speech_to_text_node-1] [INFO] [1763554022.660487152] [speech_to_text_node]: 📡 SpeechToText выключен (TTS активен)
[silero_tts_node-4] [INFO] [1763554022.661825357] [silero_tts_node]: 🔇 Отключаю микрофон перед TTS
[silero_tts_node-4] [INFO] [1763554022.664413712] [silero_tts_node]: Синтез текста: Чтобы задать вопрос начните с ключевого слова Верт...
[silero_tts_node-4] [INFO] [1763554023.606422225] [silero_tts_node]: ✓ Синтез выполнен за 0.94 сек
[doa_node-8] [INFO] [1763554027.920585085] [doa_node]: DOA угол: 209
[silero_tts_node-4] [INFO] [1763554028.184827934] [silero_tts_node]: ✓ Аудио воспроизведено успешно
[silero_tts_node-4] [INFO] [1763554028.288293781] [silero_tts_node]: 🎤 Включаю микрофон после TTS
[speech_to_text_node-1] [INFO] [1763554028.292513855] [speech_to_text_node]: 📡 SpeechToText включен
[recognition_node-2] [INFO] [1763554028.296488618] [recognition_node]: ✅ Распознавание активировано
[speech_to_text_node-1] [INFO] [1763554028.295634611] [speech_to_text_node]: 📡 SpeechToText включен
[doa_node-8] [INFO] [1763554034.927575034] [doa_node]: DOA угол: 211
[doa_node-8] [INFO] [1763554041.935552104] [doa_node]: DOA угол: 211
[doa_node-8] [INFO] [1763554048.941545465] [doa_node]: DOA угол: 212
[doa_node-8] [INFO] [1763554055.950293277] [doa_node]: DOA угол: 210
[speech_to_text_node-1] [INFO] [1763554057.460996096] [speech_to_text_node]: 🎤 Распознано: 'да какой новый это старая это какая то наркомания вот реальная потому санина сестра мелкая выходит ей тут под ухо весь день просто тон тон тон солом валерийну капучиноя'
[speech_to_text_node-1] [INFO] [1763554057.464881434] [speech_to_text_node]: ⏱️  Timing: feature=103ms, inference=11307ms, total=11416ms
[doa_node-8] [INFO] [1763554062.960115726] [doa_node]: DOA угол: 208
[speech_to_text_node-1] [INFO] [1763554064.271291053] [speech_to_text_node]: 🎤 Распознано: 'какая капучина'
[speech_to_text_node-1] [INFO] [1763554064.275073688] [speech_to_text_node]: ⏱️  Timing: feature=62ms, inference=6739ms, total=8461ms
[doa_node-8] [INFO] [1763554069.968648586] [doa_node]: DOA угол: 212
[speech_to_text_node-1] [INFO] [1763554072.070900595] [speech_to_text_node]: 🎤 Распознано: 'ну нет по логике так и должно'
[speech_to_text_node-1] [INFO] [1763554072.074730693] [speech_to_text_node]: ⏱️  Timing: feature=59ms, inference=5711ms, total=5776ms
[doa_node-8] [INFO] [1763554076.974070324] [doa_node]: DOA угол: 213
[speech_to_text_node-1] [INFO] [1763554080.779429545] [speech_to_text_node]: 🎤 Распознано: 'так за направление то уже радует'
[speech_to_text_node-1] [INFO] [1763554080.783235643] [speech_to_text_node]: ⏱️  Timing: feature=55ms, inference=5274ms, total=5334ms
[doa_node-8] [INFO] [1763554083.986023313] [doa_node]: DOA угол: 212
[speech_to_text_node-1] [INFO] [1763554090.954124027] [speech_to_text_node]: 🎤 Распознано: 'да грустно фигач фигач фига'
[speech_to_text_node-1] [INFO] [1763554090.958642986] [speech_to_text_node]: ⏱️  Timing: feature=52ms, inference=5251ms, total=5309ms
[doa_node-8] [INFO] [1763554090.992400785] [doa_node]: DOA угол: 213
[doa_node-8] [INFO] [1763554097.998186491] [doa_node]: DOA угол: 213
[doa_node-8] [INFO] [1763554105.008303994] [doa_node]: DOA угол: 213
[doa_node-8] [INFO] [1763554112.016946741] [doa_node]: DOA угол: 212
[doa_node-8] [INFO] [1763554119.021885909] [doa_node]: DOA угол: 210
[doa_node-8] [INFO] [1763554126.034941955] [doa_node]: DOA угол: 214
[doa_node-8] [INFO] [1763554133.053928331] [doa_node]: DOA угол: 211
[speech_to_text_node-1] [INFO] [1763554135.053992788] [speech_to_text_node]: 🎤 Распознано: 'да е ворсят'
[speech_to_text_node-1] [INFO] [1763554135.058572321] [speech_to_text_node]: ⏱️  Timing: feature=29ms, inference=2423ms, total=2460ms
[doa_node-8] [INFO] [1763554140.063970382] [doa_node]: DOA угол: 212
[speech_to_text_node-1] [INFO] [1763554141.044975657] [speech_to_text_node]: 🎤 Распознано: 'о прикольно приколбени'
[speech_to_text_node-1] [INFO] [1763554141.048865070] [speech_to_text_node]: ⏱️  Timing: feature=31ms, inference=3316ms, total=3352ms
[doa_node-8] [INFO] [1763554147.076333051] [doa_node]: DOA угол: 210
[doa_node-8] [INFO] [1763554154.097986063] [doa_node]: DOA угол: 213
[doa_node-8] [INFO] [1763554161.120366658] [doa_node]: DOA угол: 210
[doa_node-8] [INFO] [1763554168.128700159] [doa_node]: DOA угол: 210
[doa_node-8] [INFO] [1763554175.136696479] [doa_node]: DOA угол: 210
[doa_node-8] [INFO] [1763554182.144625911] [doa_node]: DOA угол: 211
[doa_node-8] [INFO] [1763554189.151979127] [doa_node]: DOA угол: 213
[doa_node-8] [INFO] [1763554196.158768536] [doa_node]: DOA угол: 211
[speech_to_text_node-1] [INFO] [1763554198.323507688] [speech_to_text_node]: 🎤 Распознано: 'не мемы вообще она мимо просто вот что что ну вот просто у нее она единственный мем знает это что у вас тут происходит я говорю ну это это это база это ну школа первый класс просто я говорю вот теперь я говорю теперь давай реальные занятия я тебе борю лекции проводить мемология курс первый ия ле  серьезно тули'
[speech_to_text_node-1] [INFO] [1763554198.327458785] [speech_to_text_node]: ⏱️  Timing: feature=218ms, inference=24703ms, total=24928ms
[doa_node-8] [INFO] [1763554203.171841231] [doa_node]: DOA угол: 211
[speech_to_text_node-1] [INFO] [1763554205.108012240] [speech_to_text_node]: 🎤 Распознано: 'ха ха она вот тоже тоже ржет с этого ну она не знает это я говорю а что ты ржешь то тогда если ты не знаешь'
[speech_to_text_node-1] [INFO] [1763554205.111835228] [speech_to_text_node]: ⏱️  Timing: feature=62ms, inference=6712ms, total=20606ms
[recognition_node-2] [INFO] [1763554208.289858562] [recognition_node]: ⏸️ Распознавание деактивировано
[speech_to_text_node-1] [INFO] [1763554208.290672293] [speech_to_text_node]: 📡 SpeechToText выключен (TTS активен)
[recognition_node-2] [INFO] [1763554208.293424535] [recognition_node]: 🔔 Напоминание отправлено
[speech_to_text_node-1] [INFO] [1763554208.297527740] [speech_to_text_node]: 📡 SpeechToText выключен (TTS активен)
[silero_tts_node-4] [INFO] [1763554208.302587378] [silero_tts_node]: 🔇 Отключаю микрофон перед TTS
[silero_tts_node-4] [INFO] [1763554208.305465044] [silero_tts_node]: Синтез текста: Чтобы задать вопрос начните с ключевого слова Верт...
[doa_node-8] [INFO] [1763554210.176225910] [doa_node]: DOA угол: 211
[silero_tts_node-4] [INFO] [1763554210.249695063] [silero_tts_node]: ✓ Синтез выполнен за 1.94 сек
[silero_tts_node-4] [INFO] [1763554214.829784327] [silero_tts_node]: ✓ Аудио воспроизведено успешно
[silero_tts_node-4] [INFO] [1763554214.933028259] [silero_tts_node]: 🎤 Включаю микрофон после TTS
[speech_to_text_node-1] [INFO] [1763554214.937741827] [speech_to_text_node]: 📡 SpeechToText включен
[recognition_node-2] [INFO] [1763554214.940959859] [recognition_node]: ✅ Распознавание активировано
[speech_to_text_node-1] [INFO] [1763554214.942051493] [speech_to_text_node]: 📡 SpeechToText включен
[doa_node-8] [INFO] [1763554217.184788846] [doa_node]: DOA угол: 210
[doa_node-8] [INFO] [1763554224.195577160] [doa_node]: DOA угол: 211
[doa_node-8] [INFO] [1763554231.200565621] [doa_node]: DOA угол: 211
[doa_node-8] [INFO] [1763554238.208679095] [doa_node]: DOA угол: 215
[doa_node-8] [INFO] [1763554245.218479359] [doa_node]: DOA угол: 214
[speech_to_text_node-1] [INFO] [1763554247.000778215] [speech_to_text_node]: 🎤 Распознано: 'круится бросана'
[speech_to_text_node-1] [INFO] [1763554247.004945198] [speech_to_text_node]: ⏱️  Timing: feature=24ms, inference=1424ms, total=1455ms
[doa_node-8] [INFO] [1763554252.228646912] [doa_node]: DOA угол: 329
[doa_node-8] [INFO] [1763554259.249668284] [doa_node]: DOA угол: 211
[doa_node-8] [INFO] [1763554266.254805434] [doa_node]: DOA угол: 211
[doa_node-8] [INFO] [1763554273.270255261] [doa_node]: DOA угол: 212
[speech_to_text_node-1] [INFO] [1763554278.656391922] [speech_to_text_node]: 🎤 Распознано: 'не я я в течение дня я не знаю в самом начале мы там прямо общались а сейчас ну вот она сейчас написала там час назад где то разможешь распечатать какие то бумаги я распечатал написал все ану спасибо'
[speech_to_text_node-1] [INFO] [1763554278.660535850] [speech_to_text_node]: ⏱️  Timing: feature=119ms, inference=13178ms, total=13311ms
[doa_node-8] [INFO] [1763554280.291768746] [doa_node]: DOA угол: 206
[doa_node-8] [INFO] [1763554287.310402821] [doa_node]: DOA угол: 210
[speech_to_text_node-1] [INFO] [1763554291.652099819] [speech_to_text_node]: 🎤 Распознано: 'так ну вроде что то правильно ну надо переклеить я про проглядил'
[speech_to_text_node-1] [INFO] [1763554291.656695666] [speech_to_text_node]: ⏱️  Timing: feature=73ms, inference=7928ms, total=8008ms
[doa_node-8] [INFO] [1763554294.320301654] [doa_node]: DOA угол: 331
[speech_to_text_node-1] [INFO] [1763554294.848387300] [speech_to_text_node]: 🎤 Распознано: 'ну по программе я использую двадцать два двадцать три'
[speech_to_text_node-1] [INFO] [1763554294.852396378] [speech_to_text_node]: ⏱️  Timing: feature=29ms, inference=3157ms, total=6405ms
[doa_node-8] [INFO] [1763554301.329936541] [doa_node]: DOA угол: 210
[doa_node-8] [INFO] [1763554308.354453027] [doa_node]: DOA угол: 211
[doa_node-8] [INFO] [1763554315.374656306] [doa_node]: DOA угол: 211
[doa_node-8] [INFO] [1763554322.382395630] [doa_node]: DOA угол: 210
[speech_to_text_node-1] [INFO] [1763554322.623094074] [speech_to_text_node]: 🎤 Распознано: 'да давай еще раз кирилл пожалуйста но он должен и свой инкодо потому что он прям четко проехалада сейчас так'
[speech_to_text_node-1] [INFO] [1763554322.627415500] [speech_to_text_node]: ⏱️  Timing: feature=127ms, inference=13943ms, total=14077ms
[speech_to_text_node-1] [INFO] [1763554325.228732783] [speech_to_text_node]: 🎤 Распознано: 'да епарст'
[speech_to_text_node-1] [INFO] [1763554325.232928229] [speech_to_text_node]: ⏱️  Timing: feature=24ms, inference=2572ms, total=9185ms
[speech_to_text_node-1] [INFO] [1763554326.929881033] [speech_to_text_node]: 🎤 Распознано: 'все отключен'
[speech_to_text_node-1] [INFO] [1763554326.934115719] [speech_to_text_node]: ⏱️  Timing: feature=16ms, inference=1676ms, total=5028ms
[doa_node-8] [INFO] [1763554329.395857913] [doa_node]: DOA угол: 210
[doa_node-8] [INFO] [1763554336.404653010] [doa_node]: DOA угол: 211
[doa_node-8] [INFO] [1763554343.425101543] [doa_node]: DOA угол: 207
[doa_node-8] [INFO] [1763554350.430322251] [doa_node]: DOA угол: 207
[doa_node-8] [INFO] [1763554357.441097084] [doa_node]: DOA угол: 208
[speech_to_text_node-1] [INFO] [1763554358.229076066] [speech_to_text_node]: 🎤 Распознано: 'ааох ты е мое блин шир никотином болнуемвся на камеру ха ха а я думаювот так сидеть смотреть знаешь как голодные дети вот так вот надепо кто ест ита смотрит'
[speech_to_text_node-1] [INFO] [1763554358.232999256] [speech_to_text_node]: ⏱️  Timing: feature=124ms, inference=13853ms, total=13983ms
[speech_to_text_node-1] [INFO] [1763554359.630737334] [speech_to_text_node]: 🎤 Распознано: 'да'
[speech_to_text_node-1] [INFO] [1763554359.634468248] [speech_to_text_node]: ⏱️  Timing: feature=13ms, inference=1380ms, total=10587ms
[doa_node-8] [INFO] [1763554364.450987830] [doa_node]: DOA угол: 208
[doa_node-8] [INFO] [1763554371.470525834] [doa_node]: DOA угол: 208
[doa_node-8] [INFO] [1763554378.482212712] [doa_node]: DOA угол: 209
[doa_node-8] [INFO] [1763554385.504697850] [doa_node]: DOA угол: 207
[speech_to_text_node-1] [INFO] [1763554390.220716565] [speech_to_text_node]: 🎤 Распознано: 'да все четкода'
[speech_to_text_node-1] [INFO] [1763554390.224642477] [speech_to_text_node]: ⏱️  Timing: feature=60ms, inference=6607ms, total=6675ms
[doa_node-8] [INFO] [1763554392.514503925] [doa_node]: DOA угол: 210
[recognition_node-2] [INFO] [1763554394.941518815] [recognition_node]: ⏸️ Распознавание деактивировано
[speech_to_text_node-1] [INFO] [1763554394.942187103] [speech_to_text_node]: 📡 SpeechToText выключен (TTS активен)
[speech_to_text_node-1] [INFO] [1763554394.949499230] [speech_to_text_node]: 📡 SpeechToText выключен (TTS активен)
[recognition_node-2] [INFO] [1763554394.950171925] [recognition_node]: 🔔 Напоминание отправлено
[silero_tts_node-4] [INFO] [1763554394.954721718] [silero_tts_node]: 🔇 Отключаю микрофон перед TTS
[silero_tts_node-4] [INFO] [1763554394.957227889] [silero_tts_node]: Синтез текста: Чтобы задать вопрос начните с ключевого слова Верт...
[speech_to_text_node-1] [INFO] [1763554395.522498271] [speech_to_text_node]: ⏱️  Timing: feature=23ms, inference=2799ms, total=2823ms
[silero_tts_node-4] [INFO] [1763554396.286357537] [silero_tts_node]: ✓ Синтез выполнен за 1.33 сек
[doa_node-8] [INFO] [1763554399.523166730] [doa_node]: DOA угол: 209
[silero_tts_node-4] [INFO] [1763554400.872390600] [silero_tts_node]: ✓ Аудио воспроизведено успешно
[silero_tts_node-4] [INFO] [1763554400.979488932] [silero_tts_node]: 🎤 Включаю микрофон после TTS
[speech_to_text_node-1] [INFO] [1763554400.979588208] [speech_to_text_node]: 📡 SpeechToText включен
[recognition_node-2] [INFO] [1763554400.981409851] [recognition_node]: ✅ Распознавание активировано
[speech_to_text_node-1] [INFO] [1763554400.987778176] [speech_to_text_node]: 📡 SpeechToText включен
[doa_node-8] [INFO] [1763554406.546021492] [doa_node]: DOA угол: 211
[doa_node-8] [INFO] [1763554413.553962570] [doa_node]: DOA угол: 213
[doa_node-8] [INFO] [1763554420.563133848] [doa_node]: DOA угол: 211
[doa_node-8] [INFO] [1763554427.571359149] [doa_node]: DOA угол: 210
[doa_node-8] [INFO] [1763554434.592908233] [doa_node]: DOA угол: 212
[doa_node-8] [INFO] [1763554441.598893363] [doa_node]: DOA угол: 212
[doa_node-8] [INFO] [1763554448.607258214] [doa_node]: DOA угол: 211
[speech_to_text_node-1] [INFO] [1763554454.434475730] [speech_to_text_node]: 🎤 Распознано: 'л'
[speech_to_text_node-1] [INFO] [1763554454.439077559] [speech_to_text_node]: ⏱️  Timing: feature=37ms, inference=3953ms, total=16891ms
[doa_node-8] [INFO] [1763554455.615705944] [doa_node]: DOA угол: 213
[speech_to_text_node-1] [INFO] [1763554456.354748173] [speech_to_text_node]: 🎤 Распознано: 'ипер'
[speech_to_text_node-1] [INFO] [1763554456.358489439] [speech_to_text_node]: ⏱️  Timing: feature=8ms, inference=805ms, total=15661ms
[doa_node-8] [INFO] [1763554462.624963768] [doa_node]: DOA угол: 210
[doa_node-8] [INFO] [1763554469.633334798] [doa_node]: DOA угол: 212
[doa_node-8] [INFO] [1763554476.639343721] [doa_node]: DOA угол: 212
[doa_node-8] [INFO] [1763554483.649559415] [doa_node]: DOA угол: 213
[speech_to_text_node-1] [INFO] [1763554488.426416980] [speech_to_text_node]: 🎤 Распознано: 'блин я я вообще кстати не смотре'
[speech_to_text_node-1] [INFO] [1763554488.431024939] [speech_to_text_node]: ⏱️  Timing: feature=56ms, inference=5519ms, total=5581ms
[doa_node-8] [INFO] [1763554490.658741298] [doa_node]: DOA угол: 212
[doa_node-8] [INFO] [1763554497.669318877] [doa_node]: DOA угол: 212
[doa_node-8] [INFO] [1763554504.691991105] [doa_node]: DOA угол: 212
[doa_node-8] [INFO] [1763554511.701366645] [doa_node]: DOA угол: 213
[doa_node-8] [INFO] [1763554518.722891944] [doa_node]: DOA угол: 214
[doa_node-8] [INFO] [1763554525.747415084] [doa_node]: DOA угол: 213
[doa_node-8] [INFO] [1763554532.794200963] [doa_node]: DOA угол: 212
[doa_node-8] [INFO] [1763554539.811397568] [doa_node]: DOA угол: 212
[doa_node-8] [INFO] [1763554546.832261801] [doa_node]: DOA угол: 213
[doa_node-8] [INFO] [1763554553.839598700] [doa_node]: DOA угол: 213
[doa_node-8] [INFO] [1763554560.847471378] [doa_node]: DOA угол: 213
[doa_node-8] [INFO] [1763554567.855294306] [doa_node]: DOA угол: 213
[speech_to_text_node-1] [INFO] [1763554568.704526901] [speech_to_text_node]: 🎤 Распознано: 'этот исмаилов мрачный тип я этот как же он хасл хасл шоу или какснэтвидеотамтвооб'
[speech_to_text_node-1] [INFO] [1763554568.708421480] [speech_to_text_node]: ⏱️  Timing: feature=289ms, inference=36209ms, total=36506ms
[doa_node-8] [INFO] [1763554574.867350725] [doa_node]: DOA угол: 213
[recognition_node-2] [INFO] [1763554580.983884173] [recognition_node]: ⏸️ Распознавание деактивировано
[speech_to_text_node-1] [INFO] [1763554580.984579145] [speech_to_text_node]: 📡 SpeechToText выключен (TTS активен)
[recognition_node-2] [INFO] [1763554580.993714379] [recognition_node]: 🔔 Напоминание отправлено
[speech_to_text_node-1] [INFO] [1763554580.996023108] [speech_to_text_node]: 📡 SpeechToText выключен (TTS активен)
[silero_tts_node-4] [INFO] [1763554580.997110261] [silero_tts_node]: 🔇 Отключаю микрофон перед TTS
[silero_tts_node-4] [INFO] [1763554580.999895392] [silero_tts_node]: Синтез текста: Чтобы задать вопрос начните с ключевого слова Верт...
[doa_node-8] [INFO] [1763554581.888133631] [doa_node]: DOA угол: 213
[silero_tts_node-4] [INFO] [1763554581.934675325] [silero_tts_node]: ✓ Синтез выполнен за 0.93 сек
[silero_tts_node-4] [INFO] [1763554586.521147812] [silero_tts_node]: ✓ Аудио воспроизведено успешно
[silero_tts_node-4] [INFO] [1763554586.627172180] [silero_tts_node]: 🎤 Включаю микрофон после TTS
[speech_to_text_node-1] [INFO] [1763554586.629299005] [speech_to_text_node]: 📡 SpeechToText включен
[recognition_node-2] [INFO] [1763554586.629986274] [recognition_node]: ✅ Распознавание активировано
[speech_to_text_node-1] [INFO] [1763554586.634881358] [speech_to_text_node]: 📡 SpeechToText включен
[doa_node-8] [INFO] [1763554588.897921578] [doa_node]: DOA угол: 213
[doa_node-8] [INFO] [1763554595.903531179] [doa_node]: DOA угол: 213
[doa_node-8] [INFO] [1763554602.915462095] [doa_node]: DOA угол: 213
[doa_node-8] [INFO] [1763554609.938076751] [doa_node]: DOA угол: 213
[doa_node-8] [INFO] [1763554616.947127757] [doa_node]: DOA угол: 213
[doa_node-8] [INFO] [1763554623.954449552] [doa_node]: DOA угол: 213
[speech_to_text_node-1] [INFO] [1763554630.834318912] [speech_to_text_node]: 🎤 Распознано: 'а'
[speech_to_text_node-1] [INFO] [1763554630.838605727] [speech_to_text_node]: ⏱️  Timing: feature=17ms, inference=1113ms, total=1138ms
[doa_node-8] [INFO] [1763554630.964444154] [doa_node]: DOA угол: 211
[doa_node-8] [INFO] [1763554637.984289247] [doa_node]: DOA угол: 212
[speech_to_text_node-1] [INFO] [1763554639.665174498] [speech_to_text_node]: 🎤 Распознано: 'мы сейчас право пелесценивали'
[speech_to_text_node-1] [INFO] [1763554639.668988412] [speech_to_text_node]: ⏱️  Timing: feature=45ms, inference=4067ms, total=4118ms
[speech_to_text_node-1] [INFO] [1763554641.721608113] [speech_to_text_node]: 🎤 Распознано: 'а'
[speech_to_text_node-1] [INFO] [1763554641.725368027] [speech_to_text_node]: ⏱️  Timing: feature=11ms, inference=1079ms, total=3011ms
[doa_node-8] [INFO] [1763554644.992029966] [doa_node]: DOA угол: 211
[doa_node-8] [INFO] [1763554652.003059836] [doa_node]: DOA угол: 212
[doa_node-8] [INFO] [1763554659.011832168] [doa_node]: DOA угол: 213
[doa_node-8] [INFO] [1763554666.034781120] [doa_node]: DOA угол: 212
[doa_node-8] [INFO] [1763554673.045345665] [doa_node]: DOA угол: 212
[speech_to_text_node-1] [INFO] [1763554678.424230690] [speech_to_text_node]: 🎤 Распознано: 'дар пои чо'
[speech_to_text_node-1] [INFO] [1763554678.428199842] [speech_to_text_node]: ⏱️  Timing: feature=37ms, inference=2935ms, total=2977ms
[doa_node-8] [INFO] [1763554680.067622528] [doa_node]: DOA угол: 212
[doa_node-8] [INFO] [1763554687.081079290] [doa_node]: DOA угол: 211
[speech_to_text_node-1] [INFO] [1763554691.204768575] [speech_to_text_node]: 🎤 Распознано: 'там провектор мультик снимается'
[speech_to_text_node-1] [INFO] [1763554691.208649599] [speech_to_text_node]: ⏱️  Timing: feature=47ms, inference=4154ms, total=4208ms
[doa_node-8] [INFO] [1763554694.112275552] [doa_node]: DOA угол: 213
[doa_node-8] [INFO] [1763554701.123933110] [doa_node]: DOA угол: 213
[doa_node-8] [INFO] [1763554708.133585237] [doa_node]: DOA угол: 213
[doa_node-8] [INFO] [1763554715.155979706] [doa_node]: DOA угол: 213
[doa_node-8] [INFO] [1763554722.161425105] [doa_node]: DOA угол: 210
[doa_node-8] [INFO] [1763554729.168570635] [doa_node]: DOA угол: 211
[speech_to_text_node-1] [INFO] [1763554732.830179027] [speech_to_text_node]: 🎤 Распознано: 'компания курганская нам просто сказали говорят типа давайте давайте скажите что вам надо мы говорим вот это надо они говорят не это не может снять мы говорим вот это надо блин это тоже не можем сделать а что вы можете сделать о можем что нибудь там презентацию вам сделать спасибо нахуй'
[speech_to_text_node-1] [INFO] [1763554732.834114032] [speech_to_text_node]: ⏱️  Timing: feature=141ms, inference=15684ms, total=15833ms
[doa_node-8] [INFO] [1763554736.179278571] [doa_node]: DOA угол: 211
[doa_node-8] [INFO] [1763554743.183868887] [doa_node]: DOA угол: 212
[doa_node-8] [INFO] [1763554750.197361947] [doa_node]: DOA угол: 210
[doa_node-8] [INFO] [1763554757.204201876] [doa_node]: DOA угол: 212
[doa_node-8] [INFO] [1763554764.214254084] [doa_node]: DOA угол: 212
[recognition_node-2] [INFO] [1763554766.631748586] [recognition_node]: ⏸️ Распознавание деактивировано
[speech_to_text_node-1] [INFO] [1763554766.634364404] [speech_to_text_node]: 📡 SpeechToText выключен (TTS активен)
[recognition_node-2] [INFO] [1763554766.639054825] [recognition_node]: 🔔 Напоминание отправлено
[speech_to_text_node-1] [INFO] [1763554766.641522126] [speech_to_text_node]: 📡 SpeechToText выключен (TTS активен)
[silero_tts_node-4] [INFO] [1763554766.641855455] [silero_tts_node]: 🔇 Отключаю микрофон перед TTS
[silero_tts_node-4] [INFO] [1763554766.644837139] [silero_tts_node]: Синтез текста: Чтобы задать вопрос начните с ключевого слова Верт...
[silero_tts_node-4] [INFO] [1763554767.575579001] [silero_tts_node]: ✓ Синтез выполнен за 0.93 сек
[doa_node-8] [INFO] [1763554771.235698929] [doa_node]: DOA угол: 211
[silero_tts_node-4] [INFO] [1763554772.160506923] [silero_tts_node]: ✓ Аудио воспроизведено успешно
[silero_tts_node-4] [INFO] [1763554772.267309488] [silero_tts_node]: 🎤 Включаю микрофон после TTS
[speech_to_text_node-1] [INFO] [1763554772.269663272] [speech_to_text_node]: 📡 SpeechToText включен
[recognition_node-2] [INFO] [1763554772.270180691] [recognition_node]: ✅ Распознавание активировано
[speech_to_text_node-1] [INFO] [1763554772.276144985] [speech_to_text_node]: 📡 SpeechToText включен
[doa_node-8] [INFO] [1763554778.243885043] [doa_node]: DOA угол: 211
[doa_node-8] [INFO] [1763554785.254752498] [doa_node]: DOA угол: 212
[doa_node-8] [INFO] [1763554792.273537394] [doa_node]: DOA угол: 213
[doa_node-8] [INFO] [1763554799.282601402] [doa_node]: DOA угол: 213
[doa_node-8] [INFO] [1763554806.290680336] [doa_node]: DOA угол: 213
[doa_node-8] [INFO] [1763554813.312241305] [doa_node]: DOA угол: 211
[speech_to_text_node-1] [INFO] [1763554815.642895756] [speech_to_text_node]: 🎤 Распознано: 'некак то помочь как помочь ну давайте вуроли без проблем давайте снимем  ну короче вот такое видео будет это видеоинструкция как кто такой вектор как с ним разговаривать взаимодействовать там и так далее'
[speech_to_text_node-1] [INFO] [1763554815.646871816] [speech_to_text_node]: ⏱️  Timing: feature=161ms, inference=18376ms, total=18546ms
[speech_to_text_node-1] [INFO] [1763554816.841529589] [speech_to_text_node]: 🎤 Распознано: 'каслуча'
[speech_to_text_node-1] [INFO] [1763554816.846081012] [speech_to_text_node]: ⏱️  Timing: feature=11ms, inference=1178ms, total=15984ms
[doa_node-8] [INFO] [1763554820.322496425] [doa_node]: DOA угол: 210
[doa_node-8] [INFO] [1763554827.328079906] [doa_node]: DOA угол: 211
[doa_node-8] [INFO] [1763554834.337967652] [doa_node]: DOA угол: 211
[doa_node-8] [INFO] [1763554841.348126215] [doa_node]: DOA угол: 211
[doa_node-8] [INFO] [1763554848.358387133] [doa_node]: DOA угол: 331
[speech_to_text_node-1] [INFO] [1763554852.814448222] [speech_to_text_node]: 🎤 Распознано: 'так нача лезный'
[speech_to_text_node-1] [INFO] [1763554852.818409208] [speech_to_text_node]: ⏱️  Timing: feature=37ms, inference=3176ms, total=3218ms
[doa_node-8] [INFO] [1763554855.379730949] [doa_node]: DOA угол: 332
[doa_node-8] [INFO] [1763554862.385510398] [doa_node]: DOA угол: 212
[speech_to_text_node-1] [INFO] [1763554865.121614978] [speech_to_text_node]: 🎤 Распознано: 'крутится'
[speech_to_text_node-1] [INFO] [1763554865.125666018] [speech_to_text_node]: ⏱️  Timing: feature=27ms, inference=2291ms, total=2323ms
[doa_node-8] [INFO] [1763554869.396319119] [doa_node]: DOA угол: 212
[doa_node-8] [INFO] [1763554876.417363676] [doa_node]: DOA угол: 212
[doa_node-8] [INFO] [1763554883.431923581] [doa_node]: DOA угол: 209
[speech_to_text_node-1] [INFO] [1763554885.699305458] [speech_to_text_node]: 🎤 Распознано: 'без остановки фигач только кирилл это не левая это правая'
[speech_to_text_node-1] [INFO] [1763554885.704834905] [speech_to_text_node]: ⏱️  Timing: feature=77ms, inference=9766ms, total=9852ms
[doa_node-8] [INFO] [1763554890.449107049] [doa_node]: DOA угол: 213
[doa_node-8] [INFO] [1763554897.457106936] [doa_node]: DOA угол: 211
[speech_to_text_node-1] [INFO] [1763554898.376479346] [speech_to_text_node]: 🎤 Распознано: 'может типа колесо правое а этот рекодор левый'
[speech_to_text_node-1] [INFO] [1763554898.380546553] [speech_to_text_node]: ⏱️  Timing: feature=82ms, inference=8789ms, total=8879ms
[doa_node-8] [INFO] [1763554904.468442803] [doa_node]: DOA угол: 211
[doa_node-8] [INFO] [1763554911.492063961] [doa_node]: DOA угол: 211
[doa_node-8] [INFO] [1763554918.502697068] [doa_node]: DOA угол: 211
[speech_to_text_node-1] [INFO] [1763554921.255750925] [speech_to_text_node]: 🎤 Распознано: 'тникс'
[speech_to_text_node-1] [INFO] [1763554921.259817261] [speech_to_text_node]: ⏱️  Timing: feature=19ms, inference=1582ms, total=1608ms
[doa_node-8] [INFO] [1763554925.523802674] [doa_node]: DOA угол: 211
[doa_node-8] [INFO] [1763554932.532886180] [doa_node]: DOA угол: 211
[doa_node-8] [INFO] [1763554939.557098328] [doa_node]: DOA угол: 211
[doa_node-8] [INFO] [1763554946.579991182] [doa_node]: DOA угол: 211
[recognition_node-2] [INFO] [1763554952.270547863] [recognition_node]: ⏸️ Распознавание деактивировано
[speech_to_text_node-1] [INFO] [1763554952.271363037] [speech_to_text_node]: 📡 SpeechToText выключен (TTS активен)
[recognition_node-2] [INFO] [1763554952.276383621] [recognition_node]: 🔔 Напоминание отправлено
[speech_to_text_node-1] [INFO] [1763554952.278598851] [speech_to_text_node]: 📡 SpeechToText выключен (TTS активен)
[silero_tts_node-4] [INFO] [1763554952.279976630] [silero_tts_node]: 🔇 Отключаю микрофон перед TTS
[silero_tts_node-4] [INFO] [1763554952.283577898] [silero_tts_node]: Синтез текста: Чтобы задать вопрос начните с ключевого слова Верт...
[silero_tts_node-4] [INFO] [1763554953.226173476] [silero_tts_node]: ✓ Синтез выполнен за 0.94 сек
[doa_node-8] [INFO] [1763554953.589707896] [doa_node]: DOA угол: 209
[silero_tts_node-4] [INFO] [1763554957.804937690] [silero_tts_node]: ✓ Аудио воспроизведено успешно
[speech_to_text_node-1] [INFO] [1763554957.911511982] [speech_to_text_node]: 📡 SpeechToText включен
[silero_tts_node-4] [INFO] [1763554957.912315286] [silero_tts_node]: 🎤 Включаю микрофон после TTS
[recognition_node-2] [INFO] [1763554957.913145590] [recognition_node]: ✅ Распознавание активировано
[speech_to_text_node-1] [INFO] [1763554957.921040229] [speech_to_text_node]: 📡 SpeechToText включен
[doa_node-8] [INFO] [1763554960.612140376] [doa_node]: DOA угол: 208
[doa_node-8] [INFO] [1763554967.621996966] [doa_node]: DOA угол: 209
[doa_node-8] [INFO] [1763554974.628837618] [doa_node]: DOA угол: 209
[doa_node-8] [INFO] [1763554981.639118303] [doa_node]: DOA угол: 209
[doa_node-8] [INFO] [1763554988.657836383] [doa_node]: DOA угол: 212
[doa_node-8] [INFO] [1763554995.664879265] [doa_node]: DOA угол: 210
[doa_node-8] [INFO] [1763555002.674046180] [doa_node]: DOA угол: 211
[speech_to_text_node-1] [INFO] [1763555009.312807468] [speech_to_text_node]: 🎤 Распознано: 'смотрело сейчас на фоне видос этот про робота яндекс доставщика как как вот они там показали свой конвейр как у них эти роботы производятся там одни китайцы у них странны ну да там на заводе одни китайцы у них и странные интересное совпадение наверное просто какие то студенты практикуются'
[speech_to_text_node-1] [INFO] [1763555009.316798768] [speech_to_text_node]: ⏱️  Timing: feature=183ms, inference=21525ms, total=21715ms
[doa_node-8] [INFO] [1763555009.680821943] [doa_node]: DOA угол: 210
[doa_node-8] [INFO] [1763555016.688868768] [doa_node]: DOA угол: 210
[doa_node-8] [INFO] [1763555023.701298206] [doa_node]: DOA угол: 210
[doa_node-8] [INFO] [1763555030.724564694] [doa_node]: DOA угол: 210
[doa_node-8] [INFO] [1763555037.733300575] [doa_node]: DOA угол: 210
[doa_node-8] [INFO] [1763555044.756580773] [doa_node]: DOA угол: 210
[doa_node-8] [INFO] [1763555051.765423179] [doa_node]: DOA угол: 210
[doa_node-8] [INFO] [1763555058.785794976] [doa_node]: DOA угол: 210
[speech_to_text_node-1] [INFO] [1763555059.473891954] [speech_to_text_node]: 🎤 Распознано: 'ак нуладно'
[speech_to_text_node-1] [INFO] [1763555059.478360045] [speech_to_text_node]: ⏱️  Timing: feature=32ms, inference=2688ms, total=2727ms
[doa_node-8] [INFO] [1763555065.796269978] [doa_node]: DOA угол: 210
[doa_node-8] [INFO] [1763555072.805623850] [doa_node]: DOA угол: 210
[doa_node-8] [INFO] [1763555079.828755603] [doa_node]: DOA угол: 210
[doa_node-8] [INFO] [1763555086.836627852] [doa_node]: DOA угол: 210
[doa_node-8] [INFO] [1763555093.844486308] [doa_node]: DOA угол: 211
[doa_node-8] [INFO] [1763555100.852805039] [doa_node]: DOA угол: 211
[doa_node-8] [INFO] [1763555107.861408471] [doa_node]: DOA угол: 211
[doa_node-8] [INFO] [1763555114.885188355] [doa_node]: DOA угол: 211
[doa_node-8] [INFO] [1763555121.908529210] [doa_node]: DOA угол: 211
[doa_node-8] [INFO] [1763555128.916502617] [doa_node]: DOA угол: 211
[doa_node-8] [INFO] [1763555135.923903000] [doa_node]: DOA угол: 209
[recognition_node-2] [INFO] [1763555137.913733027] [recognition_node]: ⏸️ Распознавание деактивировано
[speech_to_text_node-1] [INFO] [1763555137.915730189] [speech_to_text_node]: 📡 SpeechToText выключен (TTS активен)
[recognition_node-2] [INFO] [1763555137.920444504] [recognition_node]: 🔔 Напоминание отправлено
[speech_to_text_node-1] [INFO] [1763555137.922731126] [speech_to_text_node]: 📡 SpeechToText выключен (TTS активен)
[silero_tts_node-4] [INFO] [1763555137.922903753] [silero_tts_node]: 🔇 Отключаю микрофон перед TTS
[silero_tts_node-4] [INFO] [1763555137.926118123] [silero_tts_node]: Синтез текста: Чтобы задать вопрос начните с ключевого слова Верт...
[silero_tts_node-4] [INFO] [1763555138.844225509] [silero_tts_node]: ✓ Синтез выполнен за 0.92 сек
[doa_node-8] [INFO] [1763555142.934706795] [doa_node]: DOA угол: 208
[silero_tts_node-4] [INFO] [1763555143.440978711] [silero_tts_node]: ✓ Аудио воспроизведено успешно
[silero_tts_node-4] [INFO] [1763555143.548692770] [silero_tts_node]: 🎤 Включаю микрофон после TTS
[speech_to_text_node-1] [INFO] [1763555143.548692863] [speech_to_text_node]: 📡 SpeechToText включен
[recognition_node-2] [INFO] [1763555143.549638852] [recognition_node]: ✅ Распознавание активировано
[speech_to_text_node-1] [INFO] [1763555143.556106869] [speech_to_text_node]: 📡 SpeechToText включен
[doa_node-8] [INFO] [1763555149.944156188] [doa_node]: DOA угол: 209
[speech_to_text_node-1] [INFO] [1763555155.132146399] [speech_to_text_node]: 🎤 Распознано: 'едн яца'
[speech_to_text_node-1] [INFO] [1763555155.136034428] [speech_to_text_node]: ⏱️  Timing: feature=30ms, inference=3247ms, total=3283ms
[doa_node-8] [INFO] [1763555156.963434088] [doa_node]: DOA угол: 210
[doa_node-8] [INFO] [1763555163.972782337] [doa_node]: DOA угол: 212
[doa_node-8] [INFO] [1763555170.977550005] [doa_node]: DOA угол: 211
[speech_to_text_node-1] [INFO] [1763555176.967561580] [speech_to_text_node]: 🎤 Распознано: 'они не отступят мы тем более демоны не отступят а мы тем более'
[speech_to_text_node-1] [INFO] [1763555176.971497367] [speech_to_text_node]: ⏱️  Timing: feature=81ms, inference=8830ms, total=8919ms
[doa_node-8] [INFO] [1763555177.985901163] [doa_node]: DOA угол: 211
[speech_to_text_node-1] [INFO] [1763555178.302906817] [speech_to_text_node]: 🎤 Распознано: 'та'
[speech_to_text_node-1] [INFO] [1763555178.306638459] [speech_to_text_node]: ⏱️  Timing: feature=12ms, inference=1314ms, total=7396ms
[doa_node-8] [INFO] [1763555184.996429293] [doa_node]: DOA угол: 211
[speech_to_text_node-1] [INFO] [1763555191.170805243] [speech_to_text_node]: 🎤 Распознано: 'ерманжить дайте оа'
[speech_to_text_node-1] [INFO] [1763555191.174919769] [speech_to_text_node]: ⏱️  Timing: feature=25ms, inference=1794ms, total=1823ms
[doa_node-8] [INFO] [1763555192.002386733] [doa_node]: DOA угол: 210
[speech_to_text_node-1] [INFO] [1763555193.345971131] [speech_to_text_node]: 🎤 Распознано: 'демоны уже есть'
[speech_to_text_node-1] [INFO] [1763555193.350419690] [speech_to_text_node]: ⏱️  Timing: feature=24ms, inference=1567ms, total=1597ms
[doa_node-8] [INFO] [1763555199.015168649] [doa_node]: DOA угол: 210
[doa_node-8] [INFO] [1763555206.037781690] [doa_node]: DOA угол: 211
[doa_node-8] [INFO] [1763555213.060739044] [doa_node]: DOA угол: 211
[doa_node-8] [INFO] [1763555220.068816187] [doa_node]: DOA угол: 211
[speech_to_text_node-1] [INFO] [1763555224.495881818] [speech_to_text_node]: 🎤 Распознано: 'ну я не уверен что они наоборот онодела'
[speech_to_text_node-1] [INFO] [1763555224.500132101] [speech_to_text_node]: ⏱️  Timing: feature=34ms, inference=3007ms, total=3047ms
[doa_node-8] [INFO] [1763555227.077184017] [doa_node]: DOA угол: 207
[doa_node-8] [INFO] [1763555234.082212151] [doa_node]: DOA угол: 213
[speech_to_text_node-1] [INFO] [1763555237.881071217] [speech_to_text_node]: 🎤 Распознано: 'давай блин ну ля'
[speech_to_text_node-1] [INFO] [1763555237.885015059] [speech_to_text_node]: ⏱️  Timing: feature=64ms, inference=6613ms, total=6682ms
[doa_node-8] [INFO] [1763555241.089824373] [doa_node]: DOA угол: 213
[speech_to_text_node-1] [INFO] [1763555241.311919873] [speech_to_text_node]: 🎤 Распознано: 'запусти пожалуйста еще раз кирилл'
[speech_to_text_node-1] [INFO] [1763555241.315575848] [speech_to_text_node]: ⏱️  Timing: feature=30ms, inference=3390ms, total=4405ms
[doa_node-8] [INFO] [1763555248.100091941] [doa_node]: DOA угол: 208
[speech_to_text_node-1] [INFO] [1763555251.716660410] [speech_to_text_node]: 🎤 Распознано: 'да нет все четко'
[speech_to_text_node-1] [INFO] [1763555251.720756769] [speech_to_text_node]: ⏱️  Timing: feature=25ms, inference=1886ms, total=1918ms
[doa_node-8] [INFO] [1763555255.110656293] [doa_node]: DOA угол: 35
[doa_node-8] [INFO] [1763555262.131452645] [doa_node]: DOA угол: 323
[speech_to_text_node-1] [INFO] [1763555264.778122012] [speech_to_text_node]: 🎤 Распознано: 'сейчас сейчас правая точнее сейчас сек сек сек'
[speech_to_text_node-1] [INFO] [1763555264.782049373] [speech_to_text_node]: ⏱️  Timing: feature=62ms, inference=6210ms, total=6279ms
[speech_to_text_node-1] [INFO] [1763555266.100960225] [speech_to_text_node]: 🎤 Распознано: 'можно'
[speech_to_text_node-1] [INFO] [1763555266.105378358] [speech_to_text_node]: ⏱️  Timing: feature=12ms, inference=1302ms, total=3704ms
[doa_node-8] [INFO] [1763555269.141191324] [doa_node]: DOA угол: 323
[doa_node-8] [INFO] [1763555276.149429979] [doa_node]: DOA угол: 325
[speech_to_text_node-1] [INFO] [1763555277.203145499] [speech_to_text_node]: 🎤 Распознано: 'четко'
[speech_to_text_node-1] [INFO] [1763555277.207092082] [speech_to_text_node]: ⏱️  Timing: feature=18ms, inference=979ms, total=1004ms
[doa_node-8] [INFO] [1763555283.158464471] [doa_node]: DOA угол: 145
[speech_to_text_node-1] [INFO] [1763555288.720285279] [speech_to_text_node]: 🎤 Распознано: 'оа давай назад назад давай назад леваяруа'
[speech_to_text_node-1] [INFO] [1763555288.724213639] [speech_to_text_node]: ⏱️  Timing: feature=48ms, inference=4368ms, total=4421ms
[doa_node-8] [INFO] [1763555290.178464680] [doa_node]: DOA угол: 214
[doa_node-8] [INFO] [1763555297.186378678] [doa_node]: DOA угол: 151
[speech_to_text_node-1] [INFO] [1763555297.379271359] [speech_to_text_node]: 🎤 Распознано: 'ну давай блин проститутка крутись'
[speech_to_text_node-1] [INFO] [1763555297.383237274] [speech_to_text_node]: ⏱️  Timing: feature=30ms, inference=2245ms, total=2280ms
[doa_node-8] [INFO] [1763555304.194336619] [doa_node]: DOA угол: 212
[speech_to_text_node-1] [INFO] [1763555304.369922116] [speech_to_text_node]: 🎤 Распознано: 'да крутится'
[speech_to_text_node-1] [INFO] [1763555304.377079567] [speech_to_text_node]: ⏱️  Timing: feature=22ms, inference=1744ms, total=1775ms
[doa_node-8] [INFO] [1763555311.207376314] [doa_node]: DOA угол: 210
[doa_node-8] [INFO] [1763555318.229668731] [doa_node]: DOA угол: 212
[recognition_node-2] [INFO] [1763555323.547601753] [recognition_node]: ⏸️ Распознавание деактивировано
[speech_to_text_node-1] [INFO] [1763555323.548313671] [speech_to_text_node]: 📡 SpeechToText выключен (TTS активен)
[recognition_node-2] [INFO] [1763555323.553112632] [recognition_node]: 🔔 Напоминание отправлено
[speech_to_text_node-1] [INFO] [1763555323.567352258] [speech_to_text_node]: 📡 SpeechToText выключен (TTS активен)
[silero_tts_node-4] [INFO] [1763555323.568106897] [silero_tts_node]: 🔇 Отключаю микрофон перед TTS
[silero_tts_node-4] [INFO] [1763555323.570672903] [silero_tts_node]: Синтез текста: Чтобы задать вопрос начните с ключевого слова Верт...
[doa_node-8] [INFO] [1763555325.250641628] [doa_node]: DOA угол: 212
[silero_tts_node-4] [INFO] [1763555325.578400445] [silero_tts_node]: ✓ Синтез выполнен за 2.00 сек
[silero_tts_node-4] [INFO] [1763555330.154659276] [silero_tts_node]: ✓ Аудио воспроизведено успешно
[speech_to_text_node-1] [INFO] [1763555330.258892879] [speech_to_text_node]: 📡 SpeechToText включен
[recognition_node-2] [INFO] [1763555330.259134876] [recognition_node]: ✅ Распознавание активировано
[speech_to_text_node-1] [INFO] [1763555330.263217513] [speech_to_text_node]: 📡 SpeechToText включен
[silero_tts_node-4] [INFO] [1763555330.268433561] [silero_tts_node]: 🎤 Включаю микрофон после TTS
[doa_node-8] [INFO] [1763555332.258157503] [doa_node]: DOA угол: 212
[doa_node-8] [INFO] [1763555339.267348973] [doa_node]: DOA угол: 212
[doa_node-8] [INFO] [1763555346.276396263] [doa_node]: DOA угол: 213
[doa_node-8] [INFO] [1763555353.283948280] [doa_node]: DOA угол: 214
[doa_node-8] [INFO] [1763555360.294728320] [doa_node]: DOA угол: 214
[doa_node-8] [INFO] [1763555367.318507378] [doa_node]: DOA угол: 213
[doa_node-8] [INFO] [1763555374.342516663] [doa_node]: DOA угол: 213
[doa_node-8] [INFO] [1763555381.364378222] [doa_node]: DOA угол: 213
[doa_node-8] [INFO] [1763555388.370924977] [doa_node]: DOA угол: 213
[doa_node-8] [INFO] [1763555395.382538088] [doa_node]: DOA угол: 213
[doa_node-8] [INFO] [1763555402.406720577] [doa_node]: DOA угол: 213
[doa_node-8] [INFO] [1763555409.411145391] [doa_node]: DOA угол: 213
[doa_node-8] [INFO] [1763555416.422959482] [doa_node]: DOA угол: 212
[speech_to_text_node-1] [INFO] [1763555419.947963273] [speech_to_text_node]: 🎤 Распознано: 'расчит'
[speech_to_text_node-1] [INFO] [1763555419.951941355] [speech_to_text_node]: ⏱️  Timing: feature=21ms, inference=1522ms, total=1548ms
[doa_node-8] [INFO] [1763555423.443218169] [doa_node]: DOA угол: 213
[speech_to_text_node-1] [INFO] [1763555425.420536590] [speech_to_text_node]: 🎤 Распознано: 'полная росина и'
[speech_to_text_node-1] [INFO] [1763555425.424361248] [speech_to_text_node]: ⏱️  Timing: feature=34ms, inference=2480ms, total=2520ms
[doa_node-8] [INFO] [1763555430.457476943] [doa_node]: DOA угол: 213
[speech_to_text_node-1] [INFO] [1763555431.796014122] [speech_to_text_node]: 🎤 Распознано: 'влево и вперед'
[speech_to_text_node-1] [INFO] [1763555431.800624547] [speech_to_text_node]: ⏱️  Timing: feature=23ms, inference=1668ms, total=1696ms
[doa_node-8] [INFO] [1763555437.478306228] [doa_node]: DOA угол: 213
[doa_node-8] [INFO] [1763555444.487247321] [doa_node]: DOA угол: 213
[speech_to_text_node-1] [INFO] [1763555449.117128444] [speech_to_text_node]: 🎤 Распознано: 'четко'
[speech_to_text_node-1] [INFO] [1763555449.121491483] [speech_to_text_node]: ⏱️  Timing: feature=19ms, inference=993ms, total=1017ms
[doa_node-8] [INFO] [1763555451.510249131] [doa_node]: DOA угол: 215
[doa_node-8] [INFO] [1763555458.518721524] [doa_node]: DOA угол: 215
[doa_node-8] [INFO] [1763555465.525117165] [doa_node]: DOA угол: 215
[speech_to_text_node-1] [INFO] [1763555470.018929128] [speech_to_text_node]: 🎤 Распознано: 'четко'
[speech_to_text_node-1] [INFO] [1763555470.023093948] [speech_to_text_node]: ⏱️  Timing: feature=19ms, inference=1344ms, total=1369ms
[speech_to_text_node-1] [INFO] [1763555471.269901792] [speech_to_text_node]: 🎤 Распознано: 'богалие'
[speech_to_text_node-1] [INFO] [1763555471.273727820] [speech_to_text_node]: ⏱️  Timing: feature=16ms, inference=798ms, total=819ms
[doa_node-8] [INFO] [1763555472.537426753] [doa_node]: DOA угол: 213
[speech_to_text_node-1] [INFO] [1763555474.156893656] [speech_to_text_node]: 🎤 Распознано: 'нов пирем'
[speech_to_text_node-1] [INFO] [1763555474.161097253] [speech_to_text_node]: ⏱️  Timing: feature=22ms, inference=1430ms, total=1457ms
[doa_node-8] [INFO] [1763555479.558708216] [doa_node]: DOA угол: 212
[doa_node-8] [INFO] [1763555486.563028684] [doa_node]: DOA угол: 33
[speech_to_text_node-1] [INFO] [1763555488.130637934] [speech_to_text_node]: 🎤 Распознано: 'погасли свечи'
[speech_to_text_node-1] [INFO] [1763555488.134471850] [speech_to_text_node]: ⏱️  Timing: feature=36ms, inference=2787ms, total=2830ms
[doa_node-8] [INFO] [1763555493.573200898] [doa_node]: DOA угол: 36
[speech_to_text_node-1] [INFO] [1763555499.449346900] [speech_to_text_node]: 🎤 Распознано: 'ну чуть чуть проехала'
[speech_to_text_node-1] [INFO] [1763555499.453309222] [speech_to_text_node]: ⏱️  Timing: feature=36ms, inference=3156ms, total=3199ms
[doa_node-8] [INFO] [1763555500.583956110] [doa_node]: DOA угол: 215
[speech_to_text_node-1] [INFO] [1763555505.661738785] [speech_to_text_node]: 🎤 Распознано: 'не это тридцать пять миллиметров'
[speech_to_text_node-1] [INFO] [1763555505.666005548] [speech_to_text_node]: ⏱️  Timing: feature=40ms, inference=3665ms, total=3711ms
[speech_to_text_node-1] [INFO] [1763555506.865325350] [speech_to_text_node]: 🎤 Распознано: 'не'
[speech_to_text_node-1] [INFO] [1763555506.869181303] [speech_to_text_node]: ⏱️  Timing: feature=12ms, inference=1183ms, total=2803ms
[doa_node-8] [INFO] [1763555507.607253450] [doa_node]: DOA угол: 215
[recognition_node-2] [INFO] [1763555510.267076400] [recognition_node]: ⏸️ Распознавание деактивировано
[speech_to_text_node-1] [INFO] [1763555510.270416433] [speech_to_text_node]: 📡 SpeechToText выключен (TTS активен)
[recognition_node-2] [INFO] [1763555510.286280703] [recognition_node]: 🔔 Напоминание отправлено
[speech_to_text_node-1] [INFO] [1763555510.308308082] [speech_to_text_node]: 📡 SpeechToText выключен (TTS активен)
[silero_tts_node-4] [INFO] [1763555510.329177605] [silero_tts_node]: 🔇 Отключаю микрофон перед TTS
[silero_tts_node-4] [INFO] [1763555510.334573114] [silero_tts_node]: Синтез текста: Чтобы задать вопрос начните с ключевого слова Верт...
[silero_tts_node-4] [INFO] [1763555512.259516095] [silero_tts_node]: ✓ Синтез выполнен за 1.92 сек
[speech_to_text_node-1] [INFO] [1763555513.965548244] [speech_to_text_node]: ⏱️  Timing: feature=33ms, inference=3726ms, total=3760ms
[doa_node-8] [INFO] [1763555514.631263788] [doa_node]: DOA угол: 214
[silero_tts_node-4] [INFO] [1763555516.899500331] [silero_tts_node]: ✓ Аудио воспроизведено успешно
[silero_tts_node-4] [INFO] [1763555517.006685967] [silero_tts_node]: 🎤 Включаю микрофон после TTS
[speech_to_text_node-1] [INFO] [1763555517.006914279] [speech_to_text_node]: 📡 SpeechToText включен
[recognition_node-2] [INFO] [1763555517.007788472] [recognition_node]: ✅ Распознавание активировано
[speech_to_text_node-1] [INFO] [1763555517.015930910] [speech_to_text_node]: 📡 SpeechToText включен
[doa_node-8] [INFO] [1763555521.635431447] [doa_node]: DOA угол: 143
[speech_to_text_node-1] [INFO] [1763555524.011770210] [speech_to_text_node]: 🎤 Распознано: 'погасли свечи'
[speech_to_text_node-1] [INFO] [1763555524.015486053] [speech_to_text_node]: ⏱️  Timing: feature=35ms, inference=2970ms, total=3011ms
[doa_node-8] [INFO] [1763555528.647259834] [doa_node]: DOA угол: 143
[speech_to_text_node-1] [INFO] [1763555534.354506433] [speech_to_text_node]: 🎤 Распознано: 'да вот теперь четко'
[speech_to_text_node-1] [INFO] [1763555534.358340405] [speech_to_text_node]: ⏱️  Timing: feature=24ms, inference=2222ms, total=2253ms
[doa_node-8] [INFO] [1763555535.653484705] [doa_node]: DOA угол: 34
[speech_to_text_node-1] [INFO] [1763555536.350778608] [speech_to_text_node]: 🎤 Распознано: 'теперьо'
[speech_to_text_node-1] [INFO] [1763555536.354736782] [speech_to_text_node]: ⏱️  Timing: feature=22ms, inference=1823ms, total=1850ms
[doa_node-8] [INFO] [1763555542.659373680] [doa_node]: DOA угол: 215
[speech_to_text_node-1] [INFO] [1763555544.585750954] [speech_to_text_node]: 🎤 Распознано: 'давай вот это самое страшное честно говоря честно сказать'
[speech_to_text_node-1] [INFO] [1763555544.589775701] [speech_to_text_node]: ⏱️  Timing: feature=44ms, inference=4036ms, total=4085ms
[doa_node-8] [INFO] [1763555549.669278300] [doa_node]: DOA угол: 215
[speech_to_text_node-1] [INFO] [1763555554.722033241] [speech_to_text_node]: 🎤 Распознано: 'я тоже кофе не люблю жесть'
[speech_to_text_node-1] [INFO] [1763555554.725969581] [speech_to_text_node]: ⏱️  Timing: feature=50ms, inference=4865ms, total=4921ms
[speech_to_text_node-1] [INFO] [1763555555.532344599] [speech_to_text_node]: 🎤 Распознано: 'ра'
[speech_to_text_node-1] [INFO] [1763555555.536296569] [speech_to_text_node]: ⏱️  Timing: feature=8ms, inference=792ms, total=2877ms
[doa_node-8] [INFO] [1763555556.679525444] [doa_node]: DOA угол: 216
[speech_to_text_node-1] [INFO] [1763555559.161930347] [speech_to_text_node]: 🎤 Распознано: 'ну давайте блин сучки'
[speech_to_text_node-1] [INFO] [1763555559.166749473] [speech_to_text_node]: ⏱️  Timing: feature=27ms, inference=2127ms, total=2163ms
[doa_node-8] [INFO] [1763555563.699681495] [doa_node]: DOA угол: 325
[speech_to_text_node-1] [INFO] [1763555564.708901095] [speech_to_text_node]: 🎤 Распознано: 'ну только не остановись падла'
[speech_to_text_node-1] [INFO] [1763555564.713011064] [speech_to_text_node]: ⏱️  Timing: feature=26ms, inference=2125ms, total=2158ms
[doa_node-8] [INFO] [1763555570.711878654] [doa_node]: DOA угол: 212
[speech_to_text_node-1] [INFO] [1763555575.953552421] [speech_to_text_node]: 🎤 Распознано: 'блин левая идеальная правая чуть чуть проехала'
[speech_to_text_node-1] [INFO] [1763555575.957555112] [speech_to_text_node]: ⏱️  Timing: feature=38ms, inference=4211ms, total=4254ms
[doa_node-8] [INFO] [1763555577.736600837] [doa_node]: DOA угол: 212
[doa_node-8] [INFO] [1763555584.745954738] [doa_node]: DOA угол: 214
[doa_node-8] [INFO] [1763555591.767117933] [doa_node]: DOA угол: 211
[doa_node-8] [INFO] [1763555598.776993613] [doa_node]: DOA угол: 33
[doa_node-8] [INFO] [1763555605.784240505] [doa_node]: DOA угол: 214
[doa_node-8] [INFO] [1763555612.807280420] [doa_node]: DOA угол: 33
[doa_node-8] [INFO] [1763555619.828673204] [doa_node]: DOA угол: 213
[doa_node-8] [INFO] [1763555626.852345994] [doa_node]: DOA угол: 215
[doa_node-8] [INFO] [1763555633.861324017] [doa_node]: DOA угол: 145
[doa_node-8] [INFO] [1763555640.867795809] [doa_node]: DOA угол: 125
[speech_to_text_node-1] [INFO] [1763555646.488395007] [speech_to_text_node]: 🎤 Распознано: 'где то сантиметра на два наверное три даже четыре ну да где то вот на четыре три ноль тридцать шесть миллие подожди на шесть миллиметров ну не побольше будет тут шести миллиметров мне кажется по ощущениям хотя может ошибаюсь так ну не понял да давай я переклею сейчас а давай и погасли свечи ы нолоде а я не встречу ой'
[speech_to_text_node-1] [INFO] [1763555646.492372291] [speech_to_text_node]: ⏱️  Timing: feature=258ms, inference=32222ms, total=32488ms
[speech_to_text_node-1] [INFO] [1763555647.676262225] [speech_to_text_node]: 🎤 Распознано: 'можно'
[speech_to_text_node-1] [INFO] [1763555647.680071344] [speech_to_text_node]: ⏱️  Timing: feature=11ms, inference=1167ms, total=31558ms
[doa_node-8] [INFO] [1763555647.877994147] [doa_node]: DOA угол: 90
[speech_to_text_node-1] [INFO] [1763555648.490867651] [speech_to_text_node]: 🎤 Распознано: 'е'
[speech_to_text_node-1] [INFO] [1763555648.494629086] [speech_to_text_node]: ⏱️  Timing: feature=8ms, inference=798ms, total=30732ms
[speech_to_text_node-1] [WARN] [1763555649.709855373] [speech_to_text_node]: Аудио статус: input overflow
[speech_to_text_node-1] [INFO] [1763555651.573428687] [speech_to_text_node]: 🎤 Распознано: 'оба колеса чуть чуть проехали вперед'
[speech_to_text_node-1] [INFO] [1763555651.577242177] [speech_to_text_node]: ⏱️  Timing: feature=28ms, inference=3046ms, total=17915ms
[doa_node-8] [INFO] [1763555654.886186952] [doa_node]: DOA угол: 270
[speech_to_text_node-1] [INFO] [1763555657.460522182] [speech_to_text_node]: 🎤 Распознано: 'не ну левая левая точнее всего вот левая вот это просто золотой стандарт'
[speech_to_text_node-1] [INFO] [1763555657.464563762] [speech_to_text_node]: ⏱️  Timing: feature=49ms, inference=5829ms, total=16009ms
[doa_node-8] [INFO] [1763555661.892434633] [doa_node]: DOA угол: 216
[speech_to_text_node-1] [INFO] [1763555664.204627434] [speech_to_text_node]: 🎤 Распознано: 'оно знаешь оно прям даже заметно то что одно колесо впервее стартуетова'
[speech_to_text_node-1] [INFO] [1763555664.209139823] [speech_to_text_node]: ⏱️  Timing: feature=59ms, inference=6676ms, total=12991ms
[speech_to_text_node-1] [INFO] [1763555667.983534973] [speech_to_text_node]: 🎤 Распознано: 'давай еще еще попробуем и скорость чуть побыстрее сделаем'
[speech_to_text_node-1] [INFO] [1763555667.987355815] [speech_to_text_node]: ⏱️  Timing: feature=35ms, inference=3733ms, total=10478ms
[doa_node-8] [INFO] [1763555668.902303102] [doa_node]: DOA угол: 213
[doa_node-8] [INFO] [1763555675.908401415] [doa_node]: DOA угол: 212
[speech_to_text_node-1] [INFO] [1763555677.854206455] [speech_to_text_node]: 🎤 Распознано: 'давай я сниму сейчас стой я сниму прям видео'
[speech_to_text_node-1] [INFO] [1763555677.858569549] [speech_to_text_node]: ⏱️  Timing: feature=45ms, inference=3944ms, total=3997ms
[doa_node-8] [INFO] [1763555682.920508283] [doa_node]: DOA угол: 212
[speech_to_text_node-1] [INFO] [1763555687.262377503] [speech_to_text_node]: 🎤 Распознано: 'давай можно'
[speech_to_text_node-1] [INFO] [1763555687.266139957] [speech_to_text_node]: ⏱️  Timing: feature=41ms, inference=3458ms, total=3504ms
[doa_node-8] [INFO] [1763555689.943333429] [doa_node]: DOA угол: 210
[doa_node-8] [INFO] [1763555696.953788914] [doa_node]: DOA угол: 210
[recognition_node-2] [INFO] [1763555697.010059478] [recognition_node]: ⏸️ Распознавание деактивировано
[speech_to_text_node-1] [INFO] [1763555697.012447985] [speech_to_text_node]: 📡 SpeechToText выключен (TTS активен)
[recognition_node-2] [INFO] [1763555697.015263858] [recognition_node]: 🔔 Напоминание отправлено
[speech_to_text_node-1] [INFO] [1763555697.018577058] [speech_to_text_node]: 📡 SpeechToText выключен (TTS активен)
[silero_tts_node-4] [INFO] [1763555697.019326067] [silero_tts_node]: 🔇 Отключаю микрофон перед TTS
[silero_tts_node-4] [INFO] [1763555697.022388492] [silero_tts_node]: Синтез текста: Чтобы задать вопрос начните с ключевого слова Верт...
[silero_tts_node-4] [INFO] [1763555697.953683317] [silero_tts_node]: ✓ Синтез выполнен за 0.93 сек
[silero_tts_node-4] [INFO] [1763555702.540367927] [silero_tts_node]: ✓ Аудио воспроизведено успешно
[silero_tts_node-4] [INFO] [1763555702.647191755] [silero_tts_node]: 🎤 Включаю микрофон после TTS
[speech_to_text_node-1] [INFO] [1763555702.648377426] [speech_to_text_node]: 📡 SpeechToText включен
[recognition_node-2] [INFO] [1763555702.650157904] [recognition_node]: ✅ Распознавание активировано
[speech_to_text_node-1] [INFO] [1763555702.654577164] [speech_to_text_node]: 📡 SpeechToText включен
[doa_node-8] [INFO] [1763555703.976139439] [doa_node]: DOA угол: 210
[doa_node-8] [INFO] [1763555710.980336858] [doa_node]: DOA угол: 210
[speech_to_text_node-1] [INFO] [1763555713.769751176] [speech_to_text_node]: 🎤 Распознано: 'сейчас скину'
[speech_to_text_node-1] [INFO] [1763555713.773508629] [speech_to_text_node]: ⏱️  Timing: feature=40ms, inference=3565ms, total=3610ms
[doa_node-8] [INFO] [1763555717.992168390] [doa_node]: DOA угол: 210
[doa_node-8] [INFO] [1763555725.012615319] [doa_node]: DOA угол: 202
[doa_node-8] [INFO] [1763555732.026516796] [doa_node]: DOA угол: 211
[doa_node-8] [INFO] [1763555739.048020147] [doa_node]: DOA угол: 143
[doa_node-8] [INFO] [1763555746.068404646] [doa_node]: DOA угол: 127
[speech_to_text_node-1] [INFO] [1763555747.189363979] [speech_to_text_node]: 🎤 Распознано: 'капец это сейчас сейчас тули извиня оду кофе пилс ну а так то кофе тоже не люблю же есть'
[speech_to_text_node-1] [INFO] [1763555747.193361615] [speech_to_text_node]: ⏱️  Timing: feature=70ms, inference=7405ms, total=7481ms
[doa_node-8] [INFO] [1763555753.077803324] [doa_node]: DOA угол: 217
[doa_node-8] [INFO] [1763555760.086805586] [doa_node]: DOA угол: 217
[doa_node-8] [INFO] [1763555767.095615320] [doa_node]: DOA угол: 217
[doa_node-8] [INFO] [1763555774.104206453] [doa_node]: DOA угол: 217
[doa_node-8] [INFO] [1763555781.127085656] [doa_node]: DOA угол: 217
[doa_node-8] [INFO] [1763555788.135893727] [doa_node]: DOA угол: 217
[doa_node-8] [INFO] [1763555795.144160294] [doa_node]: DOA угол: 217
[doa_node-8] [INFO] [1763555802.152613515] [doa_node]: DOA угол: 217
[doa_node-8] [INFO] [1763555809.174163879] [doa_node]: DOA угол: 217
[doa_node-8] [INFO] [1763555816.182446638] [doa_node]: DOA угол: 217
[speech_to_text_node-1] [INFO] [1763555821.450707804] [speech_to_text_node]: 🎤 Распознано: 'нихуя'
[speech_to_text_node-1] [INFO] [1763555821.454589423] [speech_to_text_node]: ⏱️  Timing: feature=29ms, inference=2058ms, total=2092ms
[doa_node-8] [INFO] [1763555823.193802351] [doa_node]: DOA угол: 213
[doa_node-8] [INFO] [1763555830.215888940] [doa_node]: DOA угол: 211
[doa_node-8] [INFO] [1763555837.223040392] [doa_node]: DOA угол: 214
[doa_node-8] [INFO] [1763555844.229550992] [doa_node]: DOA угол: 93
[doa_node-8] [INFO] [1763555851.243486770] [doa_node]: DOA угол: 270
[doa_node-8] [INFO] [1763555858.266261134] [doa_node]: DOA угол: 211
[doa_node-8] [INFO] [1763555865.287186459] [doa_node]: DOA угол: 212
[doa_node-8] [INFO] [1763555872.299098593] [doa_node]: DOA угол: 210
[doa_node-8] [INFO] [1763555879.322819704] [doa_node]: DOA угол: 211
[recognition_node-2] [INFO] [1763555882.650115264] [recognition_node]: ⏸️ Распознавание деактивировано
[speech_to_text_node-1] [INFO] [1763555882.651254731] [speech_to_text_node]: 📡 SpeechToText выключен (TTS активен)
[recognition_node-2] [INFO] [1763555882.657306341] [recognition_node]: 🔔 Напоминание отправлено
[speech_to_text_node-1] [INFO] [1763555882.658890507] [speech_to_text_node]: 📡 SpeechToText выключен (TTS активен)
[silero_tts_node-4] [INFO] [1763555882.659785310] [silero_tts_node]: 🔇 Отключаю микрофон перед TTS
[silero_tts_node-4] [INFO] [1763555882.663355599] [silero_tts_node]: Синтез текста: Чтобы задать вопрос начните с ключевого слова Верт...
[silero_tts_node-4] [INFO] [1763555883.587108879] [silero_tts_node]: ✓ Синтез выполнен за 0.92 сек
[doa_node-8] [INFO] [1763555886.346060019] [doa_node]: DOA угол: 209
[silero_tts_node-4] [INFO] [1763555888.177904770] [silero_tts_node]: ✓ Аудио воспроизведено успешно
[silero_tts_node-4] [INFO] [1763555888.283034460] [silero_tts_node]: 🎤 Включаю микрофон после TTS
[speech_to_text_node-1] [INFO] [1763555888.284059947] [speech_to_text_node]: 📡 SpeechToText включен
[recognition_node-2] [INFO] [1763555888.284686698] [recognition_node]: ✅ Распознавание активировано
[speech_to_text_node-1] [INFO] [1763555888.290677846] [speech_to_text_node]: 📡 SpeechToText включен
[doa_node-8] [INFO] [1763555893.355219429] [doa_node]: DOA угол: 211
[doa_node-8] [INFO] [1763555900.373351704] [doa_node]: DOA угол: 211
[doa_node-8] [INFO] [1763555907.381635931] [doa_node]: DOA угол: 209
[speech_to_text_node-1] [INFO] [1763555907.813024696] [speech_to_text_node]: 🎤 Распознано: 'блиука ноги болят'
[speech_to_text_node-1] [INFO] [1763555907.816817241] [speech_to_text_node]: ⏱️  Timing: feature=77ms, inference=8272ms, total=8355ms
[doa_node-8] [INFO] [1763555914.391568651] [doa_node]: DOA угол: 209
[doa_node-8] [INFO] [1763555921.402503354] [doa_node]: DOA угол: 331
[doa_node-8] [INFO] [1763555928.422495403] [doa_node]: DOA угол: 215
[doa_node-8] [INFO] [1763555935.429895606] [doa_node]: DOA угол: 214
[speech_to_text_node-1] [INFO] [1763555936.125351234] [speech_to_text_node]: 🎤 Распознано: 'а то так представь если одно колесо раньше стартует то робот всегда чуть чуть'
[speech_to_text_node-1] [INFO] [1763555936.129284499] [speech_to_text_node]: ⏱️  Timing: feature=61ms, inference=6449ms, total=6516ms
[speech_to_text_node-1] [INFO] [1763555936.949151702] [speech_to_text_node]: 🎤 Распознано: 'удалит'
[speech_to_text_node-1] [INFO] [1763555936.953542166] [speech_to_text_node]: ⏱️  Timing: feature=8ms, inference=806ms, total=5842ms
[speech_to_text_node-1] [INFO] [1763555939.374575811] [speech_to_text_node]: 🎤 Распознано: 'прям'
[speech_to_text_node-1] [INFO] [1763555939.378336819] [speech_to_text_node]: ⏱️  Timing: feature=22ms, inference=2394ms, total=4667ms
[speech_to_text_node-1] [INFO] [1763555940.365890796] [speech_to_text_node]: 🎤 Распознано: 'как так'
[speech_to_text_node-1] [INFO] [1763555940.369687212] [speech_to_text_node]: ⏱️  Timing: feature=9ms, inference=973ms, total=2952ms
[doa_node-8] [INFO] [1763555942.443494839] [doa_node]: DOA угол: 213
[doa_node-8] [INFO] [1763555949.463875763] [doa_node]: DOA угол: 211
[speech_to_text_node-1] [INFO] [1763555954.193677093] [speech_to_text_node]: 🎤 Распознано: 'ну типасти и а'
[speech_to_text_node-1] [INFO] [1763555954.197637210] [speech_to_text_node]: ⏱️  Timing: feature=66ms, inference=6963ms, total=7034ms
[doa_node-8] [INFO] [1763555956.470583817] [doa_node]: DOA угол: 209
[speech_to_text_node-1] [INFO] [1763555958.564752861] [speech_to_text_node]: 🎤 Распознано: 'пбтвниена то как та было'
[speech_to_text_node-1] [INFO] [1763555958.569039141] [speech_to_text_node]: ⏱️  Timing: feature=38ms, inference=4313ms, total=5091ms
[doa_node-8] [INFO] [1763555963.478906127] [doa_node]: DOA угол: 210
[speech_to_text_node-1] [INFO] [1763555965.846844630] [speech_to_text_node]: 🎤 Распознано: 'ой как много'
[speech_to_text_node-1] [INFO] [1763555965.850592046] [speech_to_text_node]: ⏱️  Timing: feature=39ms, inference=3344ms, total=3388ms
[doa_node-8] [INFO] [1763555970.487629263] [doa_node]: DOA угол: 210
[doa_node-8] [INFO] [1763555977.494026426] [doa_node]: DOA угол: 212
[speech_to_text_node-1] [INFO] [1763555980.133277003] [speech_to_text_node]: 🎤 Распознано: 'пожалуйста пожалуйста работайт пожалуйта'
[speech_to_text_node-1] [INFO] [1763555980.137231454] [speech_to_text_node]: ⏱️  Timing: feature=32ms, inference=2787ms, total=2824ms
[doa_node-8] [INFO] [1763555984.505720596] [doa_node]: DOA угол: 210
[doa_node-8] [INFO] [1763555991.517516078] [doa_node]: DOA угол: 208
[speech_to_text_node-1] [INFO] [1763555998.094755517] [speech_to_text_node]: 🎤 Распознано: 'работа тебе сказал работай ногу ногу управ что выдумали выдумал'
[speech_to_text_node-1] [INFO] [1763555998.099245127] [speech_to_text_node]: ⏱️  Timing: feature=65ms, inference=6764ms, total=6836ms
[doa_node-8] [INFO] [1763555998.534134295] [doa_node]: DOA угол: 213
[speech_to_text_node-1] [INFO] [1763555999.986259247] [speech_to_text_node]: 🎤 Распознано: 'надо ного знат то тодумать'
[speech_to_text_node-1] [INFO] [1763555999.990643322] [speech_to_text_node]: ⏱️  Timing: feature=19ms, inference=1863ms, total=5860ms
[speech_to_text_node-1] [INFO] [1763556001.985829493] [speech_to_text_node]: 🎤 Распознано: 'там было закиданоут'
[speech_to_text_node-1] [INFO] [1763556001.989627835] [speech_to_text_node]: ⏱️  Timing: feature=20ms, inference=1970ms, total=2611ms
[doa_node-8] [INFO] [1763556005.546570637] [doa_node]: DOA угол: 208
[doa_node-8] [INFO] [1763556012.567564316] [doa_node]: DOA угол: 214
[doa_node-8] [INFO] [1763556019.574176194] [doa_node]: DOA угол: 211
[speech_to_text_node-1] [INFO] [1763556020.186767151] [speech_to_text_node]: 🎤 Распознано: 'вделмахачи сталратэтивесовыхчепико'
[speech_to_text_node-1] [INFO] [1763556020.190706083] [speech_to_text_node]: ⏱️  Timing: feature=63ms, inference=6359ms, total=6427ms
[doa_node-8] [INFO] [1763556026.585822731] [doa_node]: DOA угол: 211
[doa_node-8] [INFO] [1763556033.609496914] [doa_node]: DOA угол: 208
[doa_node-8] [INFO] [1763556040.619992466] [doa_node]: DOA угол: 210
[doa_node-8] [INFO] [1763556047.637566615] [doa_node]: DOA угол: 212
[speech_to_text_node-1] [INFO] [1763556049.726645889] [speech_to_text_node]: 🎤 Распознано: 'да не валяются они просто волятся'
[speech_to_text_node-1] [INFO] [1763556049.730553951] [speech_to_text_node]: ⏱️  Timing: feature=35ms, inference=2928ms, total=2967ms
[speech_to_text_node-1] [INFO] [1763556054.605162170] [speech_to_text_node]: 🎤 Распознано: 'бк'
[speech_to_text_node-1] [INFO] [1763556054.609369469] [speech_to_text_node]: ⏱️  Timing: feature=16ms, inference=923ms, total=946ms
[doa_node-8] [INFO] [1763556054.645881437] [doa_node]: DOA угол: 213
[doa_node-8] [INFO] [1763556061.658182674] [doa_node]: DOA угол: 213
[recognition_node-2] [INFO] [1763556068.288361204] [recognition_node]: ⏸️ Распознавание деактивировано
[speech_to_text_node-1] [INFO] [1763556068.289672392] [speech_to_text_node]: 📡 SpeechToText выключен (TTS активен)
[recognition_node-2] [INFO] [1763556068.298238840] [recognition_node]: 🔔 Напоминание отправлено
[silero_tts_node-4] [INFO] [1763556068.300063854] [silero_tts_node]: 🔇 Отключаю микрофон перед TTS
[speech_to_text_node-1] [INFO] [1763556068.301956645] [speech_to_text_node]: 📡 SpeechToText выключен (TTS активен)
[silero_tts_node-4] [INFO] [1763556068.302988521] [silero_tts_node]: Синтез текста: Чтобы задать вопрос начните с ключевого слова Верт...
[doa_node-8] [INFO] [1763556068.679083526] [doa_node]: DOA угол: 213
[silero_tts_node-4] [INFO] [1763556069.243112710] [silero_tts_node]: ✓ Синтез выполнен за 0.94 сек
[silero_tts_node-4] [INFO] [1763556073.823160351] [silero_tts_node]: ✓ Аудио воспроизведено успешно
[silero_tts_node-4] [INFO] [1763556073.927020474] [silero_tts_node]: 🎤 Включаю микрофон после TTS
[speech_to_text_node-1] [INFO] [1763556073.927587281] [speech_to_text_node]: 📡 SpeechToText включен
[recognition_node-2] [INFO] [1763556073.928822895] [recognition_node]: ✅ Распознавание активировано
[speech_to_text_node-1] [INFO] [1763556073.932741531] [speech_to_text_node]: 📡 SpeechToText включен
[doa_node-8] [INFO] [1763556075.688988536] [doa_node]: DOA угол: 213
[doa_node-8] [INFO] [1763556082.697763155] [doa_node]: DOA угол: 213
[doa_node-8] [INFO] [1763556089.721870658] [doa_node]: DOA угол: 213
[doa_node-8] [INFO] [1763556096.745109193] [doa_node]: DOA угол: 213
[doa_node-8] [INFO] [1763556103.752900498] [doa_node]: DOA угол: 213
[doa_node-8] [INFO] [1763556110.760874989] [doa_node]: DOA угол: 211
[doa_node-8] [INFO] [1763556117.768442766] [doa_node]: DOA угол: 211
[doa_node-8] [INFO] [1763556124.800612552] [doa_node]: DOA угол: 209
[speech_to_text_node-1] [INFO] [1763556131.744657856] [speech_to_text_node]: 🎤 Распознано: 'давай поехали'
[speech_to_text_node-1] [INFO] [1763556131.749483258] [speech_to_text_node]: ⏱️  Timing: feature=69ms, inference=7057ms, total=7135ms
[doa_node-8] [INFO] [1763556131.831467543] [doa_node]: DOA угол: 330
[speech_to_text_node-1] [INFO] [1763556133.632281918] [speech_to_text_node]: 🎤 Распознано: 'все четко'
[speech_to_text_node-1] [INFO] [1763556133.636188740] [speech_to_text_node]: ⏱️  Timing: feature=17ms, inference=1861ms, total=3314ms
[doa_node-8] [INFO] [1763556138.854100215] [doa_node]: DOA угол: 209
[speech_to_text_node-1] [INFO] [1763556140.881409481] [speech_to_text_node]: 🎤 Распознано: 'ну нет чуть чуть тут проехала и тут ну да прям оба'
[speech_to_text_node-1] [INFO] [1763556140.885352765] [speech_to_text_node]: ⏱️  Timing: feature=48ms, inference=4219ms, total=4272ms
[speech_to_text_node-1] [INFO] [1763556142.695044339] [speech_to_text_node]: 🎤 Распознано: 'да да да кайф'
[speech_to_text_node-1] [INFO] [1763556142.698808588] [speech_to_text_node]: ⏱️  Timing: feature=15ms, inference=1790ms, total=3669ms
[speech_to_text_node-1] [INFO] [1763556144.374811692] [speech_to_text_node]: 🎤 Распознано: 'давай'
[speech_to_text_node-1] [INFO] [1763556144.379117286] [speech_to_text_node]: ⏱️  Timing: feature=16ms, inference=1654ms, total=2809ms
[speech_to_text_node-1] [INFO] [1763556145.104678390] [speech_to_text_node]: 🎤 Распознано: 'хочу'
[speech_to_text_node-1] [INFO] [1763556145.108979577] [speech_to_text_node]: ⏱️  Timing: feature=6ms, inference=711ms, total=2333ms
[doa_node-8] [INFO] [1763556145.867055828] [doa_node]: DOA угол: 210
[speech_to_text_node-1] [INFO] [1763556152.128383485] [speech_to_text_node]: 🎤 Распознано: 'ну да давай'
[speech_to_text_node-1] [INFO] [1763556152.132373194] [speech_to_text_node]: ⏱️  Timing: feature=39ms, inference=3923ms, total=3968ms
[doa_node-8] [INFO] [1763556152.890296871] [doa_node]: DOA угол: 206
[speech_to_text_node-1] [INFO] [1763556156.635373795] [speech_to_text_node]: 🎤 Распознано: 'я думал скорость скорость чуть побольше'
[speech_to_text_node-1] [INFO] [1763556156.639543150] [speech_to_text_node]: ⏱️  Timing: feature=40ms, inference=3328ms, total=3375ms
[doa_node-8] [INFO] [1763556159.910830507] [doa_node]: DOA угол: 207
[speech_to_text_node-1] [INFO] [1763556160.478394168] [speech_to_text_node]: 🎤 Распознано: 'да'
[speech_to_text_node-1] [INFO] [1763556160.482464284] [speech_to_text_node]: ⏱️  Timing: feature=29ms, inference=2231ms, total=2266ms
[doa_node-8] [INFO] [1763556166.921485661] [doa_node]: DOA угол: 213
[doa_node-8] [INFO] [1763556173.927949873] [doa_node]: DOA угол: 324
[speech_to_text_node-1] [INFO] [1763556174.313734022] [speech_to_text_node]: 🎤 Распознано: 'блин право проехала'
[speech_to_text_node-1] [INFO] [1763556174.317723768] [speech_to_text_node]: ⏱️  Timing: feature=30ms, inference=2268ms, total=2303ms
[speech_to_text_node-1] [INFO] [1763556177.430442288] [speech_to_text_node]: 🎤 Распознано: 'правая побольше проехала'
[speech_to_text_node-1] [INFO] [1763556177.434369406] [speech_to_text_node]: ⏱️  Timing: feature=27ms, inference=2088ms, total=2120ms
[doa_node-8] [INFO] [1763556180.936705616] [doa_node]: DOA угол: 210
[speech_to_text_node-1] [INFO] [1763556181.239710435] [speech_to_text_node]: 🎤 Распознано: 'угу'
[speech_to_text_node-1] [INFO] [1763556181.243493480] [speech_to_text_node]: ⏱️  Timing: feature=23ms, inference=1701ms, total=1729ms
[doa_node-8] [INFO] [1763556187.945422106] [doa_node]: DOA угол: 212
[doa_node-8] [INFO] [1763556194.950558942] [doa_node]: DOA угол: 210
[speech_to_text_node-1] [INFO] [1763556197.712619024] [speech_to_text_node]: 🎤 Распознано: 'ну сколько вот показывает правое колесо на пять миллиметров не ну не побольше тут'
[speech_to_text_node-1] [INFO] [1763556197.716424309] [speech_to_text_node]: ⏱️  Timing: feature=70ms, inference=7327ms, total=7402ms
[speech_to_text_node-1] [INFO] [1763556199.781406642] [speech_to_text_node]: 🎤 Распознано: 'неможегдет исву'
[speech_to_text_node-1] [INFO] [1763556199.785191946] [speech_to_text_node]: ⏱️  Timing: feature=17ms, inference=2043ms, total=3455ms
[doa_node-8] [INFO] [1763556201.960454649] [doa_node]: DOA угол: 211
[speech_to_text_node-1] [INFO] [1763556206.217321749] [speech_to_text_node]: 🎤 Распознано: 'короче короче'
[speech_to_text_node-1] [INFO] [1763556206.221090553] [speech_to_text_node]: ⏱️  Timing: feature=39ms, inference=3112ms, total=3156ms
[doa_node-8] [INFO] [1763556208.966096860] [doa_node]: DOA угол: 210
[doa_node-8] [INFO] [1763556215.975093201] [doa_node]: DOA угол: 211
[speech_to_text_node-1] [INFO] [1763556218.771903942] [speech_to_text_node]: 🎤 Распознано: 'давай давай пять оборотов сделаемну давай'
[speech_to_text_node-1] [INFO] [1763556218.777067359] [speech_to_text_node]: ⏱️  Timing: feature=63ms, inference=6490ms, total=6560ms
[speech_to_text_node-1] [INFO] [1763556222.622213678] [speech_to_text_node]: 🎤 Распознано: 'ну но'
[speech_to_text_node-1] [INFO] [1763556222.625961835] [speech_to_text_node]: ⏱️  Timing: feature=34ms, inference=3774ms, total=3813ms
[doa_node-8] [INFO] [1763556222.988373291] [doa_node]: DOA угол: 210
[doa_node-8] [INFO] [1763556230.010394203] [doa_node]: DOA угол: 325
[doa_node-8] [INFO] [1763556237.033778492] [doa_node]: DOA угол: 325
[doa_node-8] [INFO] [1763556244.042324382] [doa_node]: DOA угол: 325
[doa_node-8] [INFO] [1763556251.066204919] [doa_node]: DOA угол: 215
[recognition_node-2] [INFO] [1763556253.928775548] [recognition_node]: ⏸️ Распознавание деактивировано
[recognition_node-2] [INFO] [1763556253.932491446] [recognition_node]: 🔔 Напоминание отправлено
[speech_to_text_node-1] [INFO] [1763556253.935857403] [speech_to_text_node]: 📡 SpeechToText выключен (TTS активен)
[silero_tts_node-4] [INFO] [1763556253.947205964] [silero_tts_node]: 🔇 Отключаю микрофон перед TTS
[speech_to_text_node-1] [INFO] [1763556253.947307092] [speech_to_text_node]: 📡 SpeechToText выключен (TTS активен)
[silero_tts_node-4] [INFO] [1763556253.953352313] [silero_tts_node]: Синтез текста: Чтобы задать вопрос начните с ключевого слова Верт...
[speech_to_text_node-1] [INFO] [1763556254.806961486] [speech_to_text_node]: ⏱️  Timing: feature=31ms, inference=3255ms, total=3286ms
[silero_tts_node-4] [INFO] [1763556255.516945747] [silero_tts_node]: ✓ Синтез выполнен за 1.56 сек
[doa_node-8] [INFO] [1763556258.075586683] [doa_node]: DOA угол: 212
[silero_tts_node-4] [INFO] [1763556260.100709320] [silero_tts_node]: ✓ Аудио воспроизведено успешно
[silero_tts_node-4] [INFO] [1763556260.205624757] [silero_tts_node]: 🎤 Включаю микрофон после TTS
[speech_to_text_node-1] [INFO] [1763556260.206890982] [speech_to_text_node]: 📡 SpeechToText включен
[recognition_node-2] [INFO] [1763556260.206927833] [recognition_node]: ✅ Распознавание активировано
[speech_to_text_node-1] [INFO] [1763556260.214957658] [speech_to_text_node]: 📡 SpeechToText включен
[doa_node-8] [INFO] [1763556265.084688179] [doa_node]: DOA угол: 211
[doa_node-8] [INFO] [1763556272.105777679] [doa_node]: DOA угол: 210
[doa_node-8] [INFO] [1763556279.114504305] [doa_node]: DOA угол: 204
[speech_to_text_node-1] [INFO] [1763556280.474976864] [speech_to_text_node]: 🎤 Распознано: 'ну да а левая нормально вот почему с чего так вот такая фигня именно'
[speech_to_text_node-1] [INFO] [1763556280.479031017] [speech_to_text_node]: ⏱️  Timing: feature=75ms, inference=7733ms, total=7814ms
[doa_node-8] [INFO] [1763556286.135759652] [doa_node]: DOA угол: 208
[doa_node-8] [INFO] [1763556293.143236049] [doa_node]: DOA угол: 207
[speech_to_text_node-1] [INFO] [1763556293.164206748] [speech_to_text_node]: 🎤 Распознано: 'ну да я не знаю может этое так может что попробуем без это на пылу его'
[speech_to_text_node-1] [INFO] [1763556293.168265252] [speech_to_text_node]: ⏱️  Timing: feature=79ms, inference=8419ms, total=8503ms
[speech_to_text_node-1] [INFO] [1763556295.308292684] [speech_to_text_node]: 🎤 Распознано: 'чтобы он поездил'
[speech_to_text_node-1] [INFO] [1763556295.314025260] [speech_to_text_node]: ⏱️  Timing: feature=19ms, inference=2116ms, total=7486ms
[speech_to_text_node-1] [INFO] [1763556297.161951021] [speech_to_text_node]: 🎤 Распознано: 'давай'
[speech_to_text_node-1] [INFO] [1763556297.166746238] [speech_to_text_node]: ⏱️  Timing: feature=15ms, inference=1828ms, total=6944ms
[speech_to_text_node-1] [INFO] [1763556299.176054168] [speech_to_text_node]: 🎤 Распознано: 'так да'
[speech_to_text_node-1] [INFO] [1763556299.180464149] [speech_to_text_node]: ⏱️  Timing: feature=19ms, inference=1985ms, total=6117ms
[doa_node-8] [INFO] [1763556300.155106936] [doa_node]: DOA угол: 210
[speech_to_text_node-1] [INFO] [1763556306.385000598] [speech_to_text_node]: 🎤 Распознано: 'тоже надо будет сохранить'
[speech_to_text_node-1] [INFO] [1763556306.388864957] [speech_to_text_node]: ⏱️  Timing: feature=53ms, inference=5316ms, total=5374ms
[doa_node-8] [INFO] [1763556307.164521270] [doa_node]: DOA угол: 334
[doa_node-8] [INFO] [1763556314.184547977] [doa_node]: DOA угол: 200
[speech_to_text_node-1] [INFO] [1763556318.862784058] [speech_to_text_node]: 🎤 Распознано: 'погасли свечи так а что на проводе будем его или сразбери'
[speech_to_text_node-1] [INFO] [1763556318.869184551] [speech_to_text_node]: ⏱️  Timing: feature=72ms, inference=7422ms, total=7504ms
[speech_to_text_node-1] [INFO] [1763556319.762653895] [speech_to_text_node]: 🎤 Распознано: 'д'
[speech_to_text_node-1] [INFO] [1763556319.766611956] [speech_to_text_node]: ⏱️  Timing: feature=8ms, inference=878ms, total=5254ms
[doa_node-8] [INFO] [1763556321.191035771] [doa_node]: DOA угол: 209
[doa_node-8] [INFO] [1763556328.202350105] [doa_node]: DOA угол: 146
[doa_node-8] [INFO] [1763556335.209804329] [doa_node]: DOA угол: 207
[speech_to_text_node-1] [INFO] [1763556339.312561890] [speech_to_text_node]: 🎤 Распознано: 'ну да тогда понял тогда давай так'
[speech_to_text_node-1] [INFO] [1763556339.316445211] [speech_to_text_node]: ⏱️  Timing: feature=67ms, inference=6579ms, total=6651ms
[doa_node-8] [INFO] [1763556342.234420289] [doa_node]: DOA угол: 208
[doa_node-8] [INFO] [1763556349.242868426] [doa_node]: DOA угол: 212
[doa_node-8] [INFO] [1763556356.248633827] [doa_node]: DOA угол: 205
[doa_node-8] [INFO] [1763556363.259407229] [doa_node]: DOA угол: 331
[doa_node-8] [INFO] [1763556370.282386172] [doa_node]: DOA угол: 210
[speech_to_text_node-1] [INFO] [1763556376.883596781] [speech_to_text_node]: 🎤 Распознано: 'так ну можно сейчас'
[speech_to_text_node-1] [INFO] [1763556376.887783487] [speech_to_text_node]: ⏱️  Timing: feature=24ms, inference=1742ms, total=1773ms
[doa_node-8] [INFO] [1763556377.293256073] [doa_node]: DOA угол: 203
[speech_to_text_node-1] [INFO] [1763556379.412742043] [speech_to_text_node]: 🎤 Распознано: 'сейчас маркер возьму'
[speech_to_text_node-1] [INFO] [1763556379.416733140] [speech_to_text_node]: ⏱️  Timing: feature=25ms, inference=1722ms, total=1752ms
[doa_node-8] [INFO] [1763556384.311519520] [doa_node]: DOA угол: 202
[speech_to_text_node-1] [INFO] [1763556386.995706561] [speech_to_text_node]: 🎤 Распознано: 'маты ха ха ага маты маты'
[speech_to_text_node-1] [INFO] [1763556386.999482551] [speech_to_text_node]: ⏱️  Timing: feature=38ms, inference=3141ms, total=3184ms
[speech_to_text_node-1] [INFO] [1763556390.087321810] [speech_to_text_node]: 🎤 Распознано: 'манты епты'
[speech_to_text_node-1] [INFO] [1763556390.091150299] [speech_to_text_node]: ⏱️  Timing: feature=31ms, inference=2338ms, total=2376ms
[doa_node-8] [INFO] [1763556391.320780534] [doa_node]: DOA угол: 205
[doa_node-8] [INFO] [1763556398.333566717] [doa_node]: DOA угол: 206
[speech_to_text_node-1] [INFO] [1763556399.942029409] [speech_to_text_node]: 🎤 Распознано: 'такутак'
[speech_to_text_node-1] [INFO] [1763556399.945927693] [speech_to_text_node]: ⏱️  Timing: feature=16ms, inference=811ms, total=832ms
[doa_node-8] [INFO] [1763556405.353771409] [doa_node]: DOA угол: 184
[speech_to_text_node-1] [INFO] [1763556407.326498647] [speech_to_text_node]: 🎤 Распознано: 'давай кирилл метр попробуем проехать'
[speech_to_text_node-1] [INFO] [1763556407.330272154] [speech_to_text_node]: ⏱️  Timing: feature=35ms, inference=2925ms, total=2965ms
[speech_to_text_node-1] [INFO] [1763556408.902718742] [speech_to_text_node]: 🎤 Распознано: 'ну'
[speech_to_text_node-1] [INFO] [1763556408.906496713] [speech_to_text_node]: ⏱️  Timing: feature=15ms, inference=1553ms, total=1828ms
[doa_node-8] [INFO] [1763556412.361079570] [doa_node]: DOA угол: 156
[speech_to_text_node-1] [INFO] [1763556416.876904577] [speech_to_text_node]: 🎤 Распознано: 'скорость да да можно маленькую'
[speech_to_text_node-1] [INFO] [1763556416.880783435] [speech_to_text_node]: ⏱️  Timing: feature=27ms, inference=2132ms, total=2166ms
[doa_node-8] [INFO] [1763556419.370046275] [doa_node]: DOA угол: 171
[doa_node-8] [INFO] [1763556426.379067730] [doa_node]: DOA угол: 207
[doa_node-8] [INFO] [1763556433.403315448] [doa_node]: DOA угол: 207
[speech_to_text_node-1] [INFO] [1763556435.637248858] [speech_to_text_node]: 🎤 Распознано: 'яя'
[speech_to_text_node-1] [INFO] [1763556435.641119957] [speech_to_text_node]: ⏱️  Timing: feature=26ms, inference=1844ms, total=1876ms
[recognition_node-2] [INFO] [1763556440.206765280] [recognition_node]: ⏸️ Распознавание деактивировано
[speech_to_text_node-1] [INFO] [1763556440.208107707] [speech_to_text_node]: 📡 SpeechToText выключен (TTS активен)
[recognition_node-2] [INFO] [1763556440.211742773] [recognition_node]: 🔔 Напоминание отправлено
[speech_to_text_node-1] [INFO] [1763556440.223586382] [speech_to_text_node]: 📡 SpeechToText выключен (TTS активен)
[silero_tts_node-4] [INFO] [1763556440.230759106] [silero_tts_node]: 🔇 Отключаю микрофон перед TTS
[silero_tts_node-4] [INFO] [1763556440.236048114] [silero_tts_node]: Синтез текста: Чтобы задать вопрос начните с ключевого слова Верт...
[doa_node-8] [INFO] [1763556440.423428302] [doa_node]: DOA угол: 211
[silero_tts_node-4] [INFO] [1763556442.395909642] [silero_tts_node]: ✓ Синтез выполнен за 2.15 сек
[speech_to_text_node-1] [INFO] [1763556443.505829842] [speech_to_text_node]: ⏱️  Timing: feature=41ms, inference=4598ms, total=4640ms
[silero_tts_node-4] [INFO] [1763556447.032366306] [silero_tts_node]: ✓ Аудио воспроизведено успешно
[silero_tts_node-4] [INFO] [1763556447.140102260] [silero_tts_node]: 🎤 Включаю микрофон после TTS
[speech_to_text_node-1] [INFO] [1763556447.142094123] [speech_to_text_node]: 📡 SpeechToText включен
[recognition_node-2] [INFO] [1763556447.142924002] [recognition_node]: ✅ Распознавание активировано
[speech_to_text_node-1] [INFO] [1763556447.148144584] [speech_to_text_node]: 📡 SpeechToText включен
[doa_node-8] [INFO] [1763556447.432852857] [doa_node]: DOA угол: 211
[doa_node-8] [INFO] [1763556454.441350601] [doa_node]: DOA угол: 208
[speech_to_text_node-1] [INFO] [1763556456.499188803] [speech_to_text_node]: 🎤 Распознано: 'авот оно вот оно в чем беда'
[speech_to_text_node-1] [INFO] [1763556456.503198011] [speech_to_text_node]: ⏱️  Timing: feature=36ms, inference=3046ms, total=3088ms
[doa_node-8] [INFO] [1763556461.453322201] [doa_node]: DOA угол: 341
[doa_node-8] [INFO] [1763556468.476544836] [doa_node]: DOA угол: 332
[doa_node-8] [INFO] [1763556475.498119299] [doa_node]: DOA угол: 332
[doa_node-8] [INFO] [1763556482.503618087] [doa_node]: DOA угол: 30
[doa_node-8] [INFO] [1763556489.511391783] [doa_node]: DOA угол: 214
[speech_to_text_node-1] [INFO] [1763556491.321358570] [speech_to_text_node]: 🎤 Распознано: 'он короче при такой низкой скорости он не может провернуть пвм не хватает и он просто стоит да он просто стоит пищит ну она скорость то и так низкая и она видимо еще замедляется и он просто левое левое колесо пытается докрутить'
[speech_to_text_node-1] [INFO] [1763556491.325334445] [speech_to_text_node]: ⏱️  Timing: feature=137ms, inference=15267ms, total=15410ms
[doa_node-8] [INFO] [1763556496.524220445] [doa_node]: DOA угол: 210
[doa_node-8] [INFO] [1763556503.531106416] [doa_node]: DOA угол: 217
[doa_node-8] [INFO] [1763556510.536097570] [doa_node]: DOA угол: 215
[doa_node-8] [INFO] [1763556517.543731646] [doa_node]: DOA угол: 215
[doa_node-8] [INFO] [1763556524.552394018] [doa_node]: DOA угол: 199
[speech_to_text_node-1] [INFO] [1763556526.471703246] [speech_to_text_node]: 🎤 Распознано: 'и левоя чуть чуть н не может докрутить и пищит стоит я его приподнял колесо раз прокрутилось и вседасейчас я позамерюю кирилл сколько проехал то'
[speech_to_text_node-1] [INFO] [1763556526.476177134] [speech_to_text_node]: ⏱️  Timing: feature=186ms, inference=21117ms, total=21312ms
[speech_to_text_node-1] [INFO] [1763556528.279639160] [speech_to_text_node]: 🎤 Распознано: 'э'
[speech_to_text_node-1] [INFO] [1763556528.284022160] [speech_to_text_node]: ⏱️  Timing: feature=9ms, inference=1130ms, total=18762ms
[speech_to_text_node-1] [INFO] [1763556530.662301730] [speech_to_text_node]: 🎤 Распознано: 'блин ну проехал девяносто сантиметров'
[speech_to_text_node-1] [INFO] [1763556530.666761785] [speech_to_text_node]: ⏱️  Timing: feature=23ms, inference=2348ms, total=6145ms
[doa_node-8] [INFO] [1763556531.566423963] [doa_node]: DOA угол: 200
[speech_to_text_node-1] [INFO] [1763556537.554866354] [speech_to_text_node]: 🎤 Распознано: 'может это из за того что он чуть чуть сворачивал'
[speech_to_text_node-1] [INFO] [1763556537.558635954] [speech_to_text_node]: ⏱️  Timing: feature=41ms, inference=3697ms, total=3743ms
[speech_to_text_node-1] [INFO] [1763556538.548723598] [speech_to_text_node]: 🎤 Распознано: 'может быть'
[speech_to_text_node-1] [INFO] [1763556538.552511236] [speech_to_text_node]: ⏱️  Timing: feature=10ms, inference=975ms, total=2182ms
[doa_node-8] [INFO] [1763556538.585937868] [doa_node]: DOA угол: 341
[speech_to_text_node-1] [INFO] [1763556540.258998670] [speech_to_text_node]: 🎤 Распознано: 'тре'
[speech_to_text_node-1] [INFO] [1763556540.264937484] [speech_to_text_node]: ⏱️  Timing: feature=20ms, inference=1172ms, total=1198ms
[speech_to_text_node-1] [INFO] [1763556542.825847870] [speech_to_text_node]: 🎤 Распознано: 'давай сейчас'
[speech_to_text_node-1] [INFO] [1763556542.829645841] [speech_to_text_node]: ⏱️  Timing: feature=22ms, inference=1335ms, total=1364ms
[speech_to_text_node-1] [INFO] [1763556544.853229912] [speech_to_text_node]: 🎤 Распознано: 'я его по это'
[speech_to_text_node-1] [INFO] [1763556544.857083289] [speech_to_text_node]: ⏱️  Timing: feature=20ms, inference=1267ms, total=1292ms
[doa_node-8] [INFO] [1763556545.595809223] [doa_node]: DOA угол: 209
[speech_to_text_node-1] [INFO] [1763556548.230427508] [speech_to_text_node]: 🎤 Распознано: 'да нормально'
[speech_to_text_node-1] [INFO] [1763556548.234232386] [speech_to_text_node]: ⏱️  Timing: feature=22ms, inference=1792ms, total=1818ms
[doa_node-8] [INFO] [1763556552.616495174] [doa_node]: DOA угол: 231
[speech_to_text_node-1] [INFO] [1763556555.182407178] [speech_to_text_node]: 🎤 Распознано: 'сейчас я его на исходную поставлю'
[speech_to_text_node-1] [INFO] [1763556555.186161020] [speech_to_text_node]: ⏱️  Timing: feature=35ms, inference=2880ms, total=2920ms
[speech_to_text_node-1] [INFO] [1763556558.937520286] [speech_to_text_node]: 🎤 Распознано: 'ану ай'
[speech_to_text_node-1] [INFO] [1763556558.941330885] [speech_to_text_node]: ⏱️  Timing: feature=30ms, inference=1990ms, total=2025ms
[doa_node-8] [INFO] [1763556559.625553118] [doa_node]: DOA угол: 219
[speech_to_text_node-1] [INFO] [1763556565.076494232] [speech_to_text_node]: 🎤 Распознано: 'сейчас'
[speech_to_text_node-1] [INFO] [1763556565.080582476] [speech_to_text_node]: ⏱️  Timing: feature=16ms, inference=792ms, total=815ms
[doa_node-8] [INFO] [1763556566.635724894] [doa_node]: DOA угол: 215
[doa_node-8] [INFO] [1763556573.659654118] [doa_node]: DOA угол: 212
[doa_node-8] [INFO] [1763556580.669678439] [doa_node]: DOA угол: 206
[speech_to_text_node-1] [INFO] [1763556582.788728125] [speech_to_text_node]: 🎤 Распознано: 'можно'
[speech_to_text_node-1] [INFO] [1763556582.792771722] [speech_to_text_node]: ⏱️  Timing: feature=17ms, inference=1104ms, total=1126ms
[doa_node-8] [INFO] [1763556587.692597182] [doa_node]: DOA угол: 213
[doa_node-8] [INFO] [1763556594.712557846] [doa_node]: DOA угол: 214
[doa_node-8] [INFO] [1763556601.725698034] [doa_node]: DOA угол: 215
[doa_node-8] [INFO] [1763556608.743957800] [doa_node]: DOA угол: 145
[speech_to_text_node-1] [INFO] [1763556610.679211602] [speech_to_text_node]: 🎤 Распознано: 'да левай ему дури что то не хватает в конце'
[speech_to_text_node-1] [INFO] [1763556610.683144904] [speech_to_text_node]: ⏱️  Timing: feature=48ms, inference=4365ms, total=4418ms
[doa_node-8] [INFO] [1763556615.754596712] [doa_node]: DOA угол: 214
[speech_to_text_node-1] [INFO] [1763556618.591971982] [speech_to_text_node]: 🎤 Распознано: 'да да да'
[speech_to_text_node-1] [INFO] [1763556618.595765730] [speech_to_text_node]: ⏱️  Timing: feature=21ms, inference=1204ms, total=1230ms
[doa_node-8] [INFO] [1763556622.765544744] [doa_node]: DOA угол: 216
[recognition_node-2] [INFO] [1763556627.139108121] [recognition_node]: ⏸️ Распознавание деактивировано
[speech_to_text_node-1] [INFO] [1763556627.140094923] [speech_to_text_node]: 📡 SpeechToText выключен (TTS активен)
[recognition_node-2] [INFO] [1763556627.142529985] [recognition_node]: 🔔 Напоминание отправлено
[speech_to_text_node-1] [INFO] [1763556627.160048282] [speech_to_text_node]: 📡 SpeechToText выключен (TTS активен)
[silero_tts_node-4] [INFO] [1763556627.161248340] [silero_tts_node]: 🔇 Отключаю микрофон перед TTS
[silero_tts_node-4] [INFO] [1763556627.164464578] [silero_tts_node]: Синтез текста: Чтобы задать вопрос начните с ключевого слова Верт...
[silero_tts_node-4] [INFO] [1763556629.163741491] [silero_tts_node]: ✓ Синтез выполнен за 1.99 сек
[doa_node-8] [INFO] [1763556629.784640834] [doa_node]: DOA угол: 219
[speech_to_text_node-1] [INFO] [1763556630.056790796] [speech_to_text_node]: ⏱️  Timing: feature=39ms, inference=4251ms, total=4291ms
[speech_to_text_node-1] [INFO] [1763556630.792369466] [speech_to_text_node]: ⏱️  Timing: feature=7ms, inference=725ms, total=3970ms
[silero_tts_node-4] [INFO] [1763556633.771228662] [silero_tts_node]: ✓ Аудио воспроизведено успешно
[silero_tts_node-4] [INFO] [1763556633.879260109] [silero_tts_node]: 🎤 Включаю микрофон после TTS
[recognition_node-2] [INFO] [1763556633.879390366] [recognition_node]: ✅ Распознавание активировано
[speech_to_text_node-1] [INFO] [1763556633.879566346] [speech_to_text_node]: 📡 SpeechToText включен
[speech_to_text_node-1] [INFO] [1763556633.885972691] [speech_to_text_node]: 📡 SpeechToText включен
[doa_node-8] [INFO] [1763556636.797404610] [doa_node]: DOA угол: 246
[doa_node-8] [INFO] [1763556643.816876350] [doa_node]: DOA угол: 244
[speech_to_text_node-1] [INFO] [1763556644.910498707] [speech_to_text_node]: 🎤 Распознано: 'он он будет просто вот так пу дергать останавливаться вот так вот и качаться'
[speech_to_text_node-1] [INFO] [1763556644.914424824] [speech_to_text_node]: ⏱️  Timing: feature=45ms, inference=4549ms, total=4599ms
[doa_node-8] [INFO] [1763556650.826015327] [doa_node]: DOA угол: 239
[speech_to_text_node-1] [INFO] [1763556657.363162701] [speech_to_text_node]: 🎤 Распознано: 'ор'
[speech_to_text_node-1] [INFO] [1763556657.366987134] [speech_to_text_node]: ⏱️  Timing: feature=23ms, inference=1423ms, total=1451ms
[doa_node-8] [INFO] [1763556657.835968103] [doa_node]: DOA угол: 235
[speech_to_text_node-1] [INFO] [1763556660.359628444] [speech_to_text_node]: 🎤 Распознано: 'угу'
[speech_to_text_node-1] [INFO] [1763556660.363701336] [speech_to_text_node]: ⏱️  Timing: feature=19ms, inference=972ms, total=998ms
[doa_node-8] [INFO] [1763556664.860146194] [doa_node]: DOA угол: 232
[speech_to_text_node-1] [INFO] [1763556665.876045718] [speech_to_text_node]: 🎤 Распознано: 'так'
[speech_to_text_node-1] [INFO] [1763556665.879805652] [speech_to_text_node]: ⏱️  Timing: feature=16ms, inference=791ms, total=813ms
[speech_to_text_node-1] [INFO] [1763556667.345919438] [speech_to_text_node]: 🎤 Распознано: 'мать'
[speech_to_text_node-1] [INFO] [1763556667.349705761] [speech_to_text_node]: ⏱️  Timing: feature=18ms, inference=910ms, total=933ms
[doa_node-8] [INFO] [1763556671.870218570] [doa_node]: DOA угол: 142
[speech_to_text_node-1] [INFO] [1763556676.438731139] [speech_to_text_node]: 🎤 Распознано: 'ну давай'
[speech_to_text_node-1] [INFO] [1763556676.442579294] [speech_to_text_node]: ⏱️  Timing: feature=30ms, inference=2341ms, total=2376ms
[doa_node-8] [INFO] [1763556678.893137629] [doa_node]: DOA угол: 142
[speech_to_text_node-1] [INFO] [1763556683.597437049] [speech_to_text_node]: 🎤 Распознано: 'давайвперед'
[speech_to_text_node-1] [INFO] [1763556683.601229075] [speech_to_text_node]: ⏱️  Timing: feature=29ms, inference=2151ms, total=2184ms
[doa_node-8] [INFO] [1763556685.916658527] [doa_node]: DOA угол: 218
[speech_to_text_node-1] [INFO] [1763556688.286812934] [speech_to_text_node]: 🎤 Распознано: 'а'
[speech_to_text_node-1] [INFO] [1763556688.290795661] [speech_to_text_node]: ⏱️  Timing: feature=24ms, inference=1446ms, total=1474ms
[speech_to_text_node-1] [INFO] [1763556689.395364356] [speech_to_text_node]: 🎤 Распознано: 'давай'
[speech_to_text_node-1] [INFO] [1763556689.399291084] [speech_to_text_node]: ⏱️  Timing: feature=18ms, inference=910ms, total=933ms
[speech_to_text_node-1] [INFO] [1763556691.984804058] [speech_to_text_node]: 🎤 Распознано: 'только не метр'
[speech_to_text_node-1] [INFO] [1763556691.988613140] [speech_to_text_node]: ⏱️  Timing: feature=14ms, inference=1406ms, total=1424ms
[doa_node-8] [INFO] [1763556692.924576989] [doa_node]: DOA угол: 143
[doa_node-8] [INFO] [1763556699.930707134] [doa_node]: DOA угол: 32
[speech_to_text_node-1] [INFO] [1763556702.081098969] [speech_to_text_node]: 🎤 Распознано: 'ну давай там сантиметров'
[speech_to_text_node-1] [INFO] [1763556702.084977383] [speech_to_text_node]: ⏱️  Timing: feature=44ms, inference=4120ms, total=4169ms
[doa_node-8] [INFO] [1763556706.938396718] [doa_node]: DOA угол: 216
[speech_to_text_node-1] [INFO] [1763556711.266149488] [speech_to_text_node]: 🎤 Распознано: 'он же просто от этих от проводов'
[speech_to_text_node-1] [INFO] [1763556711.270386712] [speech_to_text_node]: ⏱️  Timing: feature=56ms, inference=5492ms, total=5554ms
[speech_to_text_node-1] [INFO] [1763556713.353724172] [speech_to_text_node]: 🎤 Распознано: 'давай'
[speech_to_text_node-1] [INFO] [1763556713.357541235] [speech_to_text_node]: ⏱️  Timing: feature=19ms, inference=2059ms, total=4493ms
[doa_node-8] [INFO] [1763556713.948707764] [doa_node]: DOA угол: 217
[speech_to_text_node-1] [INFO] [1763556720.354341263] [speech_to_text_node]: 🎤 Распознано: 'ну скорость тоже докрутить не может'
[speech_to_text_node-1] [INFO] [1763556720.358156010] [speech_to_text_node]: ⏱️  Timing: feature=31ms, inference=2604ms, total=2642ms
[doa_node-8] [INFO] [1763556720.969141751] [doa_node]: DOA угол: 294
[doa_node-8] [INFO] [1763556727.978433079] [doa_node]: DOA угол: 296
[doa_node-8] [INFO] [1763556734.986931097] [doa_node]: DOA угол: 216
[speech_to_text_node-1] [INFO] [1763556736.422063117] [speech_to_text_node]: 🎤 Распознано: 'нда докрутить не может надо да что то выбирать короче'
[speech_to_text_node-1] [INFO] [1763556736.426033270] [speech_to_text_node]: ⏱️  Timing: feature=36ms, inference=2916ms, total=2959ms
[doa_node-8] [INFO] [1763556741.997554065] [doa_node]: DOA угол: 237
[doa_node-8] [INFO] [1763556749.020072618] [doa_node]: DOA угол: 248
[doa_node-8] [INFO] [1763556756.027015568] [doa_node]: DOA угол: 239
[doa_node-8] [INFO] [1763556763.033189783] [doa_node]: DOA угол: 120
[doa_node-8] [INFO] [1763556770.040534941] [doa_node]: DOA угол: 118
[speech_to_text_node-1] [INFO] [1763556770.403188456] [speech_to_text_node]: 🎤 Распознано: 'на ну вот это вот замедление мне кажется минимально у него должно быть там ну от двадцать мы делали это самое  а это сейчас сделано двадцать давай наверное да что нибудь типа такого'
[speech_to_text_node-1] [INFO] [1763556770.407103721] [speech_to_text_node]: ⏱️  Timing: feature=138ms, inference=15046ms, total=15190ms
[speech_to_text_node-1] [INFO] [1763556771.773536386] [speech_to_text_node]: 🎤 Распознано: 'ну'
[speech_to_text_node-1] [INFO] [1763556771.778031477] [speech_to_text_node]: ⏱️  Timing: feature=13ms, inference=1348ms, total=14155ms
[doa_node-8] [INFO] [1763556777.049707535] [doa_node]: DOA угол: 217
[doa_node-8] [INFO] [1763556784.056824707] [doa_node]: DOA угол: 123
[speech_to_text_node-1] [INFO] [1763556784.256821301] [speech_to_text_node]: 🎤 Распознано: 'сейчас'
[speech_to_text_node-1] [INFO] [1763556784.260735252] [speech_to_text_node]: ⏱️  Timing: feature=17ms, inference=972ms, total=995ms
[doa_node-8] [INFO] [1763556791.069077420] [doa_node]: DOA угол: 90
[doa_node-8] [INFO] [1763556798.092646689] [doa_node]: DOA угол: 90
[doa_node-8] [INFO] [1763556805.113189882] [doa_node]: DOA угол: 205
[speech_to_text_node-1] [INFO] [1763556805.909853228] [speech_to_text_node]: 🎤 Распознано: 'давай сейчас я на исходную'
[speech_to_text_node-1] [INFO] [1763556805.915341825] [speech_to_text_node]: ⏱️  Timing: feature=29ms, inference=2062ms, total=2096ms
[speech_to_text_node-1] [INFO] [1763556807.064743014] [speech_to_text_node]: 🎤 Распознано: 'рянесу'
[speech_to_text_node-1] [INFO] [1763556807.069215142] [speech_to_text_node]: ⏱️  Timing: feature=8ms, inference=1135ms, total=1739ms
[doa_node-8] [INFO] [1763556812.124869942] [doa_node]: DOA угол: 205
[recognition_node-2] [INFO] [1763556813.877072860] [recognition_node]: ⏸️ Распознавание деактивировано
[speech_to_text_node-1] [INFO] [1763556813.881609376] [speech_to_text_node]: 📡 SpeechToText выключен (TTS активен)
[recognition_node-2] [INFO] [1763556813.881786226] [recognition_node]: 🔔 Напоминание отправлено
[speech_to_text_node-1] [INFO] [1763556813.895786863] [speech_to_text_node]: 📡 SpeechToText выключен (TTS активен)
[silero_tts_node-4] [INFO] [1763556813.896330875] [silero_tts_node]: 🔇 Отключаю микрофон перед TTS
[silero_tts_node-4] [INFO] [1763556813.899078192] [silero_tts_node]: Синтез текста: Чтобы задать вопрос начните с ключевого слова Верт...
[silero_tts_node-4] [INFO] [1763556815.481778683] [silero_tts_node]: ✓ Синтез выполнен за 1.58 сек
[doa_node-8] [INFO] [1763556819.147067347] [doa_node]: DOA угол: 209
[silero_tts_node-4] [INFO] [1763556820.061919305] [silero_tts_node]: ✓ Аудио воспроизведено успешно
[silero_tts_node-4] [INFO] [1763556820.170400596] [silero_tts_node]: 🎤 Включаю микрофон после TTS
[speech_to_text_node-1] [INFO] [1763556820.170502428] [speech_to_text_node]: 📡 SpeechToText включен
[recognition_node-2] [INFO] [1763556820.173697480] [recognition_node]: ✅ Распознавание активировано
[speech_to_text_node-1] [INFO] [1763556820.178916655] [speech_to_text_node]: 📡 SpeechToText включен
[doa_node-8] [INFO] [1763556826.157253585] [doa_node]: DOA угол: 222
[speech_to_text_node-1] [INFO] [1763556829.500702956] [speech_to_text_node]: 🎤 Распознано: 'ой как же ты вер ты уже заколебал тебя таскать а'
[speech_to_text_node-1] [INFO] [1763556829.504562666] [speech_to_text_node]: ⏱️  Timing: feature=36ms, inference=2995ms, total=3037ms
[speech_to_text_node-1] [INFO] [1763556830.950759405] [speech_to_text_node]: 🎤 Распознано: 'неудобно'
[speech_to_text_node-1] [INFO] [1763556830.954541357] [speech_to_text_node]: ⏱️  Timing: feature=14ms, inference=1427ms, total=2090ms
[doa_node-8] [INFO] [1763556833.176851293] [doa_node]: DOA угол: 329
[speech_to_text_node-1] [INFO] [1763556833.611820371] [speech_to_text_node]: 🎤 Распознано: 'надо какие то ручки ему придумать'
[speech_to_text_node-1] [INFO] [1763556833.615513583] [speech_to_text_node]: ⏱️  Timing: feature=27ms, inference=1864ms, total=1898ms
[doa_node-8] [INFO] [1763556840.188397247] [doa_node]: DOA угол: 213
[doa_node-8] [INFO] [1763556847.193004229] [doa_node]: DOA угол: 202
[speech_to_text_node-1] [INFO] [1763556848.145138731] [speech_to_text_node]: 🎤 Распознано: 'ну заднее колесо это трэш просто'
[speech_to_text_node-1] [INFO] [1763556848.149505046] [speech_to_text_node]: ⏱️  Timing: feature=27ms, inference=2151ms, total=2183ms
[doa_node-8] [INFO] [1763556854.201921839] [doa_node]: DOA угол: 206
[speech_to_text_node-1] [INFO] [1763556857.756884243] [speech_to_text_node]: 🎤 Распознано: 'так'
[speech_to_text_node-1] [INFO] [1763556857.760829174] [speech_to_text_node]: ⏱️  Timing: feature=17ms, inference=972ms, total=994ms
[doa_node-8] [INFO] [1763556861.211403827] [doa_node]: DOA угол: 332
[speech_to_text_node-1] [INFO] [1763556862.198503995] [speech_to_text_node]: 🎤 Распознано: 'ет'
[speech_to_text_node-1] [INFO] [1763556862.202869329] [speech_to_text_node]: ⏱️  Timing: feature=24ms, inference=1355ms, total=1386ms
[doa_node-8] [INFO] [1763556868.216875658] [doa_node]: DOA угол: 236
[speech_to_text_node-1] [INFO] [1763556868.265930740] [speech_to_text_node]: 🎤 Распознано: 'давай скорость д скорость может что нибудь типа'
[speech_to_text_node-1] [INFO] [1763556868.269948096] [speech_to_text_node]: ⏱️  Timing: feature=37ms, inference=2909ms, total=2953ms
[speech_to_text_node-1] [INFO] [1763556874.549115950] [speech_to_text_node]: 🎤 Распознано: 'давай пофиг газ'
[speech_to_text_node-1] [INFO] [1763556874.553266453] [speech_to_text_node]: ⏱️  Timing: feature=29ms, inference=2301ms, total=2336ms
[doa_node-8] [INFO] [1763556875.229964556] [doa_node]: DOA угол: 147
[doa_node-8] [INFO] [1763556882.249861772] [doa_node]: DOA угол: 215
[speech_to_text_node-1] [INFO] [1763556883.640803817] [speech_to_text_node]: 🎤 Распознано: 'готос'
[speech_to_text_node-1] [INFO] [1763556883.645158539] [speech_to_text_node]: ⏱️  Timing: feature=22ms, inference=1500ms, total=1527ms
[speech_to_text_node-1] [INFO] [1763556887.532985010] [speech_to_text_node]: 🎤 Распознано: 'ой'
[speech_to_text_node-1] [INFO] [1763556887.536726278] [speech_to_text_node]: ⏱️  Timing: feature=22ms, inference=1342ms, total=1369ms
[doa_node-8] [INFO] [1763556889.261496200] [doa_node]: DOA угол: 216
[speech_to_text_node-1] [INFO] [1763556895.753041369] [speech_to_text_node]: 🎤 Распознано: 'замедление удалим'
[speech_to_text_node-1] [INFO] [1763556895.756861672] [speech_to_text_node]: ⏱️  Timing: feature=20ms, inference=1163ms, total=1190ms
[doa_node-8] [INFO] [1763556896.281941105] [doa_node]: DOA угол: 211
[doa_node-8] [INFO] [1763556903.293433695] [doa_node]: DOA угол: 326
[doa_node-8] [INFO] [1763556910.299547109] [doa_node]: DOA угол: 200
[speech_to_text_node-1] [INFO] [1763556912.384552514] [speech_to_text_node]: 🎤 Распознано: 'ну слушай вот сейчас точнее всего девяносто шесть'
[speech_to_text_node-1] [INFO] [1763556912.389224899] [speech_to_text_node]: ⏱️  Timing: feature=45ms, inference=4271ms, total=4322ms
[doa_node-8] [INFO] [1763556917.309727246] [doa_node]: DOA угол: 241
[speech_to_text_node-1] [INFO] [1763556924.146104158] [speech_to_text_node]: 🎤 Распознано: 'и скорость вот это хорошая то есть мне кажется типа восемьдесят девяносто для него это нормально'
[speech_to_text_node-1] [INFO] [1763556924.150084219] [speech_to_text_node]: ⏱️  Timing: feature=60ms, inference=5967ms, total=6032ms
[doa_node-8] [INFO] [1763556924.332765753] [doa_node]: DOA угол: 37
[speech_to_text_node-1] [INFO] [1763556929.627484719] [speech_to_text_node]: 🎤 Распознано: 'да замедляется достаточно быстро'
[speech_to_text_node-1] [INFO] [1763556929.631616185] [speech_to_text_node]: ⏱️  Timing: feature=46ms, inference=3962ms, total=4015ms
[doa_node-8] [INFO] [1763556931.341541383] [doa_node]: DOA угол: 24
[doa_node-8] [INFO] [1763556938.361320592] [doa_node]: DOA угол: 329
[speech_to_text_node-1] [INFO] [1763556938.767695937] [speech_to_text_node]: 🎤 Распознано: 'давай давай попробуем'
[speech_to_text_node-1] [INFO] [1763556938.771416723] [speech_to_text_node]: ⏱️  Timing: feature=23ms, inference=2438ms, total=2493ms
[doa_node-8] [INFO] [1763556945.372574462] [doa_node]: DOA угол: 329
[doa_node-8] [INFO] [1763556952.381900780] [doa_node]: DOA угол: 189
[speech_to_text_node-1] [INFO] [1763556955.079760849] [speech_to_text_node]: 🎤 Распознано: 'так сейчас кирилл давай может что нибудь'
[speech_to_text_node-1] [INFO] [1763556955.083497987] [speech_to_text_node]: ⏱️  Timing: feature=31ms, inference=2131ms, total=2166ms
[doa_node-8] [INFO] [1763556959.404896328] [doa_node]: DOA угол: 198
[speech_to_text_node-1] [INFO] [1763556966.220345544] [speech_to_text_node]: 🎤 Распознано: 'давай скорость попробуем'
[speech_to_text_node-1] [INFO] [1763556966.225157575] [speech_to_text_node]: ⏱️  Timing: feature=28ms, inference=1874ms, total=1907ms
[doa_node-8] [INFO] [1763556966.415761083] [doa_node]: DOA угол: 205
[speech_to_text_node-1] [INFO] [1763556969.828240842] [speech_to_text_node]: 🎤 Распознано: 'типа что нибудь сто вот так вот может'
[speech_to_text_node-1] [INFO] [1763556969.832279921] [speech_to_text_node]: ⏱️  Timing: feature=29ms, inference=2329ms, total=2365ms
[doa_node-8] [INFO] [1763556973.439022641] [doa_node]: DOA угол: 90
[doa_node-8] [INFO] [1763556980.461249968] [doa_node]: DOA угол: 270
[speech_to_text_node-1] [INFO] [1763556982.320990982] [speech_to_text_node]: 🎤 Распознано: 'ну мне интересно просто закономерность чем мы повышаем скорость тем он точнее едет'
[speech_to_text_node-1] [INFO] [1763556982.325064819] [speech_to_text_node]: ⏱️  Timing: feature=51ms, inference=4895ms, total=4957ms
[speech_to_text_node-1] [INFO] [1763556987.449895385] [speech_to_text_node]: 🎤 Распознано: 'так ну давай'
[speech_to_text_node-1] [INFO] [1763556987.453701337] [speech_to_text_node]: ⏱️  Timing: feature=35ms, inference=2847ms, total=2887ms
[doa_node-8] [INFO] [1763556987.467230276] [doa_node]: DOA угол: 270
[doa_node-8] [INFO] [1763556994.475579200] [doa_node]: DOA угол: 206
[recognition_node-2] [INFO] [1763557000.168840901] [recognition_node]: ⏸️ Распознавание деактивировано
[recognition_node-2] [INFO] [1763557000.172869961] [recognition_node]: 🔔 Напоминание отправлено
[speech_to_text_node-1] [INFO] [1763557000.173988706] [speech_to_text_node]: 📡 SpeechToText выключен (TTS активен)
[speech_to_text_node-1] [INFO] [1763557000.182920889] [speech_to_text_node]: 📡 SpeechToText выключен (TTS активен)
[silero_tts_node-4] [INFO] [1763557000.187893511] [silero_tts_node]: 🔇 Отключаю микрофон перед TTS
[silero_tts_node-4] [INFO] [1763557000.190827344] [silero_tts_node]: Синтез текста: Чтобы задать вопрос начните с ключевого слова Верт...
[doa_node-8] [INFO] [1763557001.498430474] [doa_node]: DOA угол: 200
[silero_tts_node-4] [INFO] [1763557002.078550390] [silero_tts_node]: ✓ Синтез выполнен за 1.89 сек
[speech_to_text_node-1] [INFO] [1763557002.363888528] [speech_to_text_node]: ⏱️  Timing: feature=42ms, inference=4853ms, total=4896ms
[silero_tts_node-4] [INFO] [1763557006.700817716] [silero_tts_node]: ✓ Аудио воспроизведено успешно
[silero_tts_node-4] [INFO] [1763557006.806952703] [silero_tts_node]: 🎤 Включаю микрофон после TTS
[speech_to_text_node-1] [INFO] [1763557006.809198063] [speech_to_text_node]: 📡 SpeechToText включен
[recognition_node-2] [INFO] [1763557006.809233081] [recognition_node]: ✅ Распознавание активировано
[speech_to_text_node-1] [INFO] [1763557006.815372003] [speech_to_text_node]: 📡 SpeechToText включен
[doa_node-8] [INFO] [1763557008.506369082] [doa_node]: DOA угол: 196
[doa_node-8] [INFO] [1763557015.513670696] [doa_node]: DOA угол: 203
[doa_node-8] [INFO] [1763557022.522039516] [doa_node]: DOA угол: 220
[speech_to_text_node-1] [INFO] [1763557024.858742973] [speech_to_text_node]: 🎤 Распознано: 'ну также девяносто шесть прям ровень'
[speech_to_text_node-1] [INFO] [1763557024.862890735] [speech_to_text_node]: ⏱️  Timing: feature=38ms, inference=2902ms, total=2946ms
[speech_to_text_node-1] [INFO] [1763557027.952635283] [speech_to_text_node]: 🎤 Распознано: 'мустранны'
[speech_to_text_node-1] [INFO] [1763557027.956601066] [speech_to_text_node]: ⏱️  Timing: feature=20ms, inference=1362ms, total=1388ms
[doa_node-8] [INFO] [1763557029.533554330] [doa_node]: DOA угол: 214
[doa_node-8] [INFO] [1763557036.539814950] [doa_node]: DOA угол: 29
[speech_to_text_node-1] [INFO] [1763557036.947522609] [speech_to_text_node]: 🎤 Распознано: 'странно'
[speech_to_text_node-1] [INFO] [1763557036.951861480] [speech_to_text_node]: ⏱️  Timing: feature=37ms, inference=3291ms, total=3334ms
[speech_to_text_node-1] [INFO] [1763557041.491409273] [speech_to_text_node]: 🎤 Распознано: 'а что что кирилл странно'
[speech_to_text_node-1] [INFO] [1763557041.495344779] [speech_to_text_node]: ⏱️  Timing: feature=27ms, inference=2296ms, total=2329ms
[doa_node-8] [INFO] [1763557043.565096122] [doa_node]: DOA угол: 213
[speech_to_text_node-1] [INFO] [1763557048.680637844] [speech_to_text_node]: 🎤 Распознано: 'почмувнст'
[speech_to_text_node-1] [INFO] [1763557048.685042196] [speech_to_text_node]: ⏱️  Timing: feature=44ms, inference=3919ms, total=3968ms
[doa_node-8] [INFO] [1763557050.571426605] [doa_node]: DOA угол: 326
[speech_to_text_node-1] [INFO] [1763557051.243064433] [speech_to_text_node]: 🎤 Распознано: 'но мне кажется это охренительный результат'
[speech_to_text_node-1] [INFO] [1763557051.247404692] [speech_to_text_node]: ⏱️  Timing: feature=29ms, inference=2445ms, total=2479ms
[speech_to_text_node-1] [INFO] [1763557052.240634179] [speech_to_text_node]: 🎤 Распознано: 'я понимаю'
[speech_to_text_node-1] [INFO] [1763557052.244376446] [speech_to_text_node]: ⏱️  Timing: feature=9ms, inference=977ms, total=1962ms
[speech_to_text_node-1] [INFO] [1763557054.827209368] [speech_to_text_node]: 🎤 Распознано: 'программист'
[speech_to_text_node-1] [INFO] [1763557054.831011449] [speech_to_text_node]: ⏱️  Timing: feature=16ms, inference=792ms, total=814ms
[doa_node-8] [INFO] [1763557057.582022903] [doa_node]: DOA угол: 207
[doa_node-8] [INFO] [1763557064.591949077] [doa_node]: DOA угол: 325
[doa_node-8] [INFO] [1763557071.614804159] [doa_node]: DOA угол: 329
[doa_node-8] [INFO] [1763557078.620452938] [doa_node]: DOA угол: 34
[speech_to_text_node-1] [INFO] [1763557080.911268081] [speech_to_text_node]: 🎤 Распознано: 'это это погрешность которая накапливается колеса мотор редуктор о и надо не забывать что энкодер как мы его туда запихнули'
[speech_to_text_node-1] [INFO] [1763557080.915372955] [speech_to_text_node]: ⏱️  Timing: feature=90ms, inference=9550ms, total=9648ms
[speech_to_text_node-1] [INFO] [1763557083.198216737] [speech_to_text_node]: 🎤 Распознано: 'это уже слава богу'
[speech_to_text_node-1] [INFO] [1763557083.201950486] [speech_to_text_node]: ⏱️  Timing: feature=21ms, inference=2255ms, total=8476ms
[doa_node-8] [INFO] [1763557085.630839414] [doa_node]: DOA угол: 33
[speech_to_text_node-1] [INFO] [1763557091.729615681] [speech_to_text_node]: 🎤 Распознано: 'тогоол'
[speech_to_text_node-1] [INFO] [1763557091.733437485] [speech_to_text_node]: ⏱️  Timing: feature=15ms, inference=794ms, total=816ms
[doa_node-8] [INFO] [1763557092.639591797] [doa_node]: DOA угол: 32
[speech_to_text_node-1] [INFO] [1763557094.801316874] [speech_to_text_node]: 🎤 Распознано: 'всеа'
[speech_to_text_node-1] [INFO] [1763557094.805120011] [speech_to_text_node]: ⏱️  Timing: feature=6ms, inference=860ms, total=875ms
[doa_node-8] [INFO] [1763557099.657928260] [doa_node]: DOA угол: 214
[speech_to_text_node-1] [INFO] [1763557099.897224018] [speech_to_text_node]: 🎤 Распознано: 'ну вот'
[speech_to_text_node-1] [INFO] [1763557099.901187783] [speech_to_text_node]: ⏱️  Timing: feature=20ms, inference=1159ms, total=1184ms
[doa_node-8] [INFO] [1763557106.667853587] [doa_node]: DOA угол: 214
[speech_to_text_node-1] [INFO] [1763557107.859878602] [speech_to_text_node]: 🎤 Распознано: 'я не знаю там наверное докручиваться вот этими всеми кээфицентами'
[speech_to_text_node-1] [INFO] [1763557107.868882025] [speech_to_text_node]: ⏱️  Timing: feature=40ms, inference=3251ms, total=3295ms
[speech_to_text_node-1] [INFO] [1763557108.963588461] [speech_to_text_node]: 🎤 Распознано: 'давай кормиш'
[speech_to_text_node-1] [INFO] [1763557108.967335062] [speech_to_text_node]: ⏱️  Timing: feature=10ms, inference=1077ms, total=2302ms
[speech_to_text_node-1] [INFO] [1763557113.338991916] [speech_to_text_node]: 🎤 Распознано: 'давай'
[speech_to_text_node-1] [INFO] [1763557113.343461748] [speech_to_text_node]: ⏱️  Timing: feature=25ms, inference=1844ms, total=1875ms
[doa_node-8] [INFO] [1763557113.677667283] [doa_node]: DOA угол: 210
[speech_to_text_node-1] [INFO] [1763557120.590509042] [speech_to_text_node]: 🎤 Распознано: 'дружку вот дружку вот тут проедет'
[speech_to_text_node-1] [INFO] [1763557120.594362345] [speech_to_text_node]: ⏱️  Timing: feature=34ms, inference=2638ms, total=2676ms
[doa_node-8] [INFO] [1763557120.685481632] [doa_node]: DOA угол: 213
[speech_to_text_node-1] [INFO] [1763557123.329394696] [speech_to_text_node]: 🎤 Распознано: 'так сейчас'
[speech_to_text_node-1] [INFO] [1763557123.333433349] [speech_to_text_node]: ⏱️  Timing: feature=13ms, inference=1523ms, total=1659ms
[doa_node-8] [INFO] [1763557127.692965372] [doa_node]: DOA угол: 213
[speech_to_text_node-1] [INFO] [1763557131.834333517] [speech_to_text_node]: 🎤 Распознано: 'да да да'
[speech_to_text_node-1] [INFO] [1763557131.838393410] [speech_to_text_node]: ⏱️  Timing: feature=45ms, inference=3969ms, total=4020ms
[speech_to_text_node-1] [INFO] [1763557133.564888602] [speech_to_text_node]: 🎤 Распознано: 'если уна стабильна'
[speech_to_text_node-1] [INFO] [1763557133.568884125] [speech_to_text_node]: ⏱️  Timing: feature=14ms, inference=1707ms, total=3487ms
[doa_node-8] [INFO] [1763557134.700815902] [doa_node]: DOA угол: 212
[doa_node-8] [INFO] [1763557141.722247294] [doa_node]: DOA угол: 125
[speech_to_text_node-1] [INFO] [1763557142.251703035] [speech_to_text_node]: 🎤 Распознано: 'да полностью согласен'
[speech_to_text_node-1] [INFO] [1763557142.256731342] [speech_to_text_node]: ⏱️  Timing: feature=28ms, inference=2102ms, total=2139ms
[speech_to_text_node-1] [INFO] [1763557147.898659784] [speech_to_text_node]: 🎤 Распознано: 'так петесят'
[speech_to_text_node-1] [INFO] [1763557147.902864341] [speech_to_text_node]: ⏱️  Timing: feature=22ms, inference=1456ms, total=1485ms
[doa_node-8] [INFO] [1763557148.734555967] [doa_node]: DOA угол: 270
[doa_node-8] [INFO] [1763557155.757614631] [doa_node]: DOA угол: 270
[doa_node-8] [INFO] [1763557162.769196814] [doa_node]: DOA угол: 90
[speech_to_text_node-1] [INFO] [1763557168.004801323] [speech_to_text_node]: 🎤 Распознано: 'так робот готов'
[speech_to_text_node-1] [INFO] [1763557168.009122536] [speech_to_text_node]: ⏱️  Timing: feature=22ms, inference=1311ms, total=1340ms
[speech_to_text_node-1] [INFO] [1763557169.574550502] [speech_to_text_node]: 🎤 Распознано: 'так далее'
[speech_to_text_node-1] [INFO] [1763557169.578356408] [speech_to_text_node]: ⏱️  Timing: feature=16ms, inference=789ms, total=811ms
[doa_node-8] [INFO] [1763557169.790030587] [doa_node]: DOA угол: 324
[doa_node-8] [INFO] [1763557176.813550991] [doa_node]: DOA угол: 332
[doa_node-8] [INFO] [1763557183.822433766] [doa_node]: DOA угол: 330
[recognition_node-2] [INFO] [1763557186.810620667] [recognition_node]: ⏸️ Распознавание деактивировано
[speech_to_text_node-1] [INFO] [1763557186.811344415] [speech_to_text_node]: 📡 SpeechToText выключен (TTS активен)
[recognition_node-2] [INFO] [1763557186.817767060] [recognition_node]: 🔔 Напоминание отправлено
[speech_to_text_node-1] [INFO] [1763557186.820816958] [speech_to_text_node]: 📡 SpeechToText выключен (TTS активен)
[silero_tts_node-4] [INFO] [1763557186.820965919] [silero_tts_node]: 🔇 Отключаю микрофон перед TTS
[silero_tts_node-4] [INFO] [1763557186.823980096] [silero_tts_node]: Синтез текста: Чтобы задать вопрос начните с ключевого слова Верт...
[silero_tts_node-4] [INFO] [1763557187.735861316] [silero_tts_node]: ✓ Синтез выполнен за 0.91 сек
[doa_node-8] [INFO] [1763557190.845310775] [doa_node]: DOA угол: 323
[silero_tts_node-4] [INFO] [1763557192.329570649] [silero_tts_node]: ✓ Аудио воспроизведено успешно
[speech_to_text_node-1] [INFO] [1763557192.437171702] [speech_to_text_node]: 📡 SpeechToText включен
[silero_tts_node-4] [INFO] [1763557192.437225868] [silero_tts_node]: 🎤 Включаю микрофон после TTS
[recognition_node-2] [INFO] [1763557192.439325522] [recognition_node]: ✅ Распознавание активировано
[speech_to_text_node-1] [INFO] [1763557192.447058517] [speech_to_text_node]: 📡 SpeechToText включен
[doa_node-8] [INFO] [1763557197.853438576] [doa_node]: DOA угол: 322
[doa_node-8] [INFO] [1763557204.862288491] [doa_node]: DOA угол: 300
[doa_node-8] [INFO] [1763557211.872191326] [doa_node]: DOA угол: 331
[speech_to_text_node-1] [INFO] [1763557216.015099280] [speech_to_text_node]: 🎤 Распознано: 'два метра пять сантиметров'
[speech_to_text_node-1] [INFO] [1763557216.019188090] [speech_to_text_node]: ⏱️  Timing: feature=29ms, inference=2066ms, total=2102ms
[doa_node-8] [INFO] [1763557218.895149716] [doa_node]: DOA угол: 319
[doa_node-8] [INFO] [1763557225.917232958] [doa_node]: DOA угол: 318
[doa_node-8] [INFO] [1763557232.922787134] [doa_node]: DOA угол: 325
[speech_to_text_node-1] [INFO] [1763557235.376835708] [speech_to_text_node]: 🎤 Распознано: 'ну с учетом того что он еще съехал я его пододвинул то есть можно на вот это сделать отсылку это сука из за заднего колеса все'
[speech_to_text_node-1] [INFO] [1763557235.380810908] [speech_to_text_node]: ⏱️  Timing: feature=84ms, inference=8772ms, total=8862ms
[speech_to_text_node-1] [INFO] [1763557236.741577977] [speech_to_text_node]: 🎤 Распознано: 'дорые'
[speech_to_text_node-1] [INFO] [1763557236.745370625] [speech_to_text_node]: ⏱️  Timing: feature=13ms, inference=1343ms, total=7371ms
[doa_node-8] [INFO] [1763557239.930082934] [doa_node]: DOA угол: 323
[speech_to_text_node-1] [INFO] [1763557242.802950139] [speech_to_text_node]: 🎤 Распознано: 'нормально главное что мы научилиь днал'
[speech_to_text_node-1] [INFO] [1763557242.806735120] [speech_to_text_node]: ⏱️  Timing: feature=52ms, inference=5581ms, total=5638ms
[speech_to_text_node-1] [INFO] [1763557243.831170871] [speech_to_text_node]: 🎤 Распознано: 'сайт'
[speech_to_text_node-1] [INFO] [1763557243.835097257] [speech_to_text_node]: ⏱️  Timing: feature=22ms, inference=996ms, total=3509ms
[speech_to_text_node-1] [INFO] [1763557244.760781141] [speech_to_text_node]: 🎤 Распознано: 'селка'
[speech_to_text_node-1] [INFO] [1763557244.765123873] [speech_to_text_node]: ⏱️  Timing: feature=8ms, inference=912ms, total=3087ms
[doa_node-8] [INFO] [1763557246.943472106] [doa_node]: DOA угол: 322
[doa_node-8] [INFO] [1763557253.948812800] [doa_node]: DOA угол: 34
[speech_to_text_node-1] [INFO] [1763557256.281492097] [speech_to_text_node]: 🎤 Распознано: 'ну да я думаю что завтра можно заняться чтобы он рандат делал через две руки'
[speech_to_text_node-1] [INFO] [1763557256.285299134] [speech_to_text_node]: ⏱️  Timing: feature=57ms, inference=5405ms, total=5466ms
[speech_to_text_node-1] [INFO] [1763557257.478542105] [speech_to_text_node]: 🎤 Распознано: 'вот'
[speech_to_text_node-1] [INFO] [1763557257.483038983] [speech_to_text_node]: ⏱️  Timing: feature=8ms, inference=1179ms, total=5315ms
[speech_to_text_node-1] [INFO] [1763557259.647438198] [speech_to_text_node]: 🎤 Распознано: 'ну покажи тита в'
[speech_to_text_node-1] [INFO] [1763557259.651491471] [speech_to_text_node]: ⏱️  Timing: feature=21ms, inference=2138ms, total=4177ms
[doa_node-8] [INFO] [1763557260.957852841] [doa_node]: DOA угол: 323
[doa_node-8] [INFO] [1763557267.964588575] [doa_node]: DOA угол: 323
[speech_to_text_node-1] [INFO] [1763557268.744561623] [speech_to_text_node]: 🎤 Распознано: 'ну дануэтой'
[speech_to_text_node-1] [INFO] [1763557268.748636711] [speech_to_text_node]: ⏱️  Timing: feature=55ms, inference=5270ms, total=5330ms
[speech_to_text_node-1] [INFO] [1763557269.736313609] [speech_to_text_node]: 🎤 Распознано: 'есони'
[speech_to_text_node-1] [INFO] [1763557269.740550195] [speech_to_text_node]: ⏱️  Timing: feature=9ms, inference=972ms, total=4824ms
[speech_to_text_node-1] [INFO] [1763557270.483814342] [speech_to_text_node]: 🎤 Распознано: 'а'
[speech_to_text_node-1] [INFO] [1763557270.488147964] [speech_to_text_node]: ⏱️  Timing: feature=7ms, inference=730ms, total=4506ms
[speech_to_text_node-1] [INFO] [1763557271.297914134] [speech_to_text_node]: 🎤 Распознано: 'не виду что это ну'
[speech_to_text_node-1] [INFO] [1763557271.301737208] [speech_to_text_node]: ⏱️  Timing: feature=7ms, inference=797ms, total=2028ms
[speech_to_text_node-1] [INFO] [1763557272.728689019] [speech_to_text_node]: 🎤 Распознано: 'пока что ну как бы'
[speech_to_text_node-1] [INFO] [1763557272.732444704] [speech_to_text_node]: ⏱️  Timing: feature=21ms, inference=1339ms, total=1365ms
[doa_node-8] [INFO] [1763557274.972237915] [doa_node]: DOA угол: 323
[speech_to_text_node-1] [INFO] [1763557280.068998483] [speech_to_text_node]: 🎤 Распознано: 'ну типа мы делаем простые задачи но это сильно простая задача тебе не кажется'
[speech_to_text_node-1] [INFO] [1763557280.073045905] [speech_to_text_node]: ⏱️  Timing: feature=33ms, inference=3565ms, total=3607ms
[doa_node-8] [INFO] [1763557281.980328348] [doa_node]: DOA угол: 326
[speech_to_text_node-1] [INFO] [1763557284.170300781] [speech_to_text_node]: 🎤 Распознано: 'х'
[speech_to_text_node-1] [INFO] [1763557284.174088948] [speech_to_text_node]: ⏱️  Timing: feature=35ms, inference=3016ms, total=3055ms
[speech_to_text_node-1] [INFO] [1763557285.842866082] [speech_to_text_node]: 🎤 Распознано: 'два наркомана сидят блум'
[speech_to_text_node-1] [INFO] [1763557285.847231370] [speech_to_text_node]: ⏱️  Timing: feature=16ms, inference=1646ms, total=2181ms
[speech_to_text_node-1] [INFO] [1763557286.923792238] [speech_to_text_node]: 🎤 Распознано: 'ах'
[speech_to_text_node-1] [INFO] [1763557286.927597034] [speech_to_text_node]: ⏱️  Timing: feature=8ms, inference=1064ms, total=2053ms
[speech_to_text_node-1] [INFO] [1763557287.743438694] [speech_to_text_node]: 🎤 Распознано: 'ха ха'
[speech_to_text_node-1] [INFO] [1763557287.747290675] [speech_to_text_node]: ⏱️  Timing: feature=7ms, inference=803ms, total=1222ms
[doa_node-8] [INFO] [1763557288.992154618] [doa_node]: DOA угол: 27
[doa_node-8] [INFO] [1763557296.010302539] [doa_node]: DOA угол: 32
[doa_node-8] [INFO] [1763557303.022534102] [doa_node]: DOA угол: 324
[speech_to_text_node-1] [INFO] [1763557309.042096106] [speech_to_text_node]: 🎤 Распознано: 'так ну да получается что слава богу что так и есть ждем к олеси'
[speech_to_text_node-1] [INFO] [1763557309.046150177] [speech_to_text_node]: ⏱️  Timing: feature=54ms, inference=5366ms, total=5427ms
[doa_node-8] [INFO] [1763557310.032253052] [doa_node]: DOA угол: 33
[doa_node-8] [INFO] [1763557317.052266126] [doa_node]: DOA угол: 327
[speech_to_text_node-1] [INFO] [1763557322.075135081] [speech_to_text_node]: 🎤 Распознано: 'они придут мы поменяем'
[speech_to_text_node-1] [INFO] [1763557322.079499869] [speech_to_text_node]: ⏱️  Timing: feature=72ms, inference=7584ms, total=7662ms
[doa_node-8] [INFO] [1763557324.063772041] [doa_node]: DOA угол: 324
[doa_node-8] [INFO] [1763557331.070669515] [doa_node]: DOA угол: 34
[doa_node-8] [INFO] [1763557338.090228183] [doa_node]: DOA угол: 33
[doa_node-8] [INFO] [1763557345.100962043] [doa_node]: DOA угол: 29
[speech_to_text_node-1] [INFO] [1763557345.586744739] [speech_to_text_node]: 🎤 Распознано: 'да можно с ней разобраться блин мне только параллельно ну хотя я наверное успею сколько примерно по времени думаешь так хотя бы счаепочащедавай давай'
[speech_to_text_node-1] [INFO] [1763557345.590630997] [speech_to_text_node]: ⏱️  Timing: feature=115ms, inference=13199ms, total=13323ms
[speech_to_text_node-1] [INFO] [1763557349.120146882] [speech_to_text_node]: 🎤 Распознано: 'унро'
[speech_to_text_node-1] [INFO] [1763557349.124807926] [speech_to_text_node]: ⏱️  Timing: feature=19ms, inference=3504ms, total=12947ms
[speech_to_text_node-1] [INFO] [1763557351.162542917] [speech_to_text_node]: 🎤 Распознано: 'само собой'
[speech_to_text_node-1] [INFO] [1763557351.182001672] [speech_to_text_node]: ⏱️  Timing: feature=25ms, inference=2005ms, total=12750ms
[doa_node-8] [INFO] [1763557352.107412192] [doa_node]: DOA угол: 326
[doa_node-8] [INFO] [1763557359.130546288] [doa_node]: DOA угол: 329
[speech_to_text_node-1] [WARN] [1763557360.023204783] [speech_to_text_node]: Аудио статус: input overflow
[speech_to_text_node-1] [INFO] [1763557364.292502743] [speech_to_text_node]: 🎤 Распознано: 'ка'
[speech_to_text_node-1] [INFO] [1763557364.297248897] [speech_to_text_node]: ⏱️  Timing: feature=42ms, inference=4835ms, total=16262ms
[doa_node-8] [INFO] [1763557366.138671640] [doa_node]: DOA угол: 327
[recognition_node-2] [INFO] [1763557372.441896275] [recognition_node]: ⏸️ Распознавание деактивировано
[speech_to_text_node-1] [INFO] [1763557372.450223636] [speech_to_text_node]: 📡 SpeechToText выключен (TTS активен)
[recognition_node-2] [INFO] [1763557372.468131285] [recognition_node]: 🔔 Напоминание отправлено
[speech_to_text_node-1] [INFO] [1763557372.474709042] [speech_to_text_node]: 📡 SpeechToText выключен (TTS активен)
[silero_tts_node-4] [INFO] [1763557372.474709005] [silero_tts_node]: 🔇 Отключаю микрофон перед TTS
[silero_tts_node-4] [INFO] [1763557372.479190773] [silero_tts_node]: Синтез текста: Чтобы задать вопрос начните с ключевого слова Верт...
[doa_node-8] [INFO] [1763557373.149233642] [doa_node]: DOA угол: 331
[speech_to_text_node-1] [INFO] [1763557373.963315507] [speech_to_text_node]: ⏱️  Timing: feature=30ms, inference=4719ms, total=10621ms
[silero_tts_node-4] [INFO] [1763557376.897158969] [silero_tts_node]: ✓ Синтез выполнен за 4.40 сек
[speech_to_text_node-1] [INFO] [1763557378.422871361] [speech_to_text_node]: ⏱️  Timing: feature=20ms, inference=4424ms, total=8023ms
[doa_node-8] [INFO] [1763557380.154932026] [doa_node]: DOA угол: 152
[silero_tts_node-4] [INFO] [1763557381.553966144] [silero_tts_node]: ✓ Аудио воспроизведено успешно
[speech_to_text_node-1] [INFO] [1763557381.659047686] [speech_to_text_node]: 📡 SpeechToText включен
[recognition_node-2] [INFO] [1763557381.659345793] [recognition_node]: ✅ Распознавание активировано
[silero_tts_node-4] [INFO] [1763557381.661332764] [silero_tts_node]: 🎤 Включаю микрофон после TTS
[speech_to_text_node-1] [INFO] [1763557381.665806718] [speech_to_text_node]: 📡 SpeechToText включен
[doa_node-8] [INFO] [1763557387.163154629] [doa_node]: DOA угол: 29
[doa_node-8] [INFO] [1763557394.176981386] [doa_node]: DOA угол: 27
[doa_node-8] [INFO] [1763557401.197989997] [doa_node]: DOA угол: 29
[speech_to_text_node-1] [INFO] [1763557405.578475050] [speech_to_text_node]: 🎤 Распознано: 'а это было'
[speech_to_text_node-1] [INFO] [1763557405.582310328] [speech_to_text_node]: ⏱️  Timing: feature=22ms, inference=1730ms, total=1757ms
[doa_node-8] [INFO] [1763557408.206590388] [doa_node]: DOA угол: 31
[doa_node-8] [INFO] [1763557415.216782263] [doa_node]: DOA угол: 326
[speech_to_text_node-1] [INFO] [1763557419.354544309] [speech_to_text_node]: 🎤 Распознано: 'ядане подхо'
[speech_to_text_node-1] [INFO] [1763557419.358492586] [speech_to_text_node]: ⏱️  Timing: feature=16ms, inference=812ms, total=833ms
[doa_node-8] [INFO] [1763557422.239755315] [doa_node]: DOA угол: 327
[speech_to_text_node-1] [INFO] [1763557425.486946700] [speech_to_text_node]: 🎤 Распознано: 'ну у меня есть такие вюки'
[speech_to_text_node-1] [INFO] [1763557425.491125604] [speech_to_text_node]: ⏱️  Timing: feature=30ms, inference=2430ms, total=2466ms
[doa_node-8] [INFO] [1763557429.247650179] [doa_node]: DOA угол: 329
[doa_node-8] [INFO] [1763557436.270484259] [doa_node]: DOA угол: 326
[speech_to_text_node-1] [INFO] [1763557440.153781786] [speech_to_text_node]: 🎤 Распознано: 'вот я сейчас дротерпо'
[speech_to_text_node-1] [INFO] [1763557440.157880117] [speech_to_text_node]: ⏱️  Timing: feature=24ms, inference=1652ms, total=1682ms
[doa_node-8] [INFO] [1763557443.293344341] [doa_node]: DOA угол: 32
[doa_node-8] [INFO] [1763557450.303053055] [doa_node]: DOA угол: 31
[speech_to_text_node-1] [INFO] [1763557456.390284319] [speech_to_text_node]: 🎤 Распознано: 'икатом выбор'
[speech_to_text_node-1] [INFO] [1763557456.394785515] [speech_to_text_node]: ⏱️  Timing: feature=16ms, inference=798ms, total=820ms
[doa_node-8] [INFO] [1763557457.326852437] [doa_node]: DOA угол: 32
[doa_node-8] [INFO] [1763557464.335060261] [doa_node]: DOA угол: 325
[speech_to_text_node-1] [INFO] [1763557468.543125529] [speech_to_text_node]: 🎤 Распознано: 'велоутер кит'
[speech_to_text_node-1] [INFO] [1763557468.547175379] [speech_to_text_node]: ⏱️  Timing: feature=27ms, inference=1839ms, total=1871ms
[doa_node-8] [INFO] [1763557471.357628395] [doa_node]: DOA угол: 218
[doa_node-8] [INFO] [1763557478.366872953] [doa_node]: DOA угол: 218
[doa_node-8] [INFO] [1763557485.387062275] [doa_node]: DOA угол: 324
[speech_to_text_node-1] [INFO] [1763557486.305929387] [speech_to_text_node]: 🎤 Распознано: 'хорошо'
[speech_to_text_node-1] [INFO] [1763557486.309894386] [speech_to_text_node]: ⏱️  Timing: feature=21ms, inference=1458ms, total=1484ms
[speech_to_text_node-1] [INFO] [1763557491.049807598] [speech_to_text_node]: 🎤 Распознано: 'щ'
[speech_to_text_node-1] [INFO] [1763557491.053626784] [speech_to_text_node]: ⏱️  Timing: feature=29ms, inference=2443ms, total=2478ms
[doa_node-8] [INFO] [1763557492.396351353] [doa_node]: DOA угол: 326
[speech_to_text_node-1] [INFO] [1763557496.540902249] [speech_to_text_node]: 🎤 Распознано: 'так'
[speech_to_text_node-1] [INFO] [1763557496.544679621] [speech_to_text_node]: ⏱️  Timing: feature=25ms, inference=1638ms, total=1669ms
[doa_node-8] [INFO] [1763557499.407056290] [doa_node]: DOA угол: 217
[doa_node-8] [INFO] [1763557506.430015191] [doa_node]: DOA угол: 323
[doa_node-8] [INFO] [1763557513.438820371] [doa_node]: DOA угол: 323
[doa_node-8] [INFO] [1763557520.459407909] [doa_node]: DOA угол: 217
[speech_to_text_node-1] [INFO] [1763557522.324581137] [speech_to_text_node]: 🎤 Распознано: 'дам до свидания'
[speech_to_text_node-1] [INFO] [1763557522.329188757] [speech_to_text_node]: ⏱️  Timing: feature=28ms, inference=2219ms, total=2252ms
[doa_node-8] [INFO] [1763557527.471287924] [doa_node]: DOA угол: 213
[doa_node-8] [INFO] [1763557534.492305183] [doa_node]: DOA угол: 149
[doa_node-8] [INFO] [1763557541.502870996] [doa_node]: DOA угол: 150
[doa_node-8] [INFO] [1763557548.526079317] [doa_node]: DOA угол: 328
[doa_node-8] [INFO] [1763557555.530812339] [doa_node]: DOA угол: 328
[speech_to_text_node-1] [INFO] [1763557557.342333054] [speech_to_text_node]: 🎤 Распознано: 'ток не прои'
[speech_to_text_node-1] [INFO] [1763557557.346687882] [speech_to_text_node]: ⏱️  Timing: feature=16ms, inference=1644ms, total=3673ms
[recognition_node-2] [INFO] [1763557561.664220684] [recognition_node]: ⏸️ Распознавание деактивировано
[speech_to_text_node-1] [INFO] [1763557561.665440075] [speech_to_text_node]: 📡 SpeechToText выключен (TTS активен)
[recognition_node-2] [INFO] [1763557561.673171300] [recognition_node]: 🔔 Напоминание отправлено
[speech_to_text_node-1] [INFO] [1763557561.674198267] [speech_to_text_node]: 📡 SpeechToText выключен (TTS активен)
[silero_tts_node-4] [INFO] [1763557561.675113402] [silero_tts_node]: 🔇 Отключаю микрофон перед TTS
[silero_tts_node-4] [INFO] [1763557561.678071324] [silero_tts_node]: Синтез текста: Чтобы задать вопрос начните с ключевого слова Верт...
[doa_node-8] [INFO] [1763557562.540033017] [doa_node]: DOA угол: 33
[silero_tts_node-4] [INFO] [1763557562.605992796] [silero_tts_node]: ✓ Синтез выполнен за 0.93 сек
[silero_tts_node-4] [INFO] [1763557567.198466065] [silero_tts_node]: ✓ Аудио воспроизведено успешно
[silero_tts_node-4] [INFO] [1763557567.306168927] [silero_tts_node]: 🎤 Включаю микрофон после TTS
[speech_to_text_node-1] [INFO] [1763557567.307406187] [speech_to_text_node]: 📡 SpeechToText включен
[recognition_node-2] [INFO] [1763557567.308928629] [recognition_node]: ✅ Распознавание активировано
[speech_to_text_node-1] [INFO] [1763557567.313758395] [speech_to_text_node]: 📡 SpeechToText включен
[doa_node-8] [INFO] [1763557569.547907821] [doa_node]: DOA угол: 325
[doa_node-8] [INFO] [1763557576.561252950] [doa_node]: DOA угол: 326
[doa_node-8] [INFO] [1763557583.582918196] [doa_node]: DOA угол: 324
[doa_node-8] [INFO] [1763557590.607077936] [doa_node]: DOA угол: 231
[speech_to_text_node-1] [INFO] [1763557593.542829710] [speech_to_text_node]: 🎤 Распознано: 'енмей'
[speech_to_text_node-1] [INFO] [1763557593.547247630] [speech_to_text_node]: ⏱️  Timing: feature=23ms, inference=1443ms, total=1471ms
[speech_to_text_node-1] [INFO] [1763557596.974268227] [speech_to_text_node]: 🎤 Распознано: 'немое'
[speech_to_text_node-1] [INFO] [1763557596.978205524] [speech_to_text_node]: ⏱️  Timing: feature=28ms, inference=1869ms, total=1902ms
[doa_node-8] [INFO] [1763557597.627025356] [doa_node]: DOA угол: 219
[speech_to_text_node-1] [INFO] [1763557597.804132273] [speech_to_text_node]: 🎤 Распознано: 'яма'
[speech_to_text_node-1] [INFO] [1763557597.808003330] [speech_to_text_node]: ⏱️  Timing: feature=7ms, inference=814ms, total=1526ms
[doa_node-8] [INFO] [1763557604.635080210] [doa_node]: DOA угол: 218
[speech_to_text_node-1] [INFO] [1763557605.811722505] [speech_to_text_node]: 🎤 Распознано: 'етри'
[speech_to_text_node-1] [INFO] [1763557605.816157573] [speech_to_text_node]: ⏱️  Timing: feature=24ms, inference=1860ms, total=1890ms
[doa_node-8] [INFO] [1763557611.646394729] [doa_node]: DOA угол: 231
[doa_node-8] [INFO] [1763557618.650955366] [doa_node]: DOA угол: 219
[doa_node-8] [INFO] [1763557625.663176698] [doa_node]: DOA угол: 219
[doa_node-8] [INFO] [1763557632.686222938] [doa_node]: DOA угол: 219
[doa_node-8] [INFO] [1763557639.695000788] [doa_node]: DOA угол: 216
[doa_node-8] [INFO] [1763557646.715549475] [doa_node]: DOA угол: 216
[speech_to_text_node-1] [INFO] [1763557650.848865582] [speech_to_text_node]: 🎤 Распознано: 'просто как на него накатить у него у этого дженсонана есть собственная внутренняя память'
[speech_to_text_node-1] [INFO] [1763557650.852865527] [speech_to_text_node]: ⏱️  Timing: feature=60ms, inference=5761ms, total=5827ms
[speech_to_text_node-1] [INFO] [1763557653.399398425] [speech_to_text_node]: 🎤 Распознано: 'ну я так понимаю жевы'
[speech_to_text_node-1] [INFO] [1763557653.403433444] [speech_to_text_node]: ⏱️  Timing: feature=24ms, inference=2518ms, total=4465ms
[doa_node-8] [INFO] [1763557653.730019747] [doa_node]: DOA угол: 214
[speech_to_text_node-1] [INFO] [1763557656.651559976] [speech_to_text_node]: 🎤 Распознано: 'объем'
[speech_to_text_node-1] [INFO] [1763557656.655319609] [speech_to_text_node]: ⏱️  Timing: feature=25ms, inference=1550ms, total=1580ms
[doa_node-8] [INFO] [1763557660.750961134] [doa_node]: DOA угол: 26
[doa_node-8] [INFO] [1763557667.772221422] [doa_node]: DOA угол: 328
[speech_to_text_node-1] [INFO] [1763557669.674661449] [speech_to_text_node]: 🎤 Распознано: 'ну что под сиди карту то нет уже слова кислота'
[speech_to_text_node-1] [INFO] [1763557669.678504581] [speech_to_text_node]: ⏱️  Timing: feature=60ms, inference=5987ms, total=6053ms
[speech_to_text_node-1] [INFO] [1763557672.801875326] [speech_to_text_node]: 🎤 Распознано: 'помио'
[speech_to_text_node-1] [INFO] [1763557672.806218210] [speech_to_text_node]: ⏱️  Timing: feature=28ms, inference=3089ms, total=3782ms
[doa_node-8] [INFO] [1763557674.785696093] [doa_node]: DOA угол: 26
[doa_node-8] [INFO] [1763557681.806662398] [doa_node]: DOA угол: 216
[doa_node-8] [INFO] [1763557688.811218630] [doa_node]: DOA угол: 323
[speech_to_text_node-1] [INFO] [1763557691.055944116] [speech_to_text_node]: 🎤 Распознано: 'срд картаср карта не включенакартаркоутячтоакуда'
[speech_to_text_node-1] [INFO] [1763557691.060421887] [speech_to_text_node]: ⏱️  Timing: feature=71ms, inference=7702ms, total=7782ms
[speech_to_text_node-1] [INFO] [1763557692.741898511] [speech_to_text_node]: 🎤 Распознано: 'та нету друзьяма'
[speech_to_text_node-1] [INFO] [1763557692.745722607] [speech_to_text_node]: ⏱️  Timing: feature=17ms, inference=1659ms, total=5264ms
[speech_to_text_node-1] [INFO] [1763557693.845921096] [speech_to_text_node]: 🎤 Распознано: 'но просимь'
[speech_to_text_node-1] [INFO] [1763557693.850285203] [speech_to_text_node]: ⏱️  Timing: feature=11ms, inference=1085ms, total=1870ms
[doa_node-8] [INFO] [1763557695.821271799] [doa_node]: DOA угол: 216
[speech_to_text_node-1] [INFO] [1763557700.957717409] [speech_to_text_node]: 🎤 Распознано: 'слепой и'
[speech_to_text_node-1] [INFO] [1763557700.961787835] [speech_to_text_node]: ⏱️  Timing: feature=24ms, inference=1455ms, total=1486ms
[doa_node-8] [INFO] [1763557702.830635693] [doa_node]: DOA угол: 217
[speech_to_text_node-1] [INFO] [1763557708.747851530] [speech_to_text_node]: 🎤 Распознано: 'а не вот е мое'
[speech_to_text_node-1] [INFO] [1763557708.751634033] [speech_to_text_node]: ⏱️  Timing: feature=38ms, inference=3232ms, total=3275ms
[doa_node-8] [INFO] [1763557709.837285099] [doa_node]: DOA угол: 325
[doa_node-8] [INFO] [1763557716.846940641] [doa_node]: DOA угол: 218
[doa_node-8] [INFO] [1763557723.868092885] [doa_node]: DOA угол: 29
[speech_to_text_node-1] [INFO] [1763557727.783216370] [speech_to_text_node]: 🎤 Распознано: 'блин ну шестьдесят четыре гига да значит надо'
[speech_to_text_node-1] [INFO] [1763557727.787045781] [speech_to_text_node]: ⏱️  Timing: feature=47ms, inference=4407ms, total=4461ms
[speech_to_text_node-1] [INFO] [1763557729.249499873] [speech_to_text_node]: 🎤 Распознано: 'такой нету'
[speech_to_text_node-1] [INFO] [1763557729.253941275] [speech_to_text_node]: ⏱️  Timing: feature=14ms, inference=1444ms, total=2779ms
[doa_node-8] [INFO] [1763557730.879075372] [doa_node]: DOA угол: 31
[speech_to_text_node-1] [INFO] [1763557733.732930733] [speech_to_text_node]: 🎤 Распознано: 'ну'
[speech_to_text_node-1] [INFO] [1763557733.736944400] [speech_to_text_node]: ⏱️  Timing: feature=13ms, inference=790ms, total=810ms
[speech_to_text_node-1] [INFO] [1763557736.588922668] [speech_to_text_node]: 🎤 Распознано: 'сколько враз блят'
[speech_to_text_node-1] [INFO] [1763557736.592770319] [speech_to_text_node]: ⏱️  Timing: feature=13ms, inference=1550ms, total=1568ms
[doa_node-8] [INFO] [1763557737.884407128] [doa_node]: DOA угол: 29
[speech_to_text_node-1] [INFO] [1763557738.242714645] [speech_to_text_node]: 🎤 Распознано: 'апри'
[speech_to_text_node-1] [INFO] [1763557738.246697887] [speech_to_text_node]: ⏱️  Timing: feature=17ms, inference=798ms, total=821ms
[speech_to_text_node-1] [INFO] [1763557744.476141114] [speech_to_text_node]: 🎤 Распознано: 'неттакой сейчас'
[speech_to_text_node-1] [INFO] [1763557744.480030986] [speech_to_text_node]: ⏱️  Timing: feature=29ms, inference=2513ms, total=2553ms
[doa_node-8] [INFO] [1763557744.891504053] [doa_node]: DOA угол: 324
[recognition_node-2] [INFO] [1763557747.309392789] [recognition_node]: ⏸️ Распознавание деактивировано
[speech_to_text_node-1] [INFO] [1763557747.310833528] [speech_to_text_node]: 📡 SpeechToText выключен (TTS активен)
[recognition_node-2] [INFO] [1763557747.316642875] [recognition_node]: 🔔 Напоминание отправлено
[speech_to_text_node-1] [INFO] [1763557747.319122100] [speech_to_text_node]: 📡 SpeechToText выключен (TTS активен)
[silero_tts_node-4] [INFO] [1763557747.319617500] [silero_tts_node]: 🔇 Отключаю микрофон перед TTS
[silero_tts_node-4] [INFO] [1763557747.323048657] [silero_tts_node]: Синтез текста: Чтобы задать вопрос начните с ключевого слова Верт...
[silero_tts_node-4] [INFO] [1763557748.241676424] [silero_tts_node]: ✓ Синтез выполнен за 0.92 сек
[doa_node-8] [INFO] [1763557751.902537263] [doa_node]: DOA угол: 33
[silero_tts_node-4] [INFO] [1763557752.829205795] [silero_tts_node]: ✓ Аудио воспроизведено успешно
[silero_tts_node-4] [INFO] [1763557752.937522567] [silero_tts_node]: 🎤 Включаю микрофон после TTS
[speech_to_text_node-1] [INFO] [1763557752.938198483] [speech_to_text_node]: 📡 SpeechToText включен
[recognition_node-2] [INFO] [1763557752.938829975] [recognition_node]: ✅ Распознавание активировано
[speech_to_text_node-1] [INFO] [1763557752.946494388] [speech_to_text_node]: 📡 SpeechToText включен
[doa_node-8] [INFO] [1763557758.911100123] [doa_node]: DOA угол: 33
[doa_node-8] [INFO] [1763557765.917696755] [doa_node]: DOA угол: 33
[doa_node-8] [INFO] [1763557772.925565318] [doa_node]: DOA угол: 33
[doa_node-8] [INFO] [1763557779.933992117] [doa_node]: DOA угол: 324
[doa_node-8] [INFO] [1763557786.941847907] [doa_node]: DOA угол: 324
[doa_node-8] [INFO] [1763557793.950554075] [doa_node]: DOA угол: 324
[doa_node-8] [INFO] [1763557800.958748492] [doa_node]: DOA угол: 324
[doa_node-8] [INFO] [1763557807.967533326] [doa_node]: DOA угол: 324
[doa_node-8] [INFO] [1763557814.989609700] [doa_node]: DOA угол: 324
[doa_node-8] [INFO] [1763557821.995643976] [doa_node]: DOA угол: 324
[doa_node-8] [INFO] [1763557829.007365876] [doa_node]: DOA угол: 324
[doa_node-8] [INFO] [1763557836.015876113] [doa_node]: DOA угол: 324
[doa_node-8] [INFO] [1763557843.036744362] [doa_node]: DOA угол: 32
[speech_to_text_node-1] [INFO] [1763557844.720386801] [speech_to_text_node]: 🎤 Распознано: 'что'
[speech_to_text_node-1] [INFO] [1763557844.724352858] [speech_to_text_node]: ⏱️  Timing: feature=22ms, inference=1670ms, total=1697ms
[speech_to_text_node-1] [INFO] [1763557850.000906768] [speech_to_text_node]: 🎤 Распознано: 'ка'
[speech_to_text_node-1] [INFO] [1763557850.004756197] [speech_to_text_node]: ⏱️  Timing: feature=34ms, inference=2739ms, total=2778ms
[doa_node-8] [INFO] [1763557850.048222679] [doa_node]: DOA угол: 33
[doa_node-8] [INFO] [1763557857.070786007] [doa_node]: DOA угол: 33
[doa_node-8] [INFO] [1763557864.081129569] [doa_node]: DOA угол: 33
[doa_node-8] [INFO] [1763557871.103195076] [doa_node]: DOA угол: 219
[doa_node-8] [INFO] [1763557878.111876665] [doa_node]: DOA угол: 219
[doa_node-8] [INFO] [1763557885.135228621] [doa_node]: DOA угол: 219
[doa_node-8] [INFO] [1763557892.144299151] [doa_node]: DOA угол: 219
[doa_node-8] [INFO] [1763557899.164879053] [doa_node]: DOA угол: 327
[speech_to_text_node-1] [INFO] [1763557903.207135143] [speech_to_text_node]: 🎤 Распознано: 'дженсон тор нифига себе'
[speech_to_text_node-1] [INFO] [1763557903.211029386] [speech_to_text_node]: ⏱️  Timing: feature=34ms, inference=2544ms, total=2584ms
[doa_node-8] [INFO] [1763557906.177365036] [doa_node]: DOA угол: 326
[doa_node-8] [INFO] [1763557913.196626065] [doa_node]: DOA угол: 326
[speech_to_text_node-1] [INFO] [1763557917.640896162] [speech_to_text_node]: 🎤 Распознано: 'вот на картинке даже не обозначили где мекросеи'
[speech_to_text_node-1] [INFO] [1763557917.645050180] [speech_to_text_node]: ⏱️  Timing: feature=50ms, inference=4662ms, total=4718ms
[doa_node-8] [INFO] [1763557920.205207264] [doa_node]: DOA угол: 327
[speech_to_text_node-1] [INFO] [1763557921.372257516] [speech_to_text_node]: 🎤 Распознано: 'тыее хрен найдешь что ли'
[speech_to_text_node-1] [INFO] [1763557921.376082594] [speech_to_text_node]: ⏱️  Timing: feature=39ms, inference=3455ms, total=3499ms
[speech_to_text_node-1] [INFO] [1763557925.889041738] [speech_to_text_node]: 🎤 Распознано: 'стонат карты уевы'
[speech_to_text_node-1] [INFO] [1763557925.892826946] [speech_to_text_node]: ⏱️  Timing: feature=28ms, inference=2133ms, total=2166ms
[doa_node-8] [INFO] [1763557927.218117264] [doa_node]: DOA угол: 328
[speech_to_text_node-1] [INFO] [1763557932.625753014] [speech_to_text_node]: 🎤 Распознано: 'а ха'
[speech_to_text_node-1] [INFO] [1763557932.629835385] [speech_to_text_node]: ⏱️  Timing: feature=35ms, inference=3013ms, total=3053ms
[recognition_node-2] [INFO] [1763557932.938127523] [recognition_node]: ⏸️ Распознавание деактивировано
[speech_to_text_node-1] [INFO] [1763557932.940582453] [speech_to_text_node]: 📡 SpeechToText выключен (TTS активен)
[recognition_node-2] [INFO] [1763557932.945001837] [recognition_node]: 🔔 Напоминание отправлено
[speech_to_text_node-1] [INFO] [1763557932.948110369] [speech_to_text_node]: 📡 SpeechToText выключен (TTS активен)
[silero_tts_node-4] [INFO] [1763557932.948586307] [silero_tts_node]: 🔇 Отключаю микрофон перед TTS
[silero_tts_node-4] [INFO] [1763557932.951521823] [silero_tts_node]: Синтез текста: Чтобы задать вопрос начните с ключевого слова Верт...
[silero_tts_node-4] [INFO] [1763557933.860475751] [silero_tts_node]: ✓ Синтез выполнен за 0.91 сек
[doa_node-8] [INFO] [1763557934.238984180] [doa_node]: DOA угол: 327
[silero_tts_node-4] [INFO] [1763557938.439648196] [silero_tts_node]: ✓ Аудио воспроизведено успешно
[speech_to_text_node-1] [INFO] [1763557938.546762894] [speech_to_text_node]: 📡 SpeechToText включен
[silero_tts_node-4] [INFO] [1763557938.547472477] [silero_tts_node]: 🎤 Включаю микрофон после TTS
[recognition_node-2] [INFO] [1763557938.547852990] [recognition_node]: ✅ Распознавание активировано
[speech_to_text_node-1] [INFO] [1763557938.553212640] [speech_to_text_node]: 📡 SpeechToText включен
[doa_node-8] [INFO] [1763557941.248215500] [doa_node]: DOA угол: 31
[doa_node-8] [INFO] [1763557948.258356813] [doa_node]: DOA угол: 31
[speech_to_text_node-1] [INFO] [1763557952.316063350] [speech_to_text_node]: 🎤 Распознано: 'конбъекты доставки может дятоотоея'
[speech_to_text_node-1] [INFO] [1763557952.319890465] [speech_to_text_node]: ⏱️  Timing: feature=34ms, inference=2753ms, total=2793ms
[doa_node-8] [INFO] [1763557955.279053636] [doa_node]: DOA угол: 144
[speech_to_text_node-1] [INFO] [1763557958.080571334] [speech_to_text_node]: 🎤 Распознано: 'ебольшая ом'
[speech_to_text_node-1] [INFO] [1763557958.084316469] [speech_to_text_node]: ⏱️  Timing: feature=28ms, inference=2225ms, total=2257ms
[doa_node-8] [INFO] [1763557962.285361435] [doa_node]: DOA угол: 218
[doa_node-8] [INFO] [1763557969.292764889] [doa_node]: DOA угол: 218
[speech_to_text_node-1] [INFO] [1763557971.086776068] [speech_to_text_node]: 🎤 Распознано: 'угу'
[speech_to_text_node-1] [INFO] [1763557971.090650701] [speech_to_text_node]: ⏱️  Timing: feature=8ms, inference=795ms, total=4904ms
[doa_node-8] [INFO] [1763557976.303231304] [doa_node]: DOA угол: 326
[doa_node-8] [INFO] [1763557983.312349184] [doa_node]: DOA угол: 325
[doa_node-8] [INFO] [1763557990.332712599] [doa_node]: DOA угол: 32
[speech_to_text_node-1] [INFO] [1763557997.184496401] [speech_to_text_node]: 🎤 Распознано: 'наверное ссо четыре руне оти'
[speech_to_text_node-1] [INFO] [1763557997.188933693] [speech_to_text_node]: ⏱️  Timing: feature=31ms, inference=2775ms, total=2812ms
[doa_node-8] [INFO] [1763557997.341186268] [doa_node]: DOA угол: 33
[doa_node-8] [INFO] [1763558004.354392875] [doa_node]: DOA угол: 324
[doa_node-8] [INFO] [1763558011.374112115] [doa_node]: DOA угол: 33
[speech_to_text_node-1] [INFO] [1763558013.462871861] [speech_to_text_node]: 🎤 Распознано: 'да это я думаю в магазин можно же взять'
[speech_to_text_node-1] [INFO] [1763558013.466934640] [speech_to_text_node]: ⏱️  Timing: feature=66ms, inference=6416ms, total=6488ms
[doa_node-8] [INFO] [1763558018.383280535] [doa_node]: DOA угол: 215
[doa_node-8] [INFO] [1763558025.388236769] [doa_node]: DOA угол: 323
[speech_to_text_node-1] [INFO] [1763558027.867282686] [speech_to_text_node]: 🎤 Распознано: 'послезавтра это то в следующей жизни что ли'
[speech_to_text_node-1] [INFO] [1763558027.871369742] [speech_to_text_node]: ⏱️  Timing: feature=75ms, inference=7913ms, total=7994ms
[doa_node-8] [INFO] [1763558032.398241361] [doa_node]: DOA угол: 325
[speech_to_text_node-1] [INFO] [1763558036.862766740] [speech_to_text_node]: 🎤 Распознано: 'кирилл как как как еще раз микроседи'
[speech_to_text_node-1] [INFO] [1763558036.866650780] [speech_to_text_node]: ⏱️  Timing: feature=55ms, inference=5679ms, total=5739ms
[speech_to_text_node-1] [INFO] [1763558039.342099285] [speech_to_text_node]: 🎤 Распознано: 'сейчас'
[speech_to_text_node-1] [INFO] [1763558039.346477670] [speech_to_text_node]: ⏱️  Timing: feature=23ms, inference=2448ms, total=3709ms
[doa_node-8] [INFO] [1763558039.408214228] [doa_node]: DOA угол: 31
[doa_node-8] [INFO] [1763558046.431514395] [doa_node]: DOA угол: 217
[doa_node-8] [INFO] [1763558053.439990648] [doa_node]: DOA угол: 32
[doa_node-8] [INFO] [1763558060.448637302] [doa_node]: DOA угол: 144
[speech_to_text_node-1] [INFO] [1763558062.936372700] [speech_to_text_node]: 🎤 Распознано: 'куда'
[speech_to_text_node-1] [INFO] [1763558062.940378239] [speech_to_text_node]: ⏱️  Timing: feature=17ms, inference=889ms, total=913ms
[doa_node-8] [INFO] [1763558067.472779226] [doa_node]: DOA угол: 215
[speech_to_text_node-1] [INFO] [1763558070.485722484] [speech_to_text_node]: 🎤 Распознано: 'охренели за маленькую пластиковую хреновину'
[speech_to_text_node-1] [INFO] [1763558070.489765096] [speech_to_text_node]: ⏱️  Timing: feature=34ms, inference=2723ms, total=2762ms
[doa_node-8] [INFO] [1763558074.492493613] [doa_node]: DOA угол: 217
[doa_node-8] [INFO] [1763558081.500625373] [doa_node]: DOA угол: 30
[speech_to_text_node-1] [INFO] [1763558085.087236860] [speech_to_text_node]: 🎤 Распознано: 'оветоконадо'
[speech_to_text_node-1] [INFO] [1763558085.091128104] [speech_to_text_node]: ⏱️  Timing: feature=17ms, inference=1891ms, total=1913ms
[speech_to_text_node-1] [INFO] [1763558088.375406826] [speech_to_text_node]: 🎤 Распознано: 'я единственны как бы мо'
[speech_to_text_node-1] [INFO] [1763558088.379362069] [speech_to_text_node]: ⏱️  Timing: feature=26ms, inference=1870ms, total=1902ms
[doa_node-8] [INFO] [1763558088.513191364] [doa_node]: DOA угол: 325
[doa_node-8] [INFO] [1763558095.522217213] [doa_node]: DOA угол: 326
[speech_to_text_node-1] [INFO] [1763558096.868576323] [speech_to_text_node]: 🎤 Распознано: 'и вообще сваат'
[speech_to_text_node-1] [INFO] [1763558096.872374217] [speech_to_text_node]: ⏱️  Timing: feature=17ms, inference=1072ms, total=1094ms
[speech_to_text_node-1] [INFO] [1763558101.302101385] [speech_to_text_node]: 🎤 Распознано: 'интересно а есливот мне'
[speech_to_text_node-1] [INFO] [1763558101.306034721] [speech_to_text_node]: ⏱️  Timing: feature=23ms, inference=1450ms, total=1479ms
[doa_node-8] [INFO] [1763558102.541355605] [doa_node]: DOA угол: 217
[speech_to_text_node-1] [INFO] [1763558103.104780154] [speech_to_text_node]: 🎤 Распознано: 'один будет а два'
[speech_to_text_node-1] [INFO] [1763558103.109076837] [speech_to_text_node]: ⏱️  Timing: feature=20ms, inference=1456ms, total=1481ms
[speech_to_text_node-1] [INFO] [1763558107.348638093] [speech_to_text_node]: 🎤 Распознано: 'р'
[speech_to_text_node-1] [INFO] [1763558107.352620336] [speech_to_text_node]: ⏱️  Timing: feature=24ms, inference=1646ms, total=1674ms
[doa_node-8] [INFO] [1763558109.566667222] [doa_node]: DOA угол: 217
[doa_node-8] [INFO] [1763558116.576943072] [doa_node]: DOA угол: 326
[recognition_node-2] [INFO] [1763558118.549985721] [recognition_node]: ⏸️ Распознавание деактивировано
[speech_to_text_node-1] [INFO] [1763558118.551297148] [speech_to_text_node]: 📡 SpeechToText выключен (TTS активен)
[recognition_node-2] [INFO] [1763558118.557656544] [recognition_node]: 🔔 Напоминание отправлено
[silero_tts_node-4] [INFO] [1763558118.560768928] [silero_tts_node]: 🔇 Отключаю микрофон перед TTS
[speech_to_text_node-1] [INFO] [1763558118.561083331] [speech_to_text_node]: 📡 SpeechToText выключен (TTS активен)
[silero_tts_node-4] [INFO] [1763558118.563815461] [silero_tts_node]: Синтез текста: Чтобы задать вопрос начните с ключевого слова Верт...
[silero_tts_node-4] [INFO] [1763558119.558963875] [silero_tts_node]: ✓ Синтез выполнен за 0.99 сек
[doa_node-8] [INFO] [1763558123.600270646] [doa_node]: DOA угол: 326
[silero_tts_node-4] [INFO] [1763558124.140770473] [silero_tts_node]: ✓ Аудио воспроизведено успешно
[silero_tts_node-4] [INFO] [1763558124.247192398] [silero_tts_node]: 🎤 Включаю микрофон после TTS
[recognition_node-2] [INFO] [1763558124.249599236] [recognition_node]: ✅ Распознавание активировано
[speech_to_text_node-1] [INFO] [1763558124.249599774] [speech_to_text_node]: 📡 SpeechToText включен
[speech_to_text_node-1] [INFO] [1763558124.256655327] [speech_to_text_node]: 📡 SpeechToText включен
[doa_node-8] [INFO] [1763558130.608953632] [doa_node]: DOA угол: 326
[doa_node-8] [INFO] [1763558137.632197322] [doa_node]: DOA угол: 216
[doa_node-8] [INFO] [1763558144.657002649] [doa_node]: DOA угол: 216
[doa_node-8] [INFO] [1763558151.677424119] [doa_node]: DOA угол: 218
[doa_node-8] [INFO] [1763558158.690141683] [doa_node]: DOA угол: 327
[speech_to_text_node-1] [INFO] [1763558160.315643755] [speech_to_text_node]: 🎤 Распознано: 'ха ха'
[speech_to_text_node-1] [INFO] [1763558160.320147306] [speech_to_text_node]: ⏱️  Timing: feature=15ms, inference=920ms, total=942ms
[doa_node-8] [INFO] [1763558165.711875228] [doa_node]: DOA угол: 327
[doa_node-8] [INFO] [1763558172.720650214] [doa_node]: DOA угол: 32
[doa_node-8] [INFO] [1763558179.724827326] [doa_node]: DOA угол: 32
[doa_node-8] [INFO] [1763558186.736530159] [doa_node]: DOA угол: 32
[doa_node-8] [INFO] [1763558193.742492539] [doa_node]: DOA угол: 217
[doa_node-8] [INFO] [1763558200.751096188] [doa_node]: DOA угол: 325
[speech_to_text_node-1] [INFO] [1763558202.403295810] [speech_to_text_node]: 🎤 Распознано: 'записать образ ека ане пинс'
[speech_to_text_node-1] [INFO] [1763558202.407155981] [speech_to_text_node]: ⏱️  Timing: feature=33ms, inference=2642ms, total=2679ms
[doa_node-8] [INFO] [1763558207.760924142] [doa_node]: DOA угол: 30
[doa_node-8] [INFO] [1763558214.781748122] [doa_node]: DOA угол: 31
[doa_node-8] [INFO] [1763558221.789501412] [doa_node]: DOA угол: 31
[speech_to_text_node-1] [INFO] [1763558223.837780966] [speech_to_text_node]: 🎤 Распознано: 'о опять формутировать надо формутировать опять надо'
[speech_to_text_node-1] [INFO] [1763558223.841830690] [speech_to_text_node]: ⏱️  Timing: feature=93ms, inference=9764ms, total=9863ms
[speech_to_text_node-1] [INFO] [1763558225.747364541] [speech_to_text_node]: 🎤 Распознано: 'ито'
[speech_to_text_node-1] [INFO] [1763558225.751774908] [speech_to_text_node]: ⏱️  Timing: feature=11ms, inference=1165ms, total=7858ms
[doa_node-8] [INFO] [1763558228.797134636] [doa_node]: DOA угол: 30
[speech_to_text_node-1] [INFO] [1763558232.018271651] [speech_to_text_node]: 🎤 Распознано: 'как прекрасдан аписанным образом учитель истории павтор оногостори'
[speech_to_text_node-1] [INFO] [1763558232.022124247] [speech_to_text_node]: ⏱️  Timing: feature=57ms, inference=5830ms, total=5894ms
[speech_to_text_node-1] [INFO] [1763558232.844195643] [speech_to_text_node]: 🎤 Распознано: 'угу'
[speech_to_text_node-1] [INFO] [1763558232.847926797] [speech_to_text_node]: ⏱️  Timing: feature=7ms, inference=808ms, total=5514ms
[doa_node-8] [INFO] [1763558235.809560690] [doa_node]: DOA угол: 143
[doa_node-8] [INFO] [1763558242.829030062] [doa_node]: DOA угол: 216
[speech_to_text_node-1] [INFO] [1763558244.038251074] [speech_to_text_node]: 🎤 Распознано: 'блин она мне потоммона'
[speech_to_text_node-1] [INFO] [1763558244.042279650] [speech_to_text_node]: ⏱️  Timing: feature=30ms, inference=2127ms, total=2164ms
[speech_to_text_node-1] [INFO] [1763558248.127030314] [speech_to_text_node]: 🎤 Распознано: 'сейчас я спрошу'
[speech_to_text_node-1] [INFO] [1763558248.130915021] [speech_to_text_node]: ⏱️  Timing: feature=24ms, inference=1724ms, total=1753ms
[doa_node-8] [INFO] [1763558249.840385474] [doa_node]: DOA угол: 216
[doa_node-8] [INFO] [1763558256.845881097] [doa_node]: DOA угол: 33
[speech_to_text_node-1] [INFO] [1763558259.818189899] [speech_to_text_node]: 🎤 Распознано: 'ну какнаверное надо как в телеграмме сидеть ну не'
[speech_to_text_node-1] [INFO] [1763558259.822299326] [speech_to_text_node]: ⏱️  Timing: feature=31ms, inference=3510ms, total=3546ms
[doa_node-8] [INFO] [1763558263.859226880] [doa_node]: DOA угол: 29
[doa_node-8] [INFO] [1763558270.881537343] [doa_node]: DOA угол: 31
[doa_node-8] [INFO] [1763558277.901699838] [doa_node]: DOA угол: 145
[speech_to_text_node-1] [INFO] [1763558278.511151344] [speech_to_text_node]: 🎤 Распознано: 'это система видно что она идеальныя есть есть ленстерир которая'
[speech_to_text_node-1] [INFO] [1763558278.515060885] [speech_to_text_node]: ⏱️  Timing: feature=50ms, inference=4631ms, total=4686ms
[doa_node-8] [INFO] [1763558284.913872480] [doa_node]: DOA угол: 145
[doa_node-8] [INFO] [1763558291.937561101] [doa_node]: DOA угол: 145
[doa_node-8] [INFO] [1763558298.960667159] [doa_node]: DOA угол: 145
[recognition_node-2] [INFO] [1763558304.251333845] [recognition_node]: ⏸️ Распознавание деактивировано
[speech_to_text_node-1] [INFO] [1763558304.252728252] [speech_to_text_node]: 📡 SpeechToText выключен (TTS активен)
[recognition_node-2] [INFO] [1763558304.257269117] [recognition_node]: 🔔 Напоминание отправлено
[speech_to_text_node-1] [INFO] [1763558304.260707905] [speech_to_text_node]: 📡 SpeechToText выключен (TTS активен)
[silero_tts_node-4] [INFO] [1763558304.261455636] [silero_tts_node]: 🔇 Отключаю микрофон перед TTS
[silero_tts_node-4] [INFO] [1763558304.264633612] [silero_tts_node]: Синтез текста: Чтобы задать вопрос начните с ключевого слова Верт...
[silero_tts_node-4] [INFO] [1763558305.189897031] [silero_tts_node]: ✓ Синтез выполнен за 0.92 сек
[doa_node-8] [INFO] [1763558305.966157398] [doa_node]: DOA угол: 145
[silero_tts_node-4] [INFO] [1763558309.782052976] [silero_tts_node]: ✓ Аудио воспроизведено успешно
[silero_tts_node-4] [INFO] [1763558309.888778314] [silero_tts_node]: 🎤 Включаю микрофон после TTS
[speech_to_text_node-1] [INFO] [1763558309.890540661] [speech_to_text_node]: 📡 SpeechToText включен
[recognition_node-2] [INFO] [1763558309.891091857] [recognition_node]: ✅ Распознавание активировано
[speech_to_text_node-1] [INFO] [1763558309.896228326] [speech_to_text_node]: 📡 SpeechToText включен
[doa_node-8] [INFO] [1763558312.978312513] [doa_node]: DOA угол: 216
[doa_node-8] [INFO] [1763558320.000832696] [doa_node]: DOA угол: 216
[doa_node-8] [INFO] [1763558327.009526064] [doa_node]: DOA угол: 217
[doa_node-8] [INFO] [1763558334.032854720] [doa_node]: DOA угол: 215
[speech_to_text_node-1] [INFO] [1763558336.312788165] [speech_to_text_node]: 🎤 Распознано: 'по молчени влюча голепутк'
[speech_to_text_node-1] [INFO] [1763558336.316905536] [speech_to_text_node]: ⏱️  Timing: feature=15ms, inference=1720ms, total=1740ms
[speech_to_text_node-1] [INFO] [1763558337.308002443] [speech_to_text_node]: 🎤 Распознано: 'минус'
[speech_to_text_node-1] [INFO] [1763558337.312124333] [speech_to_text_node]: ⏱️  Timing: feature=10ms, inference=977ms, total=1225ms
[doa_node-8] [INFO] [1763558341.041008913] [doa_node]: DOA угол: 216
[doa_node-8] [INFO] [1763558348.045678005] [doa_node]: DOA угол: 218
[speech_to_text_node-1] [INFO] [1763558353.051070570] [speech_to_text_node]: 🎤 Распознано: 'однако любое должно прилежащее время беографической оболочке рядоно с сферойврно если оне истои остани други'
[speech_to_text_node-1] [INFO] [1763558353.055004481] [speech_to_text_node]: ⏱️  Timing: feature=70ms, inference=6849ms, total=6927ms
[doa_node-8] [INFO] [1763558355.057771701] [doa_node]: DOA угол: 218
[speech_to_text_node-1] [INFO] [1763558360.268227091] [speech_to_text_node]: 🎤 Распознано: 'истоко вайны'
[speech_to_text_node-1] [INFO] [1763558360.273132822] [speech_to_text_node]: ⏱️  Timing: feature=24ms, inference=1664ms, total=1694ms
[doa_node-8] [INFO] [1763558362.080895696] [doa_node]: DOA угол: 217
[doa_node-8] [INFO] [1763558369.085541585] [doa_node]: DOA угол: 217
[doa_node-8] [INFO] [1763558376.093537114] [doa_node]: DOA угол: 31
[speech_to_text_node-1] [INFO] [1763558378.098044051] [speech_to_text_node]: 🎤 Распознано: 'вырате про ониоие'
[speech_to_text_node-1] [INFO] [1763558378.101879593] [speech_to_text_node]: ⏱️  Timing: feature=41ms, inference=3877ms, total=3923ms
[speech_to_text_node-1] [INFO] [1763558379.765622022] [speech_to_text_node]: 🎤 Распознано: 'семе тыняч'
[speech_to_text_node-1] [INFO] [1763558379.769445453] [speech_to_text_node]: ⏱️  Timing: feature=16ms, inference=1643ms, total=3031ms
[doa_node-8] [INFO] [1763558383.106354912] [doa_node]: DOA угол: 31
[doa_node-8] [INFO] [1763558390.130346708] [doa_node]: DOA угол: 31
[doa_node-8] [INFO] [1763558397.152230902] [doa_node]: DOA угол: 31
[doa_node-8] [INFO] [1763558404.162044292] [doa_node]: DOA угол: 31
[doa_node-8] [INFO] [1763558411.185926845] [doa_node]: DOA угол: 31
[speech_to_text_node-1] [INFO] [1763558417.172806681] [speech_to_text_node]: 🎤 Распознано: 'так меняк'
[speech_to_text_node-1] [INFO] [1763558417.176809480] [speech_to_text_node]: ⏱️  Timing: feature=16ms, inference=977ms, total=999ms
[doa_node-8] [INFO] [1763558418.209749843] [doa_node]: DOA угол: 325
[speech_to_text_node-1] [INFO] [1763558420.534483355] [speech_to_text_node]: 🎤 Распознано: 'графически'
[speech_to_text_node-1] [INFO] [1763558420.538332415] [speech_to_text_node]: ⏱️  Timing: feature=26ms, inference=1776ms, total=1809ms
[doa_node-8] [INFO] [1763558425.233879982] [doa_node]: DOA угол: 325
[speech_to_text_node-1] [INFO] [1763558429.739411485] [speech_to_text_node]: 🎤 Распознано: 'лючи'
[speech_to_text_node-1] [INFO] [1763558429.743469820] [speech_to_text_node]: ⏱️  Timing: feature=15ms, inference=794ms, total=814ms
[doa_node-8] [INFO] [1763558432.257276388] [doa_node]: DOA угол: 326
[doa_node-8] [INFO] [1763558439.265777656] [doa_node]: DOA угол: 325
[speech_to_text_node-1] [INFO] [1763558443.996981223] [speech_to_text_node]: 🎤 Распознано: 'с ним надо только же через эту'
[speech_to_text_node-1] [INFO] [1763558444.000897134] [speech_to_text_node]: ⏱️  Timing: feature=39ms, inference=3777ms, total=3823ms
[doa_node-8] [INFO] [1763558446.286033006] [doa_node]: DOA угол: 214
[speech_to_text_node-1] [INFO] [1763558446.489866747] [speech_to_text_node]: 🎤 Распознано: 'саш да'
[speech_to_text_node-1] [INFO] [1763558446.493600012] [speech_to_text_node]: ⏱️  Timing: feature=23ms, inference=2462ms, total=2566ms
[doa_node-8] [INFO] [1763558453.294421233] [doa_node]: DOA угол: 215
[speech_to_text_node-1] [INFO] [1763558453.940328185] [speech_to_text_node]: 🎤 Распознано: 'все образование нет нормально'
[speech_to_text_node-1] [INFO] [1763558453.944295354] [speech_to_text_node]: ⏱️  Timing: feature=27ms, inference=1882ms, total=1915ms
[speech_to_text_node-1] [INFO] [1763558457.503530819] [speech_to_text_node]: 🎤 Распознано: 'так она потом нестройка'
[speech_to_text_node-1] [INFO] [1763558457.507355749] [speech_to_text_node]: ⏱️  Timing: feature=31ms, inference=2141ms, total=2179ms
[doa_node-8] [INFO] [1763558460.308269532] [doa_node]: DOA угол: 216
[doa_node-8] [INFO] [1763558467.330460255] [doa_node]: DOA угол: 325
[doa_node-8] [INFO] [1763558474.337733153] [doa_node]: DOA угол: 31
[doa_node-8] [INFO] [1763558481.357794879] [doa_node]: DOA угол: 216
[speech_to_text_node-1] [INFO] [1763558482.605969280] [speech_to_text_node]: 🎤 Распознано: 'искусственного интеллекта джексон ваумадесталап'
[speech_to_text_node-1] [INFO] [1763558482.609912524] [speech_to_text_node]: ⏱️  Timing: feature=100ms, inference=11124ms, total=11231ms
[speech_to_text_node-1] [INFO] [1763558486.480720316] [speech_to_text_node]: 🎤 Распознано: 'приведу мощности получает двадцать пять маочко'
[speech_to_text_node-1] [INFO] [1763558486.484506395] [speech_to_text_node]: ⏱️  Timing: feature=21ms, inference=2132ms, total=7298ms
[speech_to_text_node-1] [INFO] [1763558487.299085563] [speech_to_text_node]: 🎤 Распознано: 'минадоч'
[speech_to_text_node-1] [INFO] [1763558487.303515541] [speech_to_text_node]: ⏱️  Timing: feature=8ms, inference=800ms, total=1076ms
[doa_node-8] [INFO] [1763558488.370533549] [doa_node]: DOA угол: 216
[recognition_node-2] [INFO] [1763558489.892887782] [recognition_node]: ⏸️ Распознавание деактивировано
[speech_to_text_node-1] [INFO] [1763558489.895322417] [speech_to_text_node]: 📡 SpeechToText выключен (TTS активен)
[recognition_node-2] [INFO] [1763558489.900557107] [recognition_node]: 🔔 Напоминание отправлено
[speech_to_text_node-1] [INFO] [1763558489.902882150] [speech_to_text_node]: 📡 SpeechToText выключен (TTS активен)
[silero_tts_node-4] [INFO] [1763558489.903101295] [silero_tts_node]: 🔇 Отключаю микрофон перед TTS
[silero_tts_node-4] [INFO] [1763558489.906135459] [silero_tts_node]: Синтез текста: Чтобы задать вопрос начните с ключевого слова Верт...
[silero_tts_node-4] [INFO] [1763558490.831015129] [silero_tts_node]: ✓ Синтез выполнен за 0.92 сек
[doa_node-8] [INFO] [1763558495.393329230] [doa_node]: DOA угол: 217
[silero_tts_node-4] [INFO] [1763558495.417605501] [silero_tts_node]: ✓ Аудио воспроизведено успешно
[silero_tts_node-4] [INFO] [1763558495.526493021] [silero_tts_node]: 🎤 Включаю микрофон после TTS
[recognition_node-2] [INFO] [1763558495.528264294] [recognition_node]: ✅ Распознавание активировано
[speech_to_text_node-1] [INFO] [1763558495.530305082] [speech_to_text_node]: 📡 SpeechToText включен
[speech_to_text_node-1] [INFO] [1763558495.536021562] [speech_to_text_node]: 📡 SpeechToText включен
[doa_node-8] [INFO] [1763558502.403165542] [doa_node]: DOA угол: 29
[speech_to_text_node-1] [INFO] [1763558507.341811710] [speech_to_text_node]: 🎤 Распознано: 'ноутсе'
[speech_to_text_node-1] [INFO] [1763558507.345723288] [speech_to_text_node]: ⏱️  Timing: feature=29ms, inference=2332ms, total=2367ms
[speech_to_text_node-1] [INFO] [1763558508.193450392] [speech_to_text_node]: 🎤 Распознано: 'угу'
[speech_to_text_node-1] [INFO] [1763558508.197986832] [speech_to_text_node]: ⏱️  Timing: feature=8ms, inference=830ms, total=1859ms
[doa_node-8] [INFO] [1763558509.425255964] [doa_node]: DOA угол: 33
[doa_node-8] [INFO] [1763558516.430520438] [doa_node]: DOA угол: 146
[speech_to_text_node-1] [INFO] [1763558518.117235766] [speech_to_text_node]: 🎤 Распознано: 'я  редасинуть небуду'
[speech_to_text_node-1] [INFO] [1763558518.122693805] [speech_to_text_node]: ⏱️  Timing: feature=26ms, inference=1855ms, total=1891ms
[speech_to_text_node-1] [INFO] [1763558523.328346570] [speech_to_text_node]: 🎤 Распознано: 'на ютубе поребат уже се'
[speech_to_text_node-1] [INFO] [1763558523.332145372] [speech_to_text_node]: ⏱️  Timing: feature=26ms, inference=1972ms, total=2003ms
[doa_node-8] [INFO] [1763558523.440451716] [doa_node]: DOA угол: 33
[doa_node-8] [INFO] [1763558530.451650008] [doa_node]: DOA угол: 33
[doa_node-8] [INFO] [1763558537.471740697] [doa_node]: DOA угол: 216
[speech_to_text_node-1] [INFO] [1763558540.040426322] [speech_to_text_node]: 🎤 Распознано: 'иле лучше не включать пока питание подать посмотреть а конечно конечно идут они блять не работать'
[speech_to_text_node-1] [INFO] [1763558540.044288012] [speech_to_text_node]: ⏱️  Timing: feature=62ms, inference=6197ms, total=6265ms
[doa_node-8] [INFO] [1763558544.482570410] [doa_node]: DOA угол: 33
[doa_node-8] [INFO] [1763558551.487942023] [doa_node]: DOA угол: 33
[speech_to_text_node-1] [INFO] [1763558552.963443514] [speech_to_text_node]: 🎤 Распознано: 'зеленый светолет загорел вентилятор крутится'
[speech_to_text_node-1] [INFO] [1763558552.967602421] [speech_to_text_node]: ⏱️  Timing: feature=71ms, inference=7411ms, total=7488ms
[doa_node-8] [INFO] [1763558558.500635940] [doa_node]: DOA угол: 146
[doa_node-8] [INFO] [1763558565.518830909] [doa_node]: DOA угол: 144
[doa_node-8] [INFO] [1763558572.526447845] [doa_node]: DOA угол: 219
[doa_node-8] [INFO] [1763558579.534606600] [doa_node]: DOA угол: 216
[speech_to_text_node-1] [INFO] [1763558579.970880533] [speech_to_text_node]: 🎤 Распознано: 'вообще променимо вот это облигации конечно'
[speech_to_text_node-1] [INFO] [1763558579.975635026] [speech_to_text_node]: ⏱️  Timing: feature=22ms, inference=2235ms, total=4197ms
[speech_to_text_node-1] [INFO] [1763558583.870384250] [speech_to_text_node]: 🎤 Распознано: 'ну я так понимаю тте'
[speech_to_text_node-1] [INFO] [1763558583.875974343] [speech_to_text_node]: ⏱️  Timing: feature=28ms, inference=2061ms, total=2094ms
[doa_node-8] [INFO] [1763558586.546150175] [doa_node]: DOA угол: 218
[doa_node-8] [INFO] [1763558593.570325909] [doa_node]: DOA угол: 326
[doa_node-8] [INFO] [1763558600.576644725] [doa_node]: DOA угол: 331
[speech_to_text_node-1] [INFO] [1763558602.751859612] [speech_to_text_node]: 🎤 Распознано: 'так тогда завтра это стартуем стартуем с этим'
[speech_to_text_node-1] [INFO] [1763558602.755610266] [speech_to_text_node]: ⏱️  Timing: feature=55ms, inference=5464ms, total=5526ms
[doa_node-8] [INFO] [1763558607.584574586] [doa_node]: DOA угол: 326
[speech_to_text_node-1] [INFO] [1763558607.750005918] [speech_to_text_node]: 🎤 Распознано: 'с компом я флешку намучу утром тогда'
[speech_to_text_node-1] [INFO] [1763558607.753784812] [speech_to_text_node]: ⏱️  Timing: feature=41ms, inference=4178ms, total=4224ms
[doa_node-8] [INFO] [1763558614.596840717] [doa_node]: DOA угол: 330
[doa_node-8] [INFO] [1763558621.617864057] [doa_node]: DOA угол: 331
[doa_node-8] [INFO] [1763558628.626777847] [doa_node]: DOA угол: 24
[doa_node-8] [INFO] [1763558635.646381265] [doa_node]: DOA угол: 31
[doa_node-8] [INFO] [1763558642.656344489] [doa_node]: DOA угол: 25
[doa_node-8] [INFO] [1763558649.664889075] [doa_node]: DOA угол: 326
[speech_to_text_node-1] [INFO] [1763558651.141445382] [speech_to_text_node]: 🎤 Распознано: 'и будем опять проходить эти все этапы утром созвонимся там там по ощущениям посмотрим вечером может да если если будет время у тебя прямо что нибудь удачно по работе'
[speech_to_text_node-1] [INFO] [1763558651.145577772] [speech_to_text_node]: ⏱️  Timing: feature=173ms, inference=19834ms, total=20017ms
[doa_node-8] [INFO] [1763558656.671011796] [doa_node]: DOA угол: 330
[doa_node-8] [INFO] [1763558663.679642809] [doa_node]: DOA угол: 29
[doa_node-8] [INFO] [1763558670.686462246] [doa_node]: DOA угол: 323
[speech_to_text_node-1] [INFO] [1763558670.916355858] [speech_to_text_node]: 🎤 Распознано: 'ну я думаю да давай сделаем так сказать начнем хотя бы дкарту ня никто не делат не я говорю утром я научу эту сд карту сд карту научу и начнем хотя бы то есть это же тоже дело не такое не быстрое'
[speech_to_text_node-1] [INFO] [1763558670.920377768] [speech_to_text_node]: ⏱️  Timing: feature=130ms, inference=15504ms, total=15642ms
[recognition_node-2] [INFO] [1763558675.529276474] [recognition_node]: ⏸️ Распознавание деактивировано
[speech_to_text_node-1] [INFO] [1763558675.532125306] [speech_to_text_node]: 📡 SpeechToText выключен (TTS активен)
[recognition_node-2] [INFO] [1763558675.534472590] [recognition_node]: 🔔 Напоминание отправлено
[silero_tts_node-4] [INFO] [1763558675.537731047] [silero_tts_node]: 🔇 Отключаю микрофон перед TTS
[speech_to_text_node-1] [INFO] [1763558675.539422766] [speech_to_text_node]: 📡 SpeechToText выключен (TTS активен)
[silero_tts_node-4] [INFO] [1763558675.541105058] [silero_tts_node]: Синтез текста: Чтобы задать вопрос начните с ключевого слова Верт...
[silero_tts_node-4] [INFO] [1763558676.449425304] [silero_tts_node]: ✓ Синтез выполнен за 0.91 сек
[doa_node-8] [INFO] [1763558677.697957093] [doa_node]: DOA угол: 327
[silero_tts_node-4] [INFO] [1763558681.050387231] [silero_tts_node]: ✓ Аудио воспроизведено успешно
[silero_tts_node-4] [INFO] [1763558681.157243616] [silero_tts_node]: 🎤 Включаю микрофон после TTS
[speech_to_text_node-1] [INFO] [1763558681.158285935] [speech_to_text_node]: 📡 SpeechToText включен
[recognition_node-2] [INFO] [1763558681.160807532] [recognition_node]: ✅ Распознавание активировано
[speech_to_text_node-1] [INFO] [1763558681.164030137] [speech_to_text_node]: 📡 SpeechToText включен
[doa_node-8] [INFO] [1763558684.705722334] [doa_node]: DOA угол: 217
[doa_node-8] [INFO] [1763558691.712989646] [doa_node]: DOA угол: 216
[doa_node-8] [INFO] [1763558698.722436716] [doa_node]: DOA угол: 324
[doa_node-8] [INFO] [1763558705.732403660] [doa_node]: DOA угол: 325
[doa_node-8] [INFO] [1763558712.753227748] [doa_node]: DOA угол: 326
[doa_node-8] [INFO] [1763558719.758905119] [doa_node]: DOA угол: 329
[doa_node-8] [INFO] [1763558726.769418028] [doa_node]: DOA угол: 328
[speech_to_text_node-1] [INFO] [1763558732.103089646] [speech_to_text_node]: 🎤 Распознано: 'равлять можно он проезжает там ровно метр ну неровно прям но проезжает поэтому да мне тоже кажется это погрешность с учетом того что у нас заднее колесо паршивое нормально в целом и платформа сама такая немножко жидкая я  сейчас вот перемоделиваю вот не можно насмотреть'
[speech_to_text_node-1] [INFO] [1763558732.107057520] [speech_to_text_node]: ⏱️  Timing: feature=185ms, inference=21283ms, total=21477ms
[doa_node-8] [INFO] [1763558733.775346340] [doa_node]: DOA угол: 327
[doa_node-8] [INFO] [1763558740.782580754] [doa_node]: DOA угол: 326
[speech_to_text_node-1] [INFO] [1763558742.737367649] [speech_to_text_node]: 🎤 Распознано: 'я ее перемоделифиг знает я сам не понимаю'
[speech_to_text_node-1] [INFO] [1763558742.741296653] [speech_to_text_node]: ⏱️  Timing: feature=90ms, inference=10534ms, total=17103ms
[doa_node-8] [INFO] [1763558747.796885214] [doa_node]: DOA угол: 326
[doa_node-8] [INFO] [1763558754.818120443] [doa_node]: DOA угол: 327
[doa_node-8] [INFO] [1763558761.826830827] [doa_node]: DOA угол: 217
[doa_node-8] [INFO] [1763558768.837435010] [doa_node]: DOA угол: 217
[doa_node-8] [INFO] [1763558775.858283825] [doa_node]: DOA угол: 327
[doa_node-8] [INFO] [1763558782.867044677] [doa_node]: DOA угол: 329
[doa_node-8] [INFO] [1763558789.888195912] [doa_node]: DOA угол: 324
[doa_node-8] [INFO] [1763558796.897197945] [doa_node]: DOA угол: 326
[doa_node-8] [INFO] [1763558803.906811940] [doa_node]: DOA угол: 324
[doa_node-8] [INFO] [1763558810.914178732] [doa_node]: DOA угол: 329
[doa_node-8] [INFO] [1763558817.924168997] [doa_node]: DOA угол: 326
[doa_node-8] [INFO] [1763558824.932594605] [doa_node]: DOA угол: 325
[doa_node-8] [INFO] [1763558831.938084944] [doa_node]: DOA угол: 326
[doa_node-8] [INFO] [1763558838.943955804] [doa_node]: DOA угол: 326
[doa_node-8] [INFO] [1763558845.953927599] [doa_node]: DOA угол: 326
[doa_node-8] [INFO] [1763558852.961680357] [doa_node]: DOA угол: 323
[doa_node-8] [INFO] [1763558859.967791642] [doa_node]: DOA угол: 323
[recognition_node-2] [INFO] [1763558861.158716841] [recognition_node]: ⏸️ Распознавание деактивировано
[speech_to_text_node-1] [INFO] [1763558861.162346220] [speech_to_text_node]: 📡 SpeechToText выключен (TTS активен)
[recognition_node-2] [INFO] [1763558861.162970971] [recognition_node]: 🔔 Напоминание отправлено
[speech_to_text_node-1] [INFO] [1763558861.174093676] [speech_to_text_node]: 📡 SpeechToText выключен (TTS активен)
[silero_tts_node-4] [INFO] [1763558861.184508353] [silero_tts_node]: 🔇 Отключаю микрофон перед TTS
[silero_tts_node-4] [INFO] [1763558861.189959282] [silero_tts_node]: Синтез текста: Чтобы задать вопрос начните с ключевого слова Верт...
[silero_tts_node-4] [INFO] [1763558863.512425222] [silero_tts_node]: ✓ Синтез выполнен за 2.32 сек
[doa_node-8] [INFO] [1763558866.978118139] [doa_node]: DOA угол: 326
[silero_tts_node-4] [INFO] [1763558868.103524499] [silero_tts_node]: ✓ Аудио воспроизведено успешно
[speech_to_text_node-1] [INFO] [1763558868.208336840] [speech_to_text_node]: 📡 SpeechToText включен
[recognition_node-2] [INFO] [1763558868.208642725] [recognition_node]: ✅ Распознавание активировано
[silero_tts_node-4] [INFO] [1763558868.214526203] [silero_tts_node]: 🎤 Включаю микрофон после TTS
[speech_to_text_node-1] [INFO] [1763558868.214795644] [speech_to_text_node]: 📡 SpeechToText включен
[doa_node-8] [INFO] [1763558873.983749038] [doa_node]: DOA угол: 217
[speech_to_text_node-1] [WARN] [1763558877.446136596] [speech_to_text_node]: Аудио статус: input overflow
[doa_node-8] [INFO] [1763558880.992336997] [doa_node]: DOA угол: 326
[doa_node-8] [INFO] [1763558888.001988412] [doa_node]: DOA угол: 327
[doa_node-8] [INFO] [1763558895.007122485] [doa_node]: DOA угол: 324
[doa_node-8] [INFO] [1763558902.017868954] [doa_node]: DOA угол: 326
[doa_node-8] [INFO] [1763558909.023238759] [doa_node]: DOA угол: 326
[doa_node-8] [INFO] [1763558916.037689192] [doa_node]: DOA угол: 324
[speech_to_text_node-1] [INFO] [1763558919.504419842] [speech_to_text_node]: 🎤 Распознано: 'в том то и дело что знаешь это какая то я не знаю насмотренностья не знаю как как правильно вот знаешь у меня нету какого то стандарта где бы меня учили и сказали что вот так правильнот так неправильно просто я по логике понимаю что допустим так это будет работать так не будет работать насмотренность плюс какая то не есть ну здесь знаешь вот туттть преобразователь стовой металл здесь можно ну там это как анализ напряжение типа смотреть а еснагрузка и пока и будет показывать где слабые места тут ты можешь сразу жеектировать на местевтупрограмме можно сказатьчто ну вот короче это все пересматриваю сейчас переделыаю что слишком жидкоя корпус сверху он получился массивный такой прям плотный такой хорошей и вот это вся конструкция которая сейчас она не выдержит потому что там есть пнд из пластика сделана надо все из метала переделыватьото'
[speech_to_text_node-1] [INFO] [1763558919.508738656] [speech_to_text_node]: ⏱️  Timing: feature=650ms, inference=88056ms, total=88727ms
[speech_to_text_node-1] [INFO] [1763558920.329633199] [speech_to_text_node]: 🎤 Распознано: 'тарчко'
[speech_to_text_node-1] [INFO] [1763558920.333399113] [speech_to_text_node]: ⏱️  Timing: feature=8ms, inference=806ms, total=87723ms
[doa_node-8] [INFO] [1763558923.056107524] [doa_node]: DOA угол: 323
[doa_node-8] [INFO] [1763558930.066044769] [doa_node]: DOA угол: 325
[doa_node-8] [INFO] [1763558937.071477376] [doa_node]: DOA угол: 0
[doa_node-8] [INFO] [1763558944.083625105] [doa_node]: DOA угол: 335
[doa_node-8] [INFO] [1763558951.087301136] [doa_node]: DOA угол: 212
[doa_node-8] [INFO] [1763558958.098003543] [doa_node]: DOA угол: 329
[speech_to_text_node-1] [INFO] [1763558959.789654593] [speech_to_text_node]: 🎤 Распознано: 'и все будем это переделывать коровсе още по времени по времени все плохо ну нам надо в числах двадцать пятых вертора увести куда нибудь как мы договаривались поставить ну постоит там денек два там фиг сойнем но это уже с новым компом и вот это по идее мне осталась последняя партия из металла которую я сейчас доделываю последняя партия из металла будет мы сейчас печатаем корпусные все части и по идее останется покраска сборка и тестирование'
[speech_to_text_node-1] [INFO] [1763558959.793604892] [speech_to_text_node]: ⏱️  Timing: feature=319ms, inference=39118ms, total=39446ms
[doa_node-8] [INFO] [1763558965.106794593] [doa_node]: DOA угол: 329
[doa_node-8] [INFO] [1763558972.113254660] [doa_node]: DOA угол: 326
[doa_node-8] [INFO] [1763558979.122855284] [doa_node]: DOA угол: 326
[doa_node-8] [INFO] [1763558986.132379137] [doa_node]: DOA угол: 326
[doa_node-8] [INFO] [1763558993.141487130] [doa_node]: DOA угол: 329
[doa_node-8] [INFO] [1763559000.163598198] [doa_node]: DOA угол: 323
[doa_node-8] [INFO] [1763559007.186084452] [doa_node]: DOA угол: 326
[doa_node-8] [INFO] [1763559014.197506820] [doa_node]: DOA угол: 326
[doa_node-8] [INFO] [1763559021.215849639] [doa_node]: DOA угол: 326
[doa_node-8] [INFO] [1763559028.226265641] [doa_node]: DOA угол: 326
[doa_node-8] [INFO] [1763559035.252572569] [doa_node]: DOA угол: 328
[doa_node-8] [INFO] [1763559042.272564622] [doa_node]: DOA угол: 334
[recognition_node-2] [INFO] [1763559048.209476795] [recognition_node]: ⏸️ Распознавание деактивировано
[speech_to_text_node-1] [INFO] [1763559048.214205530] [speech_to_text_node]: 📡 SpeechToText выключен (TTS активен)
[silero_tts_node-4] [INFO] [1763559048.216766607] [silero_tts_node]: 🔇 Отключаю микрофон перед TTS
[recognition_node-2] [INFO] [1763559048.219930528] [recognition_node]: 🔔 Напоминание отправлено
[silero_tts_node-4] [INFO] [1763559048.220918867] [silero_tts_node]: Синтез текста: Чтобы задать вопрос начните с ключевого слова Верт...
[speech_to_text_node-1] [INFO] [1763559048.225687656] [speech_to_text_node]: 📡 SpeechToText выключен (TTS активен)
[doa_node-8] [INFO] [1763559049.282845326] [doa_node]: DOA угол: 329
[silero_tts_node-4] [INFO] [1763559050.272228740] [silero_tts_node]: ✓ Синтез выполнен за 2.05 сек
[silero_tts_node-4] [INFO] [1763559054.883482982] [silero_tts_node]: ✓ Аудио воспроизведено успешно
[silero_tts_node-4] [INFO] [1763559054.993300371] [silero_tts_node]: 🎤 Включаю микрофон после TTS
[speech_to_text_node-1] [INFO] [1763559054.994092286] [speech_to_text_node]: 📡 SpeechToText включен
[recognition_node-2] [INFO] [1763559054.999233385] [recognition_node]: ✅ Распознавание активировано
[speech_to_text_node-1] [INFO] [1763559055.005561487] [speech_to_text_node]: 📡 SpeechToText включен
[doa_node-8] [INFO] [1763559056.289578804] [doa_node]: DOA угол: 327
[doa_node-8] [INFO] [1763559063.296840965] [doa_node]: DOA угол: 329
[doa_node-8] [INFO] [1763559070.325039300] [doa_node]: DOA угол: 218
[doa_node-8] [INFO] [1763559077.346350803] [doa_node]: DOA угол: 326
[doa_node-8] [INFO] [1763559084.358178844] [doa_node]: DOA угол: 27
[doa_node-8] [INFO] [1763559091.377739436] [doa_node]: DOA угол: 29
[speech_to_text_node-1] [INFO] [1763559096.095698626] [speech_to_text_node]: 🎤 Распознано: 'да сейчас сейчас круто то что у нас это у нас еще неронка другая котораяпо голосу как это сейчас новым компом будет сочетании вот это очень интереснопосмотрими как раз просто на практике роессияочеь интересно реальнокак как этопокажетуудекартина большеаберем уе будем следующая верияикакихпоклучшенийтамбдемыэтсуе кпусны ничего не будем'
[speech_to_text_node-1] [INFO] [1763559096.099607648] [speech_to_text_node]: ⏱️  Timing: feature=541ms, inference=74846ms, total=75399ms
[speech_to_text_node-1] [INFO] [1763559096.917550357] [speech_to_text_node]: 🎤 Распознано: 'восем'
[speech_to_text_node-1] [INFO] [1763559096.921354233] [speech_to_text_node]: ⏱️  Timing: feature=8ms, inference=803ms, total=75011ms
[doa_node-8] [INFO] [1763559098.385745720] [doa_node]: DOA угол: 213
[doa_node-8] [INFO] [1763559105.391883238] [doa_node]: DOA угол: 328
[speech_to_text_node-1] [INFO] [1763559107.201501336] [speech_to_text_node]: 🎤 Распознано: 'вот как то так блин нифига спать трубит а я печку на себя направил а тут холодно просто в абе и так раскумарило так'
[speech_to_text_node-1] [INFO] [1763559107.205426321] [speech_to_text_node]: ⏱️  Timing: feature=72ms, inference=8535ms, total=69399ms
[speech_to_text_node-1] [INFO] [1763559109.367862874] [speech_to_text_node]: 🎤 Распознано: 'ворниками носили все'
[speech_to_text_node-1] [INFO] [1763559109.372313297] [speech_to_text_node]: ⏱️  Timing: feature=21ms, inference=2136ms, total=66914ms
[doa_node-8] [INFO] [1763559112.399791589] [doa_node]: DOA угол: 325
[speech_to_text_node-1] [INFO] [1763559115.901036153] [speech_to_text_node]: 🎤 Распознано: 'задача у меня найти флешку подготовить ее с утра чтобы была'
[speech_to_text_node-1] [INFO] [1763559115.904848695] [speech_to_text_node]: ⏱️  Timing: feature=58ms, inference=6464ms, total=51707ms
[speech_to_text_node-1] [INFO] [1763559117.268481084] [speech_to_text_node]: 🎤 Распознано: 'реше'
[speech_to_text_node-1] [INFO] [1763559117.272305663] [speech_to_text_node]: ⏱️  Timing: feature=13ms, inference=1346ms, total=50514ms
[doa_node-8] [INFO] [1763559119.407981847] [doa_node]: DOA угол: 324
[speech_to_text_node-1] [INFO] [1763559121.192971956] [speech_to_text_node]: 🎤 Распознано: 'да и и начнем уже что то в эту сторону двигаться'
[speech_to_text_node-1] [INFO] [1763559121.197974446] [speech_to_text_node]: ⏱️  Timing: feature=36ms, inference=3880ms, total=48591ms
[doa_node-8] [INFO] [1763559126.419913338] [doa_node]: DOA угол: 29
[doa_node-8] [INFO] [1763559133.426643402] [doa_node]: DOA угол: 29
[doa_node-8] [INFO] [1763559140.438126833] [doa_node]: DOA угол: 28
[doa_node-8] [INFO] [1763559147.456850395] [doa_node]: DOA угол: 323
[doa_node-8] [INFO] [1763559154.466768448] [doa_node]: DOA угол: 323
[doa_node-8] [INFO] [1763559161.473890300] [doa_node]: DOA угол: 323
[doa_node-8] [INFO] [1763559168.482602691] [doa_node]: DOA угол: 324
[speech_to_text_node-1] [INFO] [1763559173.151738349] [speech_to_text_node]: 🎤 Распознано: 'мне комп вообще выглядит очень дорого прям долбанешься ну все таки не енои к этому придему нас же плата жнике ну насколько возможно было мы убрали насколько возможно от ильи ждем плату но походу не дождемся я просто ну там не пишет ничего поэтому придется опять же самому себе делать поэтому работае ну насколько возможно настолько избавились'
[speech_to_text_node-1] [INFO] [1763559173.156313697] [speech_to_text_node]: ⏱️  Timing: feature=349ms, inference=43337ms, total=43706ms
[speech_to_text_node-1] [INFO] [1763559174.256642237] [speech_to_text_node]: 🎤 Распознано: 'сгодла'
[speech_to_text_node-1] [INFO] [1763559174.261007883] [speech_to_text_node]: ⏱️  Timing: feature=8ms, inference=1084ms, total=42703ms
[speech_to_text_node-1] [INFO] [1763559175.074199308] [speech_to_text_node]: 🎤 Распознано: 'просто политически'
[speech_to_text_node-1] [INFO] [1763559175.078035276] [speech_to_text_node]: ⏱️  Timing: feature=8ms, inference=800ms, total=40820ms
[doa_node-8] [INFO] [1763559175.490122953] [doa_node]: DOA угол: 323
[speech_to_text_node-1] [INFO] [1763559175.899818903] [speech_to_text_node]: 🎤 Распознано: 'э'
[speech_to_text_node-1] [INFO] [1763559175.903455651] [speech_to_text_node]: ⏱️  Timing: feature=8ms, inference=809ms, total=40445ms
[doa_node-8] [INFO] [1763559182.496185664] [doa_node]: DOA угол: 323
[speech_to_text_node-1] [INFO] [1763559182.643920538] [speech_to_text_node]: 🎤 Распознано: 'пооне программное обеспечение у нас сборка устройство разработка от все вообще'
[speech_to_text_node-1] [INFO] [1763559182.647989188] [speech_to_text_node]: ⏱️  Timing: feature=60ms, inference=6674ms, total=36390ms
[doa_node-8] [INFO] [1763559189.506438009] [doa_node]: DOA угол: 33
[doa_node-8] [INFO] [1763559196.514717346] [doa_node]: DOA угол: 30
[doa_node-8] [INFO] [1763559203.522986792] [doa_node]: DOA угол: 35
[speech_to_text_node-1] [INFO] [1763559206.565018938] [speech_to_text_node]: 🎤 Распознано: 'что таких команд в россии там буквально по пальцам пересчитать вот кто вот именно вот таким занимается только научиться бы это как то монетизировать в идеале конечно не то чтобы я как бы настаиваю на этом но как будто бы хочется вот может там по ютубу что то у меня вот мысли есть может снова там какие то короткие видосы снимать'
[speech_to_text_node-1] [INFO] [1763559206.569031724] [speech_to_text_node]: ⏱️  Timing: feature=197ms, inference=22767ms, total=22970ms
[doa_node-8] [INFO] [1763559210.530014917] [doa_node]: DOA угол: 33
[speech_to_text_node-1] [INFO] [1763559214.209215250] [speech_to_text_node]: 🎤 Распознано: 'и можно кстати новостной выпуск глянуть  с нарезками то есть ты там будешь сидеть рассказывать что нибушь изменилось'
[speech_to_text_node-1] [INFO] [1763559214.213083945] [speech_to_text_node]: ⏱️  Timing: feature=66ms, inference=7568ms, total=19665ms
[doa_node-8] [INFO] [1763559217.538353753] [doa_node]: DOA угол: 323
[speech_to_text_node-1] [INFO] [1763559219.258583206] [speech_to_text_node]: 🎤 Распознано: 'подогрет так сказать эту прогресс аудиторию'
[speech_to_text_node-1] [INFO] [1763559219.262362921] [speech_to_text_node]: ⏱️  Timing: feature=46ms, inference=4995ms, total=17204ms
[doa_node-8] [INFO] [1763559224.549139500] [doa_node]: DOA угол: 324
[doa_node-8] [INFO] [1763559231.557420235] [doa_node]: DOA угол: 323
[recognition_node-2] [INFO] [1763559235.003739337] [recognition_node]: ⏸️ Распознавание деактивировано
[speech_to_text_node-1] [INFO] [1763559235.006038744] [speech_to_text_node]: 📡 SpeechToText выключен (TTS активен)
[recognition_node-2] [INFO] [1763559235.011154845] [recognition_node]: 🔔 Напоминание отправлено
[silero_tts_node-4] [INFO] [1763559235.015840269] [silero_tts_node]: 🔇 Отключаю микрофон перед TTS
[speech_to_text_node-1] [INFO] [1763559235.015881213] [speech_to_text_node]: 📡 SpeechToText выключен (TTS активен)
[silero_tts_node-4] [INFO] [1763559235.018647241] [silero_tts_node]: Синтез текста: Чтобы задать вопрос начните с ключевого слова Верт...
[silero_tts_node-4] [INFO] [1763559235.933846577] [silero_tts_node]: ✓ Синтез выполнен за 0.91 сек
[doa_node-8] [INFO] [1763559238.579538318] [doa_node]: DOA угол: 322
[silero_tts_node-4] [INFO] [1763559240.530075792] [silero_tts_node]: ✓ Аудио воспроизведено успешно
[silero_tts_node-4] [INFO] [1763559240.637147970] [silero_tts_node]: 🎤 Включаю микрофон после TTS
[speech_to_text_node-1] [INFO] [1763559240.639762557] [speech_to_text_node]: 📡 SpeechToText включен
[recognition_node-2] [INFO] [1763559240.639900796] [recognition_node]: ✅ Распознавание активировано
[speech_to_text_node-1] [INFO] [1763559240.646732536] [speech_to_text_node]: 📡 SpeechToText включен
[doa_node-8] [INFO] [1763559245.589899570] [doa_node]: DOA угол: 323
[doa_node-8] [INFO] [1763559252.609368943] [doa_node]: DOA угол: 324
[doa_node-8] [INFO] [1763559259.622256245] [doa_node]: DOA угол: 218
[doa_node-8] [INFO] [1763559266.645280275] [doa_node]: DOA угол: 323
[doa_node-8] [INFO] [1763559273.652410525] [doa_node]: DOA угол: 34
[doa_node-8] [INFO] [1763559280.672683374] [doa_node]: DOA угол: 323
[doa_node-8] [INFO] [1763559287.681096795] [doa_node]: DOA угол: 323
[doa_node-8] [INFO] [1763559294.688025192] [doa_node]: DOA угол: 322
[doa_node-8] [INFO] [1763559301.696450105] [doa_node]: DOA угол: 323
[speech_to_text_node-1] [INFO] [1763559306.108088439] [speech_to_text_node]: 🎤 Распознано: 'да егоего больше некуда никуда не поставишь это самое самое идеальное место напротив головы вот ты прям говоришь в микрофон вот прям четко в микрофон и вон по кругу а голова как раз сверху то есть по кругу все видно слышно точнее то есть это это самое идеальное место'
[speech_to_text_node-1] [INFO] [1763559306.112628181] [speech_to_text_node]: ⏱️  Timing: feature=245ms, inference=27605ms, total=27863ms
[doa_node-8] [INFO] [1763559308.704767299] [doa_node]: DOA угол: 323
[doa_node-8] [INFO] [1763559315.714333377] [doa_node]: DOA угол: 324
[speech_to_text_node-1] [INFO] [1763559316.748398017] [speech_to_text_node]: 🎤 Распознано: 'но завтра пока пока изучаем я сейчас быстренько доделаю попробую может сегодня за фешкой даже заеду чтобы завтра не спешить'
[speech_to_text_node-1] [INFO] [1763559316.752377287] [speech_to_text_node]: ⏱️  Timing: feature=90ms, inference=10540ms, total=23654ms
[doa_node-8] [INFO] [1763559322.722115219] [doa_node]: DOA угол: 325
[speech_to_text_node-1] [INFO] [1763559324.282446788] [speech_to_text_node]: 🎤 Распознано: 'что тогда на связики душоразбег'
[speech_to_text_node-1] [INFO] [1763559324.287349396] [speech_to_text_node]: ⏱️  Timing: feature=47ms, inference=5681ms, total=14238ms
[speech_to_text_node-1] [INFO] [1763559326.373929100] [speech_to_text_node]: 🎤 Распознано: 'пяле работа'
[speech_to_text_node-1] [INFO] [1763559326.377714040] [speech_to_text_node]: ⏱️  Timing: feature=21ms, inference=2059ms, total=8672ms
[doa_node-8] [INFO] [1763559329.748543052] [doa_node]: DOA угол: 323
[doa_node-8] [INFO] [1763559336.754703139] [doa_node]: DOA угол: 33
[doa_node-8] [INFO] [1763559343.761909768] [doa_node]: DOA угол: 323
[speech_to_text_node-1] [INFO] [1763559346.869020490] [speech_to_text_node]: 🎤 Распознано: 'а ты сейчас сегодня переписываешься ну так в течение а ты не пишешь что ты голова'
[speech_to_text_node-1] [INFO] [1763559346.872822560] [speech_to_text_node]: ⏱️  Timing: feature=108ms, inference=11658ms, total=11772ms
[doa_node-8] [INFO] [1763559350.774146985] [doa_node]: DOA угол: 33
[doa_node-8] [INFO] [1763559357.796273617] [doa_node]: DOA угол: 326
[doa_node-8] [INFO] [1763559364.815882488] [doa_node]: DOA угол: 326
[doa_node-8] [INFO] [1763559371.826063460] [doa_node]: DOA угол: 32
[speech_to_text_node-1] [INFO] [1763559375.415340198] [speech_to_text_node]: 🎤 Распознано: 'а ты с ней прямо на романтично во лмне ну то есть прям там моя ласточка птичка любовь моя'
[speech_to_text_node-1] [INFO] [1763559375.419279785] [speech_to_text_node]: ⏱️  Timing: feature=146ms, inference=16917ms, total=17070ms
[speech_to_text_node-1] [INFO] [1763559376.514191250] [speech_to_text_node]: 🎤 Распознано: 'чуждо'
[speech_to_text_node-1] [INFO] [1763559376.518305426] [speech_to_text_node]: ⏱️  Timing: feature=11ms, inference=1079ms, total=16212ms
[speech_to_text_node-1] [INFO] [1763559378.009036219] [speech_to_text_node]: 🎤 Распознано: 'нукакбудто такое'
[speech_to_text_node-1] [INFO] [1763559378.013283726] [speech_to_text_node]: ⏱️  Timing: feature=15ms, inference=1472ms, total=15007ms
[doa_node-8] [INFO] [1763559378.832195004] [doa_node]: DOA угол: 323
[speech_to_text_node-1] [INFO] [1763559378.842742987] [speech_to_text_node]: 🎤 Распознано: 'не знаю'
[speech_to_text_node-1] [INFO] [1763559378.846465225] [speech_to_text_node]: ⏱️  Timing: feature=8ms, inference=815ms, total=14648ms
[speech_to_text_node-1] [INFO] [1763559385.226203538] [speech_to_text_node]: 🎤 Распознано: 'этя не уверенно может тэто хорошо'
[speech_to_text_node-1] [INFO] [1763559385.230651320] [speech_to_text_node]: ⏱️  Timing: feature=37ms, inference=3936ms, total=11882ms
[doa_node-8] [INFO] [1763559385.844258513] [doa_node]: DOA угол: 32
[doa_node-8] [INFO] [1763559392.850355673] [doa_node]: DOA угол: 33
[doa_node-8] [INFO] [1763559399.856330351] [doa_node]: DOA угол: 324
[speech_to_text_node-1] [INFO] [1763559404.581832956] [speech_to_text_node]: 🎤 Распознано: 'да не ну наверное не не то что хорошо или плохо там ну просто так как бы есть'
[speech_to_text_node-1] [INFO] [1763559404.585682267] [speech_to_text_node]: ⏱️  Timing: feature=113ms, inference=12517ms, total=12636ms
[speech_to_text_node-1] [INFO] [1763559406.669541407] [speech_to_text_node]: 🎤 Распознано: 'о просто ну что то снимает итоги сиа'
[speech_to_text_node-1] [INFO] [1763559406.673425755] [speech_to_text_node]: ⏱️  Timing: feature=19ms, inference=2060ms, total=11567ms
[doa_node-8] [INFO] [1763559406.864908891] [doa_node]: DOA угол: 323
[speech_to_text_node-1] [INFO] [1763559410.109509645] [speech_to_text_node]: 🎤 Распознано: 'я говорю о это что за ножки такие красивыеитересные'
[speech_to_text_node-1] [INFO] [1763559410.114615418] [speech_to_text_node]: ⏱️  Timing: feature=31ms, inference=3399ms, total=9767ms
[doa_node-8] [INFO] [1763559413.874314226] [doa_node]: DOA угол: 31
[recognition_node-2] [INFO] [1763559420.639915548] [recognition_node]: ⏸️ Распознавание деактивировано
[speech_to_text_node-1] [INFO] [1763559420.642755985] [speech_to_text_node]: 📡 SpeechToText выключен (TTS активен)
[recognition_node-2] [INFO] [1763559420.647546559] [recognition_node]: 🔔 Напоминание отправлено
[silero_tts_node-4] [INFO] [1763559420.649632527] [silero_tts_node]: 🔇 Отключаю микрофон перед TTS
[speech_to_text_node-1] [INFO] [1763559420.650217203] [speech_to_text_node]: 📡 SpeechToText выключен (TTS активен)
[silero_tts_node-4] [INFO] [1763559420.652912420] [silero_tts_node]: Синтез текста: Чтобы задать вопрос начните с ключевого слова Верт...
[doa_node-8] [INFO] [1763559420.880546545] [doa_node]: DOA угол: 33
[silero_tts_node-4] [INFO] [1763559421.581635955] [silero_tts_node]: ✓ Синтез выполнен за 0.93 сек
[silero_tts_node-4] [INFO] [1763559426.167872525] [silero_tts_node]: ✓ Аудио воспроизведено успешно
[silero_tts_node-4] [INFO] [1763559426.275560472] [silero_tts_node]: 🎤 Включаю микрофон после TTS
[speech_to_text_node-1] [INFO] [1763559426.277455943] [speech_to_text_node]: 📡 SpeechToText включен
[recognition_node-2] [INFO] [1763559426.278924383] [recognition_node]: ✅ Распознавание активировано
[speech_to_text_node-1] [INFO] [1763559426.283186206] [speech_to_text_node]: 📡 SpeechToText включен
[doa_node-8] [INFO] [1763559427.892619409] [doa_node]: DOA угол: 33
[doa_node-8] [INFO] [1763559434.902032670] [doa_node]: DOA угол: 323
[doa_node-8] [INFO] [1763559441.925388809] [doa_node]: DOA угол: 321
[doa_node-8] [INFO] [1763559448.932563733] [doa_node]: DOA угол: 323
[doa_node-8] [INFO] [1763559455.956419249] [doa_node]: DOA угол: 323
[doa_node-8] [INFO] [1763559462.965330339] [doa_node]: DOA угол: 323
[doa_node-8] [INFO] [1763559469.984887851] [doa_node]: DOA угол: 326
[doa_node-8] [INFO] [1763559476.994115842] [doa_node]: DOA угол: 326
[doa_node-8] [INFO] [1763559484.003900015] [doa_node]: DOA угол: 326
[doa_node-8] [INFO] [1763559491.010728846] [doa_node]: DOA угол: 323
[doa_node-8] [INFO] [1763559498.018001133] [doa_node]: DOA угол: 324
[speech_to_text_node-1] [INFO] [1763559500.680440125] [speech_to_text_node]: 🎤 Распознано: 'тебяполучается тожеервыелдая я ей так уже сказал она сама причем вну не первый прям может раз но редко когда что она сама прям кидается то есть и она прямо сама постоянно хочет только только и она уже готова блин я себя чувствую старпером каким то что типа ну я я конечно заряжен но тоже то это притормози ко нейнона како'
[speech_to_text_node-1] [INFO] [1763559500.684386528] [speech_to_text_node]: ⏱️  Timing: feature=259ms, inference=32115ms, total=32384ms
[doa_node-8] [INFO] [1763559505.027308980] [doa_node]: DOA угол: 324
[doa_node-8] [INFO] [1763559512.038283149] [doa_node]: DOA угол: 324
[doa_node-8] [INFO] [1763559519.058705483] [doa_node]: DOA угол: 325
[doa_node-8] [INFO] [1763559526.066565814] [doa_node]: DOA угол: 33
[doa_node-8] [INFO] [1763559533.092251679] [doa_node]: DOA угол: 31
[doa_node-8] [INFO] [1763559540.112694444] [doa_node]: DOA угол: 32
[doa_node-8] [INFO] [1763559547.122536669] [doa_node]: DOA угол: 31
[speech_to_text_node-1] [INFO] [1763559551.053922298] [speech_to_text_node]: 🎤 Распознано: 'сексуальном планераскрепощенны ну вот вот вчера ночью прям какая то вот какое то прям раскрепощение с ее стороны было вот она прямо как то я не знаю мее прям будку снесло и она начала прям зажигать ну а до этого не было такого как бы я не знаю но она типа играет наверное то что ну типа ты ты ты там решил сначала я сначала так скромно ничего не умею а сейчас ни хрена себе поехали тинькофф банк поехаливобщере был короче ну вот когда первый раз'
[speech_to_text_node-1] [INFO] [1763559551.057968108] [speech_to_text_node]: ⏱️  Timing: feature=284ms, inference=35665ms, total=35958ms
[speech_to_text_node-1] [INFO] [1763559551.901205435] [speech_to_text_node]: 🎤 Распознано: 'получиэе'
[speech_to_text_node-1] [INFO] [1763559551.904994471] [speech_to_text_node]: ⏱️  Timing: feature=8ms, inference=829ms, total=34999ms
[doa_node-8] [INFO] [1763559554.128203606] [doa_node]: DOA угол: 325
[speech_to_text_node-1] [INFO] [1763559554.437181484] [speech_to_text_node]: 🎤 Распознано: 'ят ну в целом нормально прошло'
[speech_to_text_node-1] [INFO] [1763559554.440982945] [speech_to_text_node]: ⏱️  Timing: feature=23ms, inference=2505ms, total=33775ms
[speech_to_text_node-1] [INFO] [1763559560.328382292] [speech_to_text_node]: 🎤 Распознано: 'но я чувствовал что она у меня какое то напряжение короче было вот и потом на следующий день и через день таму'
[speech_to_text_node-1] [INFO] [1763559560.332193698] [speech_to_text_node]: ⏱️  Timing: feature=51ms, inference=5832ms, total=31414ms
[doa_node-8] [INFO] [1763559561.136607075] [doa_node]: DOA угол: 328
[speech_to_text_node-1] [INFO] [1763559561.138988965] [speech_to_text_node]: 🎤 Распознано: 'полежали'
[speech_to_text_node-1] [INFO] [1763559561.142703002] [speech_to_text_node]: ⏱️  Timing: feature=7ms, inference=792ms, total=30445ms
[speech_to_text_node-1] [INFO] [1763559562.341402432] [speech_to_text_node]: 🎤 Распознано: 'на раскладе'
[speech_to_text_node-1] [INFO] [1763559562.346195378] [speech_to_text_node]: ⏱️  Timing: feature=12ms, inference=1182ms, total=29539ms
[speech_to_text_node-1] [INFO] [1763559566.576634705] [speech_to_text_node]: 🎤 Распознано: 'и после этого искать и короче прикол в том что она тпервыми'
[speech_to_text_node-1] [INFO] [1763559566.580533665] [speech_to_text_node]: ⏱️  Timing: feature=39ms, inference=4184ms, total=27474ms
[doa_node-8] [INFO] [1763559568.146873680] [doa_node]: DOA угол: 214
[speech_to_text_node-1] [INFO] [1763559569.328540537] [speech_to_text_node]: 🎤 Распознано: 'оны борет у меня вообсех не было то есть'
[speech_to_text_node-1] [INFO] [1763559569.332426072] [speech_to_text_node]: ⏱️  Timing: feature=15ms, inference=1358ms, total=24384ms
[speech_to_text_node-1] [INFO] [1763559570.621636823] [speech_to_text_node]: 🎤 Распознано: 'аговои'
[speech_to_text_node-1] [INFO] [1763559570.625468043] [speech_to_text_node]: ⏱️  Timing: feature=10ms, inference=1272ms, total=24320ms
[speech_to_text_node-1] [INFO] [1763559572.099021780] [speech_to_text_node]: 🎤 Распознано: 'онопредела была такая'
[speech_to_text_node-1] [INFO] [1763559572.103356290] [speech_to_text_node]: ⏱️  Timing: feature=14ms, inference=1451ms, total=19345ms
[speech_to_text_node-1] [INFO] [1763559573.016260312] [speech_to_text_node]: 🎤 Распознано: 'двадц'
[speech_to_text_node-1] [INFO] [1763559573.020056792] [speech_to_text_node]: ⏱️  Timing: feature=9ms, inference=899ms, total=15317ms
[doa_node-8] [INFO] [1763559575.154453913] [doa_node]: DOA угол: 327
[speech_to_text_node-1] [INFO] [1763559575.620415369] [speech_to_text_node]: 🎤 Распознано: 'ну иприятное ощущение просдает ну и все'
[speech_to_text_node-1] [INFO] [1763559575.624147332] [speech_to_text_node]: ⏱️  Timing: feature=25ms, inference=2571ms, total=11466ms
[speech_to_text_node-1] [INFO] [1763559577.825455524] [speech_to_text_node]: 🎤 Распознано: 'первые сеть обсудалия она говорит'
[speech_to_text_node-1] [INFO] [1763559577.829574258] [speech_to_text_node]: ⏱️  Timing: feature=26ms, inference=1647ms, total=1680ms
[doa_node-8] [INFO] [1763559582.163765984] [doa_node]: DOA угол: 325
[doa_node-8] [INFO] [1763559589.174618226] [doa_node]: DOA угол: 325
[doa_node-8] [INFO] [1763559596.197667629] [doa_node]: DOA угол: 323
[doa_node-8] [INFO] [1763559603.219451520] [doa_node]: DOA угол: 324
[recognition_node-2] [INFO] [1763559606.278035798] [recognition_node]: ⏸️ Распознавание деактивировано
[speech_to_text_node-1] [INFO] [1763559606.280677221] [speech_to_text_node]: 📡 SpeechToText выключен (TTS активен)
[recognition_node-2] [INFO] [1763559606.284693328] [recognition_node]: 🔔 Напоминание отправлено
[speech_to_text_node-1] [INFO] [1763559606.287818430] [speech_to_text_node]: 📡 SpeechToText выключен (TTS активен)
[silero_tts_node-4] [INFO] [1763559606.288097889] [silero_tts_node]: 🔇 Отключаю микрофон перед TTS
[silero_tts_node-4] [INFO] [1763559606.290972494] [silero_tts_node]: Синтез текста: Чтобы задать вопрос начните с ключевого слова Верт...
[silero_tts_node-4] [INFO] [1763559607.209235283] [silero_tts_node]: ✓ Синтез выполнен за 0.92 сек
[doa_node-8] [INFO] [1763559610.229684328] [doa_node]: DOA угол: 323
[silero_tts_node-4] [INFO] [1763559611.797138574] [silero_tts_node]: ✓ Аудио воспроизведено успешно
[silero_tts_node-4] [INFO] [1763559611.903575622] [silero_tts_node]: 🎤 Включаю микрофон после TTS
[recognition_node-2] [INFO] [1763559611.905620647] [recognition_node]: ✅ Распознавание активировано
[speech_to_text_node-1] [INFO] [1763559611.906051900] [speech_to_text_node]: 📡 SpeechToText включен
[speech_to_text_node-1] [INFO] [1763559611.913658509] [speech_to_text_node]: 📡 SpeechToText включен
[doa_node-8] [INFO] [1763559617.252191752] [doa_node]: DOA угол: 323
[doa_node-8] [INFO] [1763559624.261477744] [doa_node]: DOA угол: 323
[doa_node-8] [INFO] [1763559631.268668896] [doa_node]: DOA угол: 323
[doa_node-8] [INFO] [1763559638.291600015] [doa_node]: DOA угол: 323
[doa_node-8] [INFO] [1763559645.300079918] [doa_node]: DOA угол: 34
[doa_node-8] [INFO] [1763559652.324354915] [doa_node]: DOA угол: 323
[doa_node-8] [INFO] [1763559659.334695017] [doa_node]: DOA угол: 30
[doa_node-8] [INFO] [1763559666.358191286] [doa_node]: DOA угол: 323
[doa_node-8] [INFO] [1763559673.379917497] [doa_node]: DOA угол: 323
[doa_node-8] [INFO] [1763559680.390112808] [doa_node]: DOA угол: 323
[doa_node-8] [INFO] [1763559687.408690112] [doa_node]: DOA угол: 323
[doa_node-8] [INFO] [1763559694.417216658] [doa_node]: DOA угол: 323
[doa_node-8] [INFO] [1763559701.424321856] [doa_node]: DOA угол: 323
[doa_node-8] [INFO] [1763559708.433003660] [doa_node]: DOA угол: 322
[doa_node-8] [INFO] [1763559715.440870529] [doa_node]: DOA угол: 324
[doa_node-8] [INFO] [1763559722.450629978] [doa_node]: DOA угол: 324
[doa_node-8] [INFO] [1763559729.472422487] [doa_node]: DOA угол: 323
[doa_node-8] [INFO] [1763559736.480375765] [doa_node]: DOA угол: 323
[doa_node-8] [INFO] [1763559743.490905813] [doa_node]: DOA угол: 323
[speech_to_text_node-1] [INFO] [1763559750.087543310] [speech_to_text_node]: 🎤 Распознано: 'что то там дал руку где то в нужный момент там что то вот такие моменты типа уже перед этим она как то возбуждается что то типачто то типа такого говорила ну не знаю опять же пиханин не пиханина фиг знает как бы да и пофигу вообще даже если пиханин вообще мало мало это интересует что там ч чтородить а и должно маша просто это конвеер из нее конвеер задачал сделать нуя я я ей тоже так я говорю говорю ну ну говорю да что  четыре это готовься это минимум как бы и она такая вот она тоже говорит типа это жестко я говорю ну ты же готова  я готова'
[speech_to_text_node-1] [INFO] [1763559750.091551067] [speech_to_text_node]: ⏱️  Timing: feature=477ms, inference=61251ms, total=61741ms
[doa_node-8] [INFO] [1763559750.497076230] [doa_node]: DOA угол: 323
[doa_node-8] [INFO] [1763559757.506878916] [doa_node]: DOA угол: 323
[doa_node-8] [INFO] [1763559764.514929060] [doa_node]: DOA угол: 323
[speech_to_text_node-1] [INFO] [1763559769.338850880] [speech_to_text_node]: 🎤 Распознано: 'знаешь просто пока пока с уверенным лицом это спрашиваеть у нее не говори с ней про это бда она не я какой готов я я говорю я панику словил просто с мыслью от мысли того что она по дому ходит какие четыре ребенка'
[speech_to_text_node-1] [INFO] [1763559769.342858544] [speech_to_text_node]: ⏱️  Timing: feature=134ms, inference=15832ms, total=52929ms
[doa_node-8] [INFO] [1763559771.525031587] [doa_node]: DOA угол: 323
[doa_node-8] [INFO] [1763559778.534762790] [doa_node]: DOA угол: 323
[doa_node-8] [INFO] [1763559785.556359694] [doa_node]: DOA угол: 323
[recognition_node-2] [INFO] [1763559791.908135741] [recognition_node]: ⏸️ Распознавание деактивировано
[speech_to_text_node-1] [INFO] [1763559791.910907201] [speech_to_text_node]: 📡 SpeechToText выключен (TTS активен)
[recognition_node-2] [INFO] [1763559791.916608359] [recognition_node]: 🔔 Напоминание отправлено
[speech_to_text_node-1] [INFO] [1763559791.917256980] [speech_to_text_node]: 📡 SpeechToText выключен (TTS активен)
[silero_tts_node-4] [INFO] [1763559791.917992154] [silero_tts_node]: 🔇 Отключаю микрофон перед TTS
[silero_tts_node-4] [INFO] [1763559791.921125628] [silero_tts_node]: Синтез текста: Чтобы задать вопрос начните с ключевого слова Верт...
[doa_node-8] [INFO] [1763559792.561090140] [doa_node]: DOA угол: 323
[silero_tts_node-4] [INFO] [1763559792.862944278] [silero_tts_node]: ✓ Синтез выполнен за 0.94 сек
[silero_tts_node-4] [INFO] [1763559797.447842331] [silero_tts_node]: ✓ Аудио воспроизведено успешно
[silero_tts_node-4] [INFO] [1763559797.553872522] [silero_tts_node]: 🎤 Включаю микрофон после TTS
[speech_to_text_node-1] [INFO] [1763559797.555970195] [speech_to_text_node]: 📡 SpeechToText включен
[recognition_node-2] [INFO] [1763559797.556096286] [recognition_node]: ✅ Распознавание активировано
[speech_to_text_node-1] [INFO] [1763559797.563155499] [speech_to_text_node]: 📡 SpeechToText включен
[doa_node-8] [INFO] [1763559799.572218715] [doa_node]: DOA угол: 323
[doa_node-8] [INFO] [1763559806.582756278] [doa_node]: DOA угол: 324
[doa_node-8] [INFO] [1763559813.606097229] [doa_node]: DOA угол: 325
[doa_node-8] [INFO] [1763559820.614767332] [doa_node]: DOA угол: 324
[doa_node-8] [INFO] [1763559827.635968231] [doa_node]: DOA угол: 324
[doa_node-8] [INFO] [1763559834.645981137] [doa_node]: DOA угол: 323
[doa_node-8] [INFO] [1763559841.667452463] [doa_node]: DOA угол: 322
[doa_node-8] [INFO] [1763559848.677201709] [doa_node]: DOA угол: 323
[doa_node-8] [INFO] [1763559855.684668181] [doa_node]: DOA угол: 323
[doa_node-8] [INFO] [1763559862.694807141] [doa_node]: DOA угол: 323
[doa_node-8] [INFO] [1763559869.716903936] [doa_node]: DOA угол: 324
[doa_node-8] [INFO] [1763559876.742213580] [doa_node]: DOA угол: 324
[doa_node-8] [INFO] [1763559883.747227723] [doa_node]: DOA угол: 323
[doa_node-8] [INFO] [1763559890.755249048] [doa_node]: DOA угол: 32
[doa_node-8] [INFO] [1763559897.765774154] [doa_node]: DOA угол: 325
[doa_node-8] [INFO] [1763559904.788263554] [doa_node]: DOA угол: 324
[doa_node-8] [INFO] [1763559911.795341267] [doa_node]: DOA угол: 325
[doa_node-8] [INFO] [1763559918.801393622] [doa_node]: DOA угол: 30
[doa_node-8] [INFO] [1763559925.811504030] [doa_node]: DOA угол: 31
[doa_node-8] [INFO] [1763559932.818820844] [doa_node]: DOA угол: 214
[doa_node-8] [INFO] [1763559939.828893727] [doa_node]: DOA угол: 30
[doa_node-8] [INFO] [1763559946.850833492] [doa_node]: DOA угол: 32
[speech_to_text_node-1] [INFO] [1763559948.866875926] [speech_to_text_node]: 🎤 Распознано: 'чтобы родила я не представляю пока ну вот я вот сейчас вот я просто в от так сижу на работе и вот представляю так вот она сейчас к примеру дома и вот я сейчас приезжаю сразу же и вот какое вот я захожу домой и вот что я испытываю первое какое ощущение сейчас у меня такой знаешь как бы кажется ну типа да там пожрать можно сразу же вкусно пахнет я я такой ага типа она там все вообще рада меня видеть я такой захожу так хочу позаниматься своими делами там что нибудь посидеть там в ноуте там почитать во просто видосками посмотреть поспать вообще она мне как то может помешать ну может там иногда говорит то что там вот что то котелки какие то туда пойти туда поехать и так далее фиг знает пока не знаю блин ну пока как бы вот сейчас не испытваю что то такое страшное но как только но как только кончил сразу же думае ну как бы я это самое как бы я как бы уже и все но это все от лукавого'
[speech_to_text_node-1] [INFO] [1763559948.871104681] [speech_to_text_node]: ⏱️  Timing: feature=509ms, inference=67248ms, total=67770ms
[doa_node-8] [INFO] [1763559953.858609953] [doa_node]: DOA угол: 30
[speech_to_text_node-1] [INFO] [1763559957.713402380] [speech_to_text_node]: 🎤 Распознано: 'мневот стора говорила когда вот сейчас после трима ну стала проси просто как тея было ассмуировать я сказал что как бы все спокойно пок какы ничегояне буду'
[speech_to_text_node-1] [INFO] [1763559957.718087109] [speech_to_text_node]: ⏱️  Timing: feature=75ms, inference=8759ms, total=63860ms
[doa_node-8] [INFO] [1763559960.867134267] [doa_node]: DOA угол: 326
[speech_to_text_node-1] [INFO] [1763559967.244045875] [speech_to_text_node]: 🎤 Распознано: 'не слава'
[speech_to_text_node-1] [INFO] [1763559967.248077466] [speech_to_text_node]: ⏱️  Timing: feature=52ms, inference=6092ms, total=56590ms
[doa_node-8] [INFO] [1763559967.873053276] [doa_node]: DOA угол: 326
[speech_to_text_node-1] [INFO] [1763559968.078408959] [speech_to_text_node]: 🎤 Распознано: 'дае'
[speech_to_text_node-1] [INFO] [1763559968.082229016] [speech_to_text_node]: ⏱️  Timing: feature=8ms, inference=818ms, total=51883ms
[speech_to_text_node-1] [INFO] [1763559971.837301781] [speech_to_text_node]: 🎤 Распознано: 'все равно даже даже вот се как ысли горгатса это говорит о том что'
[speech_to_text_node-1] [INFO] [1763559971.841415167] [speech_to_text_node]: ⏱️  Timing: feature=34ms, inference=3716ms, total=47535ms
[speech_to_text_node-1] [INFO] [1763559972.760608018] [speech_to_text_node]: 🎤 Распознано: 'продане знае'
[speech_to_text_node-1] [INFO] [1763559972.764400150] [speech_to_text_node]: ⏱️  Timing: feature=11ms, inference=904ms, total=46215ms
[speech_to_text_node-1] [INFO] [1763559973.748234735] [speech_to_text_node]: 🎤 Распознано: 'а'
[speech_to_text_node-1] [INFO] [1763559973.752033477] [speech_to_text_node]: ⏱️  Timing: feature=10ms, inference=969ms, total=44342ms
[speech_to_text_node-1] [INFO] [1763559974.690163618] [speech_to_text_node]: 🎤 Распознано: 'актипрь'
[speech_to_text_node-1] [INFO] [1763559974.694047119] [speech_to_text_node]: ⏱️  Timing: feature=9ms, inference=924ms, total=43939ms
[doa_node-8] [INFO] [1763559974.883102682] [doa_node]: DOA угол: 322
[speech_to_text_node-1] [INFO] [1763559975.523294506] [speech_to_text_node]: 🎤 Распознано: 'еснив к'
[speech_to_text_node-1] [INFO] [1763559975.527103619] [speech_to_text_node]: ⏱️  Timing: feature=8ms, inference=816ms, total=41169ms
[speech_to_text_node-1] [INFO] [1763559976.614800848] [speech_to_text_node]: 🎤 Распознано: 'сказал'
[speech_to_text_node-1] [INFO] [1763559976.619614335] [speech_to_text_node]: ⏱️  Timing: feature=8ms, inference=1069ms, total=40470ms
[speech_to_text_node-1] [INFO] [1763559977.246535552] [speech_to_text_node]: 🎤 Распознано: 'и'
[speech_to_text_node-1] [INFO] [1763559977.251148838] [speech_to_text_node]: ⏱️  Timing: feature=6ms, inference=612ms, total=40202ms
[recognition_node-2] [INFO] [1763559977.554299399] [recognition_node]: ⏸️ Распознавание деактивировано
[speech_to_text_node-1] [INFO] [1763559977.554907168] [speech_to_text_node]: 📡 SpeechToText выключен (TTS активен)
[recognition_node-2] [INFO] [1763559977.561901143] [recognition_node]: 🔔 Напоминание отправлено
[speech_to_text_node-1] [INFO] [1763559977.571855354] [speech_to_text_node]: 📡 SpeechToText выключен (TTS активен)
[silero_tts_node-4] [INFO] [1763559977.572430031] [silero_tts_node]: 🔇 Отключаю микрофон перед TTS
[silero_tts_node-4] [INFO] [1763559977.575446655] [silero_tts_node]: Синтез текста: Чтобы задать вопрос начните с ключевого слова Верт...
[silero_tts_node-4] [INFO] [1763559979.594903290] [silero_tts_node]: ✓ Синтез выполнен за 2.02 сек
[speech_to_text_node-1] [INFO] [1763559981.834718887] [speech_to_text_node]: ⏱️  Timing: feature=33ms, inference=4545ms, total=39528ms
[doa_node-8] [INFO] [1763559981.906416298] [doa_node]: DOA угол: 324
[speech_to_text_node-1] [INFO] [1763559983.458599297] [speech_to_text_node]: ⏱️  Timing: feature=16ms, inference=1604ms, total=34248ms
[silero_tts_node-4] [INFO] [1763559984.192331657] [silero_tts_node]: ✓ Аудио воспроизведено успешно
[silero_tts_node-4] [INFO] [1763559984.295261682] [silero_tts_node]: 🎤 Включаю микрофон после TTS
[speech_to_text_node-1] [INFO] [1763559984.295960042] [speech_to_text_node]: 📡 SpeechToText включен
[recognition_node-2] [INFO] [1763559984.300163613] [recognition_node]: ✅ Распознавание активировано
[speech_to_text_node-1] [INFO] [1763559984.306335229] [speech_to_text_node]: 📡 SpeechToText включен
[speech_to_text_node-1] [INFO] [1763559984.310561503] [speech_to_text_node]: ⏱️  Timing: feature=8ms, inference=823ms, total=33888ms
[speech_to_text_node-1] [INFO] [1763559987.182568208] [speech_to_text_node]: 🎤 Распознано: 'но это будет менее хуевая чем обычно'
[speech_to_text_node-1] [INFO] [1763559987.186625113] [speech_to_text_node]: ⏱️  Timing: feature=26ms, inference=2841ms, total=30768ms
[doa_node-8] [INFO] [1763559988.917652853] [doa_node]: DOA угол: 324
[doa_node-8] [INFO] [1763559995.925520944] [doa_node]: DOA угол: 324
[doa_node-8] [INFO] [1763560002.931895970] [doa_node]: DOA угол: 324
[speech_to_text_node-1] [INFO] [1763560008.990591973] [speech_to_text_node]: 🎤 Распознано: 'то меня это испугало и все просто это с непривычки и это очень смешно вот сейчас тогда не смешно было сейчас смешно про это просто вспоминать там рассказывать а так то по идее ничего страшного ну там'
[speech_to_text_node-1] [INFO] [1763560008.995154094] [speech_to_text_node]: ⏱️  Timing: feature=96ms, inference=10189ms, total=10295ms
[doa_node-8] [INFO] [1763560009.940404657] [doa_node]: DOA угол: 322
[doa_node-8] [INFO] [1763560016.950390069] [doa_node]: DOA угол: 323
[doa_node-8] [INFO] [1763560023.972423852] [doa_node]: DOA угол: 322
[doa_node-8] [INFO] [1763560030.980346023] [doa_node]: DOA угол: 322
[doa_node-8] [INFO] [1763560037.991184303] [doa_node]: DOA угол: 322
[doa_node-8] [INFO] [1763560045.014581612] [doa_node]: DOA угол: 321
[doa_node-8] [INFO] [1763560052.036602534] [doa_node]: DOA угол: 323
[doa_node-8] [INFO] [1763560059.046094761] [doa_node]: DOA угол: 323
[doa_node-8] [INFO] [1763560066.068695156] [doa_node]: DOA угол: 323
[doa_node-8] [INFO] [1763560073.077723611] [doa_node]: DOA угол: 322
[doa_node-8] [INFO] [1763560080.100603943] [doa_node]: DOA угол: 303
[doa_node-8] [INFO] [1763560087.111323962] [doa_node]: DOA угол: 33
[doa_node-8] [INFO] [1763560094.135394938] [doa_node]: DOA угол: 323
[doa_node-8] [INFO] [1763560101.156893187] [doa_node]: DOA угол: 324
[doa_node-8] [INFO] [1763560108.167610637] [doa_node]: DOA угол: 325
[doa_node-8] [INFO] [1763560115.188112149] [doa_node]: DOA угол: 323
[doa_node-8] [INFO] [1763560122.196666377] [doa_node]: DOA угол: 323
[doa_node-8] [INFO] [1763560129.207198348] [doa_node]: DOA угол: 323
[doa_node-8] [INFO] [1763560136.230535096] [doa_node]: DOA угол: 323
[doa_node-8] [INFO] [1763560143.239205707] [doa_node]: DOA угол: 323
[doa_node-8] [INFO] [1763560150.260247192] [doa_node]: DOA угол: 323
[doa_node-8] [INFO] [1763560157.269306575] [doa_node]: DOA угол: 33
[doa_node-8] [INFO] [1763560164.293395368] [doa_node]: DOA угол: 34
[recognition_node-2] [INFO] [1763560164.301632216] [recognition_node]: ⏸️ Распознавание деактивировано
[speech_to_text_node-1] [INFO] [1763560164.303628836] [speech_to_text_node]: 📡 SpeechToText выключен (TTS активен)
[recognition_node-2] [INFO] [1763560164.305969359] [recognition_node]: 🔔 Напоминание отправлено
[silero_tts_node-4] [INFO] [1763560164.309144648] [silero_tts_node]: 🔇 Отключаю микрофон перед TTS
[speech_to_text_node-1] [INFO] [1763560164.309232036] [speech_to_text_node]: 📡 SpeechToText выключен (TTS активен)
[silero_tts_node-4] [INFO] [1763560164.312371826] [silero_tts_node]: Синтез текста: Чтобы задать вопрос начните с ключевого слова Верт...
[silero_tts_node-4] [INFO] [1763560165.222986806] [silero_tts_node]: ✓ Синтез выполнен за 0.91 сек
[silero_tts_node-4] [INFO] [1763560169.810174320] [silero_tts_node]: ✓ Аудио воспроизведено успешно
[silero_tts_node-4] [INFO] [1763560169.919033691] [silero_tts_node]: 🎤 Включаю микрофон после TTS
[speech_to_text_node-1] [INFO] [1763560169.919092893] [speech_to_text_node]: 📡 SpeechToText включен
[recognition_node-2] [INFO] [1763560169.919225243] [recognition_node]: ✅ Распознавание активировано
[speech_to_text_node-1] [INFO] [1763560169.927140503] [speech_to_text_node]: 📡 SpeechToText включен
[doa_node-8] [INFO] [1763560171.303376532] [doa_node]: DOA угол: 323
[doa_node-8] [INFO] [1763560178.326461206] [doa_node]: DOA угол: 323
[doa_node-8] [INFO] [1763560185.333776236] [doa_node]: DOA угол: 322
[doa_node-8] [INFO] [1763560192.343595052] [doa_node]: DOA угол: 322
[doa_node-8] [INFO] [1763560199.366847223] [doa_node]: DOA угол: 322
[doa_node-8] [INFO] [1763560206.389549110] [doa_node]: DOA угол: 322
[doa_node-8] [INFO] [1763560213.413058379] [doa_node]: DOA угол: 322
[doa_node-8] [INFO] [1763560220.424164935] [doa_node]: DOA угол: 321
[doa_node-8] [INFO] [1763560227.444286407] [doa_node]: DOA угол: 37
[doa_node-8] [INFO] [1763560234.454018840] [doa_node]: DOA угол: 323
[doa_node-8] [INFO] [1763560241.462872046] [doa_node]: DOA угол: 32
[doa_node-8] [INFO] [1763560248.485798873] [doa_node]: DOA угол: 322
[doa_node-8] [INFO] [1763560255.509294916] [doa_node]: DOA угол: 36
[doa_node-8] [INFO] [1763560262.530396751] [doa_node]: DOA угол: 36
[doa_node-8] [INFO] [1763560269.541756685] [doa_node]: DOA угол: 35
[doa_node-8] [INFO] [1763560276.562282120] [doa_node]: DOA угол: 36
[doa_node-8] [INFO] [1763560283.573754921] [doa_node]: DOA угол: 33
[doa_node-8] [INFO] [1763560290.598707182] [doa_node]: DOA угол: 324
[doa_node-8] [INFO] [1763560297.620395337] [doa_node]: DOA угол: 34
[doa_node-8] [INFO] [1763560304.641813809] [doa_node]: DOA угол: 33
[doa_node-8] [INFO] [1763560311.652449797] [doa_node]: DOA угол: 326
[doa_node-8] [INFO] [1763560318.661289270] [doa_node]: DOA угол: 326
[speech_to_text_node-1] [INFO] [1763560324.328542010] [speech_to_text_node]: 🎤 Распознано: 'она уже просто у меня и мы обсуждаем сколько детей как ды свадьбы и так далее вот это постелили ну естественно как бы ну я вариант это у меня вот тоже я к маше знаешь искренне с таким знаешь прям ну кайфую но я вот прям ее там прям всякими нежными словами там называю и во первых как бы это сразу покажет воспримет ли она доброту за слабость типа то что я ее там муси пуси там прям всю то есть прям ну там нее вообще как ребенку к ней отношусь прям все прямо аккуратненько все там и она за столько времени ни разу этим там ничего не сказала типа что ты что ты делаешь т она наоборот там как то ну знаешь там умиляется этому типа прикалывается так типа вообще кайфую и ну нет согласен но все равно общение то плотное уже то есть прям плотничком у нас вот до сегодняшнего дня мы прям да там в течение дня переписываюсь вот сегодня буквально пару пару сообщений все и а до этого прям плотно прям плотно плохо'
[speech_to_text_node-1] [INFO] [1763560324.332549343] [speech_to_text_node]: ⏱️  Timing: feature=530ms, inference=68279ms, total=68830ms
[doa_node-8] [INFO] [1763560325.667751382] [doa_node]: DOA угол: 328
[doa_node-8] [INFO] [1763560332.676429441] [doa_node]: DOA угол: 325
[doa_node-8] [INFO] [1763560339.681805226] [doa_node]: DOA угол: 325
[doa_node-8] [INFO] [1763560346.692993610] [doa_node]: DOA угол: 324
[recognition_node-2] [INFO] [1763560349.917122452] [recognition_node]: ⏸️ Распознавание деактивировано
[speech_to_text_node-1] [INFO] [1763560349.917122507] [speech_to_text_node]: 📡 SpeechToText выключен (TTS активен)
[recognition_node-2] [INFO] [1763560349.921231839] [recognition_node]: 🔔 Напоминание отправлено
[speech_to_text_node-1] [INFO] [1763560349.935830841] [speech_to_text_node]: 📡 SpeechToText выключен (TTS активен)
[silero_tts_node-4] [INFO] [1763560349.941529374] [silero_tts_node]: 🔇 Отключаю микрофон перед TTS
[silero_tts_node-4] [INFO] [1763560349.944475833] [silero_tts_node]: Синтез текста: Чтобы задать вопрос начните с ключевого слова Верт...
[silero_tts_node-4] [INFO] [1763560351.878636642] [silero_tts_node]: ✓ Синтез выполнен за 1.93 сек
[doa_node-8] [INFO] [1763560353.714646660] [doa_node]: DOA угол: 323
[silero_tts_node-4] [INFO] [1763560356.520806230] [silero_tts_node]: ✓ Аудио воспроизведено успешно
[silero_tts_node-4] [INFO] [1763560356.627164854] [silero_tts_node]: 🎤 Включаю микрофон после TTS
[recognition_node-2] [INFO] [1763560356.628900904] [recognition_node]: ✅ Распознавание активировано
[speech_to_text_node-1] [INFO] [1763560356.632930774] [speech_to_text_node]: 📡 SpeechToText включен
[speech_to_text_node-1] [INFO] [1763560356.637256363] [speech_to_text_node]: 📡 SpeechToText включен
[speech_to_text_node-1] [INFO] [1763560358.279382618] [speech_to_text_node]: 🎤 Распознано: 'понятно что ну это вообще будет ну с моей стороны очень тупо если я просто к этому как бы ип есть естьну кусочек типа сполернули что тебе в казань еще не раз придется съездить только вот не одной а вот'
[speech_to_text_node-1] [INFO] [1763560358.282640722] [speech_to_text_node]: ⏱️  Timing: feature=244ms, inference=31223ms, total=54171ms
[doa_node-8] [INFO] [1763560360.722396080] [doa_node]: DOA угол: 323
[speech_to_text_node-1] [INFO] [1763560361.136242108] [speech_to_text_node]: 🎤 Распознано: 'я туттоже недалеко да да'
[speech_to_text_node-1] [INFO] [1763560361.140583437] [speech_to_text_node]: ⏱️  Timing: feature=26ms, inference=2820ms, total=51034ms
[speech_to_text_node-1] [INFO] [1763560364.064030679] [speech_to_text_node]: 🎤 Распознано: 'ведоко какэт'
[speech_to_text_node-1] [INFO] [1763560364.068450229] [speech_to_text_node]: ⏱️  Timing: feature=26ms, inference=2890ms, total=49909ms
[doa_node-8] [INFO] [1763560367.732438239] [doa_node]: DOA угол: 31
[speech_to_text_node-1] [INFO] [1763560368.388230060] [speech_to_text_node]: 🎤 Распознано: 'москва казань екатеринбург типа высокоскоростной торес'
[speech_to_text_node-1] [INFO] [1763560368.392598278] [speech_to_text_node]: ⏱️  Timing: feature=41ms, inference=4272ms, total=47782ms
[speech_to_text_node-1] [INFO] [1763560369.759927096] [speech_to_text_node]: 🎤 Распознано: 'ну это кайф'
[speech_to_text_node-1] [INFO] [1763560369.763763043] [speech_to_text_node]: ⏱️  Timing: feature=13ms, inference=1349ms, total=47054ms
[speech_to_text_node-1] [INFO] [1763560371.217912517] [speech_to_text_node]: 🎤 Распознано: 'не в морны список ехат'
[speech_to_text_node-1] [INFO] [1763560371.221696890] [speech_to_text_node]: ⏱️  Timing: feature=14ms, inference=1435ms, total=45071ms
[speech_to_text_node-1] [INFO] [1763560372.068340894] [speech_to_text_node]: 🎤 Распознано: 'т'
[speech_to_text_node-1] [INFO] [1763560372.072703834] [speech_to_text_node]: ⏱️  Timing: feature=8ms, inference=832ms, total=41262ms
[doa_node-8] [INFO] [1763560374.737911066] [doa_node]: DOA угол: 326
[speech_to_text_node-1] [INFO] [1763560374.931517506] [speech_to_text_node]: 🎤 Распознано: 'ну явно не скоро'
[speech_to_text_node-1] [INFO] [1763560374.935318565] [speech_to_text_node]: ⏱️  Timing: feature=16ms, inference=1644ms, total=29125ms
[speech_to_text_node-1] [INFO] [1763560381.214226516] [speech_to_text_node]: 🎤 Распознано: 'там уже телепор'
[speech_to_text_node-1] [INFO] [1763560381.218011649] [speech_to_text_node]: ⏱️  Timing: feature=32ms, inference=2379ms, total=2416ms
[doa_node-8] [INFO] [1763560381.748785737] [doa_node]: DOA угол: 32
[doa_node-8] [INFO] [1763560388.759083000] [doa_node]: DOA угол: 324
[doa_node-8] [INFO] [1763560395.781500848] [doa_node]: DOA угол: 326
[doa_node-8] [INFO] [1763560402.788569139] [doa_node]: DOA угол: 330
[doa_node-8] [INFO] [1763560409.795824567] [doa_node]: DOA угол: 325
[speech_to_text_node-1] [INFO] [1763560415.595289655] [speech_to_text_node]: 🎤 Распознано: 'не прямой то есть курган казань поезд прямой поезд но это вот суткидасуткину как бы ну достаточно часто ходит но это сутки ехать ря'
[speech_to_text_node-1] [INFO] [1763560415.599231915] [speech_to_text_node]: ⏱️  Timing: feature=127ms, inference=13713ms, total=13847ms
[doa_node-8] [INFO] [1763560416.805459545] [doa_node]: DOA угол: 328
[doa_node-8] [INFO] [1763560423.814046602] [doa_node]: DOA угол: 326
[doa_node-8] [INFO] [1763560430.822651093] [doa_node]: DOA угол: 326
[doa_node-8] [INFO] [1763560437.842763378] [doa_node]: DOA угол: 217
[doa_node-8] [INFO] [1763560444.855876138] [doa_node]: DOA угол: 325
[doa_node-8] [INFO] [1763560451.877413474] [doa_node]: DOA угол: 33
[doa_node-8] [INFO] [1763560458.884098762] [doa_node]: DOA угол: 324
[speech_to_text_node-1] [INFO] [1763560459.375756744] [speech_to_text_node]: 🎤 Распознано: 'ну там да это назад возвращаются есть но он так получается что я когда приезжаю получается вот я приехал трепанул и мне надо уезжать а в этот день нету такого прямого и мне приходится вот с пересадками вот я я один раз только попадал на такой поезд где прямой и все за все время один раз только попадал'
[speech_to_text_node-1] [INFO] [1763560459.380046870] [speech_to_text_node]: ⏱️  Timing: feature=208ms, inference=24412ms, total=24628ms
[doa_node-8] [INFO] [1763560465.892923287] [doa_node]: DOA угол: 324
[doa_node-8] [INFO] [1763560472.900162840] [doa_node]: DOA угол: 324
[doa_node-8] [INFO] [1763560479.906058157] [doa_node]: DOA угол: 327
[speech_to_text_node-1] [INFO] [1763560484.523971298] [speech_to_text_node]: 🎤 Распознано: 'жестко вообще жестко ну поезд просто едет он он едет он в екб стоит четыре часа или или даже пять часов просто стоит поезд в т мы едем мы до екб доезжаем с кургана и мы просто пять часов стоим вот это просто бред то есть это уже можно за гораздо быстрее проехать'
[speech_to_text_node-1] [INFO] [1763560484.528023427] [speech_to_text_node]: ⏱️  Timing: feature=180ms, inference=20489ms, total=20676ms
[doa_node-8] [INFO] [1763560486.914606833] [doa_node]: DOA угол: 326
[doa_node-8] [INFO] [1763560493.922861018] [doa_node]: DOA угол: 323
[speech_to_text_node-1] [INFO] [1763560498.804086520] [speech_to_text_node]: 🎤 Распознано: 'поэтомутакое блиокей самолеты вообще самолеты да ну самолеты это с екб то есть мне пять часов ехать до екб и потом за семь восемь тысяч лететь с екб до казани'
[speech_to_text_node-1] [INFO] [1763560498.808098335] [speech_to_text_node]: ⏱️  Timing: feature=127ms, inference=14142ms, total=14850ms
[doa_node-8] [INFO] [1763560500.930146222] [doa_node]: DOA угол: 324
[doa_node-8] [INFO] [1763560507.940944715] [doa_node]: DOA угол: 325
[speech_to_text_node-1] [INFO] [1763560509.183557569] [speech_to_text_node]: 🎤 Распознано: 'ну получается вы'
[speech_to_text_node-1] [INFO] [1763560509.187453997] [speech_to_text_node]: ⏱️  Timing: feature=12ms, inference=1279ms, total=6029ms
[speech_to_text_node-1] [INFO] [1763560510.408058820] [speech_to_text_node]: 🎤 Распознано: 'а если допустим'
[speech_to_text_node-1] [INFO] [1763560510.411855898] [speech_to_text_node]: ⏱️  Timing: feature=11ms, inference=1205ms, total=3502ms
[doa_node-8] [INFO] [1763560514.951453772] [doa_node]: DOA угол: 32
[doa_node-8] [INFO] [1763560521.971113430] [doa_node]: DOA угол: 35
[speech_to_text_node-1] [INFO] [1763560523.704211712] [speech_to_text_node]: 🎤 Распознано: 'сейчас скажу'
[speech_to_text_node-1] [INFO] [1763560523.708066714] [speech_to_text_node]: ⏱️  Timing: feature=19ms, inference=1181ms, total=1206ms
[doa_node-8] [INFO] [1763560528.981172297] [doa_node]: DOA угол: 218
[doa_node-8] [INFO] [1763560535.991862344] [doa_node]: DOA угол: 327
[recognition_node-2] [INFO] [1763560536.630412496] [recognition_node]: ⏸️ Распознавание деактивировано
[speech_to_text_node-1] [INFO] [1763560536.632201231] [speech_to_text_node]: 📡 SpeechToText выключен (TTS активен)
[recognition_node-2] [INFO] [1763560536.635324818] [recognition_node]: 🔔 Напоминание отправлено
[speech_to_text_node-1] [INFO] [1763560536.638570884] [speech_to_text_node]: 📡 SpeechToText выключен (TTS активен)
[silero_tts_node-4] [INFO] [1763560536.639161691] [silero_tts_node]: 🔇 Отключаю микрофон перед TTS
[silero_tts_node-4] [INFO] [1763560536.642045577] [silero_tts_node]: Синтез текста: Чтобы задать вопрос начните с ключевого слова Верт...
[silero_tts_node-4] [INFO] [1763560537.571075043] [silero_tts_node]: ✓ Синтез выполнен за 0.93 сек
[silero_tts_node-4] [INFO] [1763560542.163046588] [silero_tts_node]: ✓ Аудио воспроизведено успешно
[silero_tts_node-4] [INFO] [1763560542.270437208] [silero_tts_node]: 🎤 Включаю микрофон после TTS
[speech_to_text_node-1] [INFO] [1763560542.270953220] [speech_to_text_node]: 📡 SpeechToText включен
[recognition_node-2] [INFO] [1763560542.272597234] [recognition_node]: ✅ Распознавание активировано
[speech_to_text_node-1] [INFO] [1763560542.277440927] [speech_to_text_node]: 📡 SpeechToText включен
[doa_node-8] [INFO] [1763560543.014062533] [doa_node]: DOA угол: 218
[speech_to_text_node-1] [INFO] [1763560546.290938133] [speech_to_text_node]: 🎤 Распознано: 'если'
[speech_to_text_node-1] [INFO] [1763560546.295188241] [speech_to_text_node]: ⏱️  Timing: feature=16ms, inference=819ms, total=843ms
[doa_node-8] [INFO] [1763560550.037401635] [doa_node]: DOA угол: 323
[doa_node-8] [INFO] [1763560557.046515860] [doa_node]: DOA угол: 33
[doa_node-8] [INFO] [1763560564.068425024] [doa_node]: DOA угол: 218
[doa_node-8] [INFO] [1763560571.078596017] [doa_node]: DOA угол: 216
[doa_node-8] [INFO] [1763560578.084935415] [doa_node]: DOA угол: 217
[doa_node-8] [INFO] [1763560585.095476573] [doa_node]: DOA угол: 217
[doa_node-8] [INFO] [1763560592.116518866] [doa_node]: DOA угол: 215
[doa_node-8] [INFO] [1763560599.126389071] [doa_node]: DOA угол: 324
[doa_node-8] [INFO] [1763560606.135467585] [doa_node]: DOA угол: 324
[speech_to_text_node-1] [INFO] [1763560608.060401470] [speech_to_text_node]: 🎤 Распознано: 'и машу'
[speech_to_text_node-1] [INFO] [1763560608.064542987] [speech_to_text_node]: ⏱️  Timing: feature=16ms, inference=791ms, total=812ms
[doa_node-8] [INFO] [1763560613.143852960] [doa_node]: DOA угол: 28
[speech_to_text_node-1] [INFO] [1763560616.481918594] [speech_to_text_node]: 🎤 Распознано: 'тбя путешествие'
[speech_to_text_node-1] [INFO] [1763560616.485721171] [speech_to_text_node]: ⏱️  Timing: feature=24ms, inference=1553ms, total=1583ms
[doa_node-8] [INFO] [1763560620.152963103] [doa_node]: DOA угол: 329
[doa_node-8] [INFO] [1763560627.176892062] [doa_node]: DOA угол: 326
[doa_node-8] [INFO] [1763560634.198390813] [doa_node]: DOA угол: 324
[doa_node-8] [INFO] [1763560641.204823473] [doa_node]: DOA угол: 326
[doa_node-8] [INFO] [1763560648.212390320] [doa_node]: DOA угол: 328
[doa_node-8] [INFO] [1763560655.220437826] [doa_node]: DOA угол: 216
[speech_to_text_node-1] [INFO] [1763560658.257386551] [speech_to_text_node]: 🎤 Распознано: 'сначала то она такая как бы да а сейчас уже она там когда видел увидела и во как есть говорит ни хрена себе там людей колошматит я говорю ну говорю ну это говорю не всех не переживай просто уверен говорю у тебя будет нормально все она говорит я же вижу ты врешь я говорю ну знаю'
[speech_to_text_node-1] [INFO] [1763560658.261537624] [speech_to_text_node]: ⏱️  Timing: feature=158ms, inference=17543ms, total=17709ms
[speech_to_text_node-1] [INFO] [1763560659.081533346] [speech_to_text_node]: 🎤 Распознано: 'мне кажется прикольно'
[speech_to_text_node-1] [INFO] [1763560659.085491199] [speech_to_text_node]: ⏱️  Timing: feature=8ms, inference=807ms, total=15227ms
[doa_node-8] [INFO] [1763560662.230359120] [doa_node]: DOA угол: 324
[doa_node-8] [INFO] [1763560669.238758007] [doa_node]: DOA угол: 29
[speech_to_text_node-1] [INFO] [1763560675.562390578] [speech_to_text_node]: 🎤 Распознано: 'она такая что'
[speech_to_text_node-1] [INFO] [1763560675.566522577] [speech_to_text_node]: ⏱️  Timing: feature=17ms, inference=792ms, total=814ms
[doa_node-8] [INFO] [1763560676.260319361] [doa_node]: DOA угол: 327
[speech_to_text_node-1] [INFO] [1763560677.213489750] [speech_to_text_node]: 🎤 Распознано: 'практичный'
[speech_to_text_node-1] [INFO] [1763560677.217648749] [speech_to_text_node]: ⏱️  Timing: feature=15ms, inference=795ms, total=815ms
[doa_node-8] [INFO] [1763560683.270604440] [doa_node]: DOA угол: 325
[doa_node-8] [INFO] [1763560690.277078144] [doa_node]: DOA угол: 325
[speech_to_text_node-1] [INFO] [1763560693.897867026] [speech_to_text_node]: 🎤 Распознано: 'как мы элин называли сначала человек ну как типа такой вот ну'
[speech_to_text_node-1] [INFO] [1763560693.902042747] [speech_to_text_node]: ⏱️  Timing: feature=61ms, inference=5882ms, total=5949ms
[doa_node-8] [INFO] [1763560697.286706376] [doa_node]: DOA угол: 326
[doa_node-8] [INFO] [1763560704.310106065] [doa_node]: DOA угол: 324
[doa_node-8] [INFO] [1763560711.317512859] [doa_node]: DOA угол: 325
[doa_node-8] [INFO] [1763560718.324787262] [doa_node]: DOA угол: 326
[speech_to_text_node-1] [INFO] [1763560720.097271468] [speech_to_text_node]: 🎤 Распознано: 'тематикаю физика не не  да и мне кажется просто вот они на этом чисто могут сойтись и ил может там я думаю подобрать слова чтобы о ни там'
[speech_to_text_node-1] [INFO] [1763560720.101710296] [speech_to_text_node]: ⏱️  Timing: feature=119ms, inference=13424ms, total=13550ms
[speech_to_text_node-1] [INFO] [1763560721.756497553] [speech_to_text_node]: 🎤 Распознано: 'на своем змеином'
[speech_to_text_node-1] [INFO] [1763560721.760361370] [speech_to_text_node]: ⏱️  Timing: feature=16ms, inference=1634ms, total=12194ms
[recognition_node-2] [INFO] [1763560722.273908568] [recognition_node]: ⏸️ Распознавание деактивировано
[speech_to_text_node-1] [INFO] [1763560722.275270420] [speech_to_text_node]: 📡 SpeechToText выключен (TTS активен)
[recognition_node-2] [INFO] [1763560722.278865148] [recognition_node]: 🔔 Напоминание отправлено
[speech_to_text_node-1] [INFO] [1763560722.281962402] [speech_to_text_node]: 📡 SpeechToText выключен (TTS активен)
[silero_tts_node-4] [INFO] [1763560722.283690694] [silero_tts_node]: 🔇 Отключаю микрофон перед TTS
[silero_tts_node-4] [INFO] [1763560722.286558414] [silero_tts_node]: Синтез текста: Чтобы задать вопрос начните с ключевого слова Верт...
[silero_tts_node-4] [INFO] [1763560723.224409100] [silero_tts_node]: ✓ Синтез выполнен за 0.94 сек
[doa_node-8] [INFO] [1763560725.336155180] [doa_node]: DOA угол: 324
[silero_tts_node-4] [INFO] [1763560727.810449131] [silero_tts_node]: ✓ Аудио воспроизведено успешно
[silero_tts_node-4] [INFO] [1763560727.918505694] [silero_tts_node]: 🎤 Включаю микрофон после TTS
[speech_to_text_node-1] [INFO] [1763560727.919543328] [speech_to_text_node]: 📡 SpeechToText включен
[recognition_node-2] [INFO] [1763560727.920164375] [recognition_node]: ✅ Распознавание активировано
[speech_to_text_node-1] [INFO] [1763560727.927299037] [speech_to_text_node]: 📡 SpeechToText включен
[doa_node-8] [INFO] [1763560732.358458039] [doa_node]: DOA угол: 326
[speech_to_text_node-1] [INFO] [1763560736.574334112] [speech_to_text_node]: 🎤 Распознано: 'да не нормально'
[speech_to_text_node-1] [INFO] [1763560736.578139023] [speech_to_text_node]: ⏱️  Timing: feature=24ms, inference=1646ms, total=1675ms
[doa_node-8] [INFO] [1763560739.365941836] [doa_node]: DOA угол: 324
[doa_node-8] [INFO] [1763560746.375995112] [doa_node]: DOA угол: 322
[doa_node-8] [INFO] [1763560753.385423245] [doa_node]: DOA угол: 218
[doa_node-8] [INFO] [1763560760.406365735] [doa_node]: DOA угол: 217
[doa_node-8] [INFO] [1763560767.414395434] [doa_node]: DOA угол: 324
[doa_node-8] [INFO] [1763560774.438475964] [doa_node]: DOA угол: 324
[doa_node-8] [INFO] [1763560781.445610906] [doa_node]: DOA угол: 33
[doa_node-8] [INFO] [1763560788.450992292] [doa_node]: DOA угол: 325
[doa_node-8] [INFO] [1763560795.464972871] [doa_node]: DOA угол: 323
[doa_node-8] [INFO] [1763560802.490434029] [doa_node]: DOA угол: 323
[speech_to_text_node-1] [INFO] [1763560805.272838633] [speech_to_text_node]: 🎤 Распознано: 'девочка мояся'
[speech_to_text_node-1] [INFO] [1763560805.277299424] [speech_to_text_node]: ⏱️  Timing: feature=249ms, inference=28868ms, total=29125ms
[doa_node-8] [INFO] [1763560809.511245670] [doa_node]: DOA угол: 324
[doa_node-8] [INFO] [1763560816.534279034] [doa_node]: DOA угол: 323
[doa_node-8] [INFO] [1763560823.542952162] [doa_node]: DOA угол: 324
[doa_node-8] [INFO] [1763560830.566432435] [doa_node]: DOA угол: 325
[doa_node-8] [INFO] [1763560837.576139277] [doa_node]: DOA угол: 325
[doa_node-8] [INFO] [1763560844.598355516] [doa_node]: DOA угол: 325
[doa_node-8] [INFO] [1763560851.620073348] [doa_node]: DOA угол: 326
[doa_node-8] [INFO] [1763560858.629819096] [doa_node]: DOA угол: 324
[doa_node-8] [INFO] [1763560865.639429653] [doa_node]: DOA угол: 30
[doa_node-8] [INFO] [1763560872.662229653] [doa_node]: DOA угол: 26
[speech_to_text_node-1] [INFO] [1763560874.704821387] [speech_to_text_node]: 🎤 Распознано: 'то это возможно что просто охренеа не о а маша это прямо знаешь она такая я говорю мухомор там все дела она начала гуглить и она говорит так это галлюцегенные грибы это же наркотики это запрещено в россии я говорю сама ты запрещена в россии это говорю разрешено я му говорю ну кого ты бред ты несешь говорю нам закон нельзя нарушать что ты несешь и вот она она говорит она мне такая пихает говорит я конечно готова ради тебя умереть ны говорит ну нет мухомор же я говорю во первых какой ты нахрен готова ради меня умереть что ты лепишь а дум я такая'
[speech_to_text_node-1] [INFO] [1763560874.708868480] [speech_to_text_node]: ⏱️  Timing: feature=313ms, inference=37483ms, total=37806ms
[speech_to_text_node-1] [INFO] [1763560876.412198255] [speech_to_text_node]: 🎤 Распознано: 'ас'
[speech_to_text_node-1] [INFO] [1763560876.415966074] [speech_to_text_node]: ⏱️  Timing: feature=17ms, inference=1679ms, total=36958ms
[speech_to_text_node-1] [INFO] [1763560876.971962289] [speech_to_text_node]: 🎤 Распознано: 'р'
[speech_to_text_node-1] [INFO] [1763560876.976320563] [speech_to_text_node]: ⏱️  Timing: feature=5ms, inference=546ms, total=36766ms
[doa_node-8] [INFO] [1763560879.685676989] [doa_node]: DOA угол: 27
[speech_to_text_node-1] [INFO] [1763560880.811083404] [speech_to_text_node]: 🎤 Распознано: 'яжеэосказал'
[speech_to_text_node-1] [INFO] [1763560880.814894834] [speech_to_text_node]: ⏱️  Timing: feature=29ms, inference=3255ms, total=35514ms
[doa_node-8] [INFO] [1763560886.693694361] [doa_node]: DOA угол: 26
[speech_to_text_node-1] [INFO] [1763560892.384216770] [speech_to_text_node]: 🎤 Распознано: 'я тоже ей сказал что говорю она говорит ты понимаешь чуть чуть больше и ты можешь умереть я говорю'
[speech_to_text_node-1] [INFO] [1763560892.388156661] [speech_to_text_node]: ⏱️  Timing: feature=101ms, inference=11461ms, total=31178ms
[doa_node-8] [INFO] [1763560893.702051609] [doa_node]: DOA угол: 333
[doa_node-8] [INFO] [1763560900.709346809] [doa_node]: DOA угол: 29
[speech_to_text_node-1] [INFO] [1763560906.957933408] [speech_to_text_node]: 🎤 Распознано: 'серьезно а есть статьяскинь пожалуйста'
[speech_to_text_node-1] [INFO] [1763560906.962037722] [speech_to_text_node]: ⏱️  Timing: feature=128ms, inference=14435ms, total=25352ms
[doa_node-8] [INFO] [1763560907.717174678] [doa_node]: DOA угол: 26
[recognition_node-2] [INFO] [1763560907.917561380] [recognition_node]: ⏸️ Распознавание деактивировано
[speech_to_text_node-1] [INFO] [1763560907.918297981] [speech_to_text_node]: 📡 SpeechToText выключен (TTS активен)
[recognition_node-2] [INFO] [1763560907.921558085] [recognition_node]: 🔔 Напоминание отправлено
[speech_to_text_node-1] [INFO] [1763560907.933841677] [speech_to_text_node]: 📡 SpeechToText выключен (TTS активен)
[silero_tts_node-4] [INFO] [1763560907.937521664] [silero_tts_node]: 🔇 Отключаю микрофон перед TTS
[silero_tts_node-4] [INFO] [1763560907.943132365] [silero_tts_node]: Синтез текста: Чтобы задать вопрос начните с ключевого слова Верт...
[speech_to_text_node-1] [INFO] [1763560910.062038151] [speech_to_text_node]: ⏱️  Timing: feature=18ms, inference=3078ms, total=25600ms
[silero_tts_node-4] [INFO] [1763560910.077601199] [silero_tts_node]: ✓ Синтез выполнен за 2.12 сек
[speech_to_text_node-1] [INFO] [1763560911.503497481] [speech_to_text_node]: ⏱️  Timing: feature=13ms, inference=1423ms, total=24945ms
[silero_tts_node-4] [INFO] [1763560914.699430646] [silero_tts_node]: ✓ Аудио воспроизведено успешно
[doa_node-8] [INFO] [1763560914.723767390] [doa_node]: DOA угол: 14
[silero_tts_node-4] [INFO] [1763560914.807299365] [silero_tts_node]: 🎤 Включаю микрофон после TTS
[speech_to_text_node-1] [INFO] [1763560914.807304569] [speech_to_text_node]: 📡 SpeechToText включен
[recognition_node-2] [INFO] [1763560914.812139688] [recognition_node]: ✅ Распознавание активировано
[speech_to_text_node-1] [INFO] [1763560914.816706737] [speech_to_text_node]: 📡 SpeechToText включен
[doa_node-8] [INFO] [1763560921.731297784] [doa_node]: DOA угол: 325
[speech_to_text_node-1] [INFO] [1763560924.528699946] [speech_to_text_node]: 🎤 Распознано: 'ньйинтер да скинь пожалуйста я думаю вряд ли что саня саня так вот так говорит это идеальная дозировка муфамора там пять килограмм ведро стоит такое росто ведро просто на весах ведро огромное стоит'
[speech_to_text_node-1] [INFO] [1763560924.532510172] [speech_to_text_node]: ⏱️  Timing: feature=113ms, inference=12906ms, total=18322ms
[doa_node-8] [INFO] [1763560928.768518340] [doa_node]: DOA угол: 326
[speech_to_text_node-1] [INFO] [1763560933.987171843] [speech_to_text_node]: 🎤 Распознано: 'она говорит а я с ума могу сойти я говорю ну вероятнее всего да ну в хорошем смысле'
[speech_to_text_node-1] [INFO] [1763560933.990965939] [speech_to_text_node]: ⏱️  Timing: feature=67ms, inference=6563ms, total=6638ms
[doa_node-8] [INFO] [1763560935.782510871] [doa_node]: DOA угол: 326
[doa_node-8] [INFO] [1763560942.792473299] [doa_node]: DOA угол: 326
[doa_node-8] [INFO] [1763560949.801463102] [doa_node]: DOA угол: 325
[doa_node-8] [INFO] [1763560956.824519835] [doa_node]: DOA угол: 325
[doa_node-8] [INFO] [1763560963.847326099] [doa_node]: DOA угол: 330
[doa_node-8] [INFO] [1763560970.869428308] [doa_node]: DOA угол: 326
[doa_node-8] [INFO] [1763560977.878085320] [doa_node]: DOA угол: 326
[doa_node-8] [INFO] [1763560984.889769708] [doa_node]: DOA угол: 145
[doa_node-8] [INFO] [1763560991.913154538] [doa_node]: DOA угол: 33
[doa_node-8] [INFO] [1763560998.935006565] [doa_node]: DOA угол: 29
[doa_node-8] [INFO] [1763561005.944255808] [doa_node]: DOA угол: 331
[doa_node-8] [INFO] [1763561012.952505833] [doa_node]: DOA угол: 32
[doa_node-8] [INFO] [1763561019.975719089] [doa_node]: DOA угол: 324
[doa_node-8] [INFO] [1763561026.999614141] [doa_node]: DOA угол: 330
[doa_node-8] [INFO] [1763561034.021974204] [doa_node]: DOA угол: 216
[doa_node-8] [INFO] [1763561041.032067255] [doa_node]: DOA угол: 331
[doa_node-8] [INFO] [1763561048.041794839] [doa_node]: DOA угол: 327
[doa_node-8] [INFO] [1763561055.064341386] [doa_node]: DOA угол: 328
[doa_node-8] [INFO] [1763561062.087217492] [doa_node]: DOA угол: 324
[doa_node-8] [INFO] [1763561069.097813402] [doa_node]: DOA угол: 324
[doa_node-8] [INFO] [1763561076.119232025] [doa_node]: DOA угол: 33
[doa_node-8] [INFO] [1763561083.130117705] [doa_node]: DOA угол: 324
[doa_node-8] [INFO] [1763561090.152046521] [doa_node]: DOA угол: 326
[recognition_node-2] [INFO] [1763561094.816759127] [recognition_node]: ⏸️ Распознавание деактивировано
[speech_to_text_node-1] [INFO] [1763561094.820530743] [speech_to_text_node]: 📡 SpeechToText выключен (TTS активен)
[recognition_node-2] [INFO] [1763561094.823704699] [recognition_node]: 🔔 Напоминание отправлено
[speech_to_text_node-1] [INFO] [1763561094.826804583] [speech_to_text_node]: 📡 SpeechToText выключен (TTS активен)
[silero_tts_node-4] [INFO] [1763561094.826801787] [silero_tts_node]: 🔇 Отключаю микрофон перед TTS
[silero_tts_node-4] [INFO] [1763561094.829695174] [silero_tts_node]: Синтез текста: Чтобы задать вопрос начните с ключевого слова Верт...
[silero_tts_node-4] [INFO] [1763561095.765493816] [silero_tts_node]: ✓ Синтез выполнен за 0.93 сек
[doa_node-8] [INFO] [1763561097.175606359] [doa_node]: DOA угол: 327
[silero_tts_node-4] [INFO] [1763561100.351088406] [silero_tts_node]: ✓ Аудио воспроизведено успешно
[speech_to_text_node-1] [INFO] [1763561100.459904801] [speech_to_text_node]: 📡 SpeechToText включен
[recognition_node-2] [INFO] [1763561100.460824029] [recognition_node]: ✅ Распознавание активировано
[silero_tts_node-4] [INFO] [1763561100.461112210] [silero_tts_node]: 🎤 Включаю микрофон после TTS
[speech_to_text_node-1] [INFO] [1763561100.466912910] [speech_to_text_node]: 📡 SpeechToText включен
[doa_node-8] [INFO] [1763561104.183342697] [doa_node]: DOA угол: 30
[doa_node-8] [INFO] [1763561111.193395010] [doa_node]: DOA угол: 28
[doa_node-8] [INFO] [1763561118.201231361] [doa_node]: DOA угол: 29
[doa_node-8] [INFO] [1763561125.222108782] [doa_node]: DOA угол: 214
[doa_node-8] [INFO] [1763561132.234021258] [doa_node]: DOA угол: 25
[doa_node-8] [INFO] [1763561139.255728644] [doa_node]: DOA угол: 331
[doa_node-8] [INFO] [1763561146.279575194] [doa_node]: DOA угол: 25
[doa_node-8] [INFO] [1763561153.287528040] [doa_node]: DOA угол: 212
[doa_node-8] [INFO] [1763561160.293183775] [doa_node]: DOA угол: 330
[doa_node-8] [INFO] [1763561167.300046463] [doa_node]: DOA угол: 328
[doa_node-8] [INFO] [1763561174.310132021] [doa_node]: DOA угол: 330
[doa_node-8] [INFO] [1763561181.318036744] [doa_node]: DOA угол: 329
[doa_node-8] [INFO] [1763561188.324348570] [doa_node]: DOA угол: 328
[doa_node-8] [INFO] [1763561195.332737428] [doa_node]: DOA угол: 328
[doa_node-8] [INFO] [1763561202.340660077] [doa_node]: DOA угол: 347
[speech_to_text_node-1] [INFO] [1763561202.353950897] [speech_to_text_node]: 🎤 Распознано: 'ну я тоже вот что типа что это короче не кай то есть мы туда ездим не кайфовать идет постоянная плотная работа над собой над личностью то есть у тебя есть детские травмы какие то которые с тобой всю жизнь и ты до них доберешься с психологам не знаю лет через двадцать только пройдя вот все вот эти этапы свои снимая друг на друга а здесь ты погружаешься проживаешь этот опыт и ну ты работаешь над собой то есть ты меняешься как личность у тебя избавляетну вот я приводил примерто что т у меня был страх такой все больше нет я вообще не боюсь теперь то ть вот так вот просто примеры прпу то есть это типа если заходить на лечным уровне если ы говорит про личностный рост то есть это не неремя шики то есть это осознанноработа над собой где тыменя'
[speech_to_text_node-1] [INFO] [1763561202.357901251] [speech_to_text_node]: ⏱️  Timing: feature=365ms, inference=44068ms, total=44454ms
[speech_to_text_node-1] [INFO] [1763561203.184829437] [speech_to_text_node]: 🎤 Распознано: 'ачто твоя л'
[speech_to_text_node-1] [INFO] [1763561203.188619719] [speech_to_text_node]: ⏱️  Timing: feature=7ms, inference=814ms, total=44058ms
[speech_to_text_node-1] [INFO] [1763561205.497037557] [speech_to_text_node]: 🎤 Распознано: 'нятраскрепощаешься ничего не боишься'
[speech_to_text_node-1] [INFO] [1763561205.500885819] [speech_to_text_node]: ⏱️  Timing: feature=20ms, inference=2284ms, total=43235ms
[speech_to_text_node-1] [INFO] [1763561207.477063492] [speech_to_text_node]: 🎤 Распознано: 'вот то есть это не кайф ни мне у кайфовать'
[speech_to_text_node-1] [INFO] [1763561207.481335471] [speech_to_text_node]: ⏱️  Timing: feature=18ms, inference=1952ms, total=42203ms
[doa_node-8] [INFO] [1763561209.351800095] [doa_node]: DOA угол: 350
[doa_node-8] [INFO] [1763561216.373240036] [doa_node]: DOA угол: 351
[speech_to_text_node-1] [INFO] [1763561221.099161908] [speech_to_text_node]: 🎤 Распознано: 'слава написал да тогда на связи до завтра завтра также утромспасибо кирилл'
[speech_to_text_node-1] [INFO] [1763561221.103238353] [speech_to_text_node]: ⏱️  Timing: feature=107ms, inference=12682ms, total=34093ms
[speech_to_text_node-1] [INFO] [1763561222.401137532] [speech_to_text_node]: 🎤 Распознано: 'есо'
[speech_to_text_node-1] [INFO] [1763561222.405029387] [speech_to_text_node]: ⏱️  Timing: feature=12ms, inference=1279ms, total=10195ms
[doa_node-8] [INFO] [1763561223.381669028] [doa_node]: DOA угол: 18
[speech_to_text_node-1] [INFO] [1763561227.469648620] [speech_to_text_node]: 🎤 Распознано: 'все хорошо да'
[speech_to_text_node-1] [INFO] [1763561227.473478346] [speech_to_text_node]: ⏱️  Timing: feature=45ms, inference=5015ms, total=8055ms
[doa_node-8] [INFO] [1763561230.392700380] [doa_node]: DOA угол: 18
[doa_node-8] [INFO] [1763561237.413581308] [doa_node]: DOA угол: 18
[doa_node-8] [INFO] [1763561244.421003886] [doa_node]: DOA угол: 23
[doa_node-8] [INFO] [1763561251.432437403] [doa_node]: DOA угол: 21
[doa_node-8] [INFO] [1763561258.438844313] [doa_node]: DOA угол: 341
[doa_node-8] [INFO] [1763561265.445354971] [doa_node]: DOA угол: 20
[speech_to_text_node-1] [INFO] [1763561265.854592167] [speech_to_text_node]: 🎤 Распознано: 'да в идеале бы да нояя да'
[speech_to_text_node-1] [INFO] [1763561265.858528003] [speech_to_text_node]: ⏱️  Timing: feature=100ms, inference=10648ms, total=10754ms
[doa_node-8] [INFO] [1763561272.453159342] [doa_node]: DOA угол: 18
[speech_to_text_node-1] [INFO] [1763561275.080640899] [speech_to_text_node]: 🎤 Распознано: 'я я пока с машей по бабкам не вывезу но на следующий бы месяц чтобы я успел подготовиться да'
[speech_to_text_node-1] [INFO] [1763561275.084436163] [speech_to_text_node]: ⏱️  Timing: feature=76ms, inference=8046ms, total=8128ms
[doa_node-8] [INFO] [1763561279.465768991] [doa_node]: DOA угол: 332
[recognition_node-2] [INFO] [1763561280.461115553] [recognition_node]: ⏸️ Распознавание деактивировано
[speech_to_text_node-1] [INFO] [1763561280.462105669] [speech_to_text_node]: 📡 SpeechToText выключен (TTS активен)
[recognition_node-2] [INFO] [1763561280.466871809] [recognition_node]: 🔔 Напоминание отправлено
[speech_to_text_node-1] [INFO] [1763561280.468388326] [speech_to_text_node]: 📡 SpeechToText выключен (TTS активен)
[silero_tts_node-4] [INFO] [1763561280.469235555] [silero_tts_node]: 🔇 Отключаю микрофон перед TTS
[silero_tts_node-4] [INFO] [1763561280.472797008] [silero_tts_node]: Синтез текста: Чтобы задать вопрос начните с ключевого слова Верт...
[silero_tts_node-4] [INFO] [1763561281.397343386] [silero_tts_node]: ✓ Синтез выполнен за 0.92 сек
[silero_tts_node-4] [INFO] [1763561285.990356452] [silero_tts_node]: ✓ Аудио воспроизведено успешно
[silero_tts_node-4] [INFO] [1763561286.098285601] [silero_tts_node]: 🎤 Включаю микрофон после TTS
[speech_to_text_node-1] [INFO] [1763561286.100051800] [speech_to_text_node]: 📡 SpeechToText включен
[recognition_node-2] [INFO] [1763561286.100962825] [recognition_node]: ✅ Распознавание активировано
[speech_to_text_node-1] [INFO] [1763561286.105924795] [speech_to_text_node]: 📡 SpeechToText включен
[doa_node-8] [INFO] [1763561286.486765573] [doa_node]: DOA угол: 26
[doa_node-8] [INFO] [1763561293.497951555] [doa_node]: DOA угол: 326
[doa_node-8] [INFO] [1763561300.505830701] [doa_node]: DOA угол: 24
[doa_node-8] [INFO] [1763561307.510952689] [doa_node]: DOA угол: 27
[doa_node-8] [INFO] [1763561314.518817094] [doa_node]: DOA угол: 340
[speech_to_text_node-1] [INFO] [1763561319.422232719] [speech_to_text_node]: 🎤 Распознано: 'да мне также и ну это короче она так вчера короче группу убыла там это решим я думаю это не проблема еличто хочешьвот это было бы вообще слад вообще охренительно'
[speech_to_text_node-1] [INFO] [1763561319.426652197] [speech_to_text_node]: ⏱️  Timing: feature=132ms, inference=13783ms, total=13922ms
[doa_node-8] [INFO] [1763561321.541079927] [doa_node]: DOA угол: 333
[doa_node-8] [INFO] [1763561328.552353120] [doa_node]: DOA угол: 331
[speech_to_text_node-1] [INFO] [1763561332.136887306] [speech_to_text_node]: 🎤 Распознано: 'блин вот это кайф это кайф я я просто ну пытаюсь объяснить и она мне там какие то аргументы приводит вообще причем на ходу начинает ну видно что страшно неизвестно что ему'
[speech_to_text_node-1] [INFO] [1763561332.140835938] [speech_to_text_node]: ⏱️  Timing: feature=101ms, inference=10929ms, total=11037ms
[doa_node-8] [INFO] [1763561335.556780267] [doa_node]: DOA угол: 28
[speech_to_text_node-1] [INFO] [1763561337.720972473] [speech_to_text_node]: 🎤 Распознано: 'оно нужноч если'
[speech_to_text_node-1] [INFO] [1763561337.724957142] [speech_to_text_node]: ⏱️  Timing: feature=43ms, inference=3047ms, total=4163ms
[doa_node-8] [INFO] [1763561342.565702677] [doa_node]: DOA угол: 30
[speech_to_text_node-1] [INFO] [1763561345.192265360] [speech_to_text_node]: 🎤 Распознано: 'ну да'
[speech_to_text_node-1] [INFO] [1763561345.196354231] [speech_to_text_node]: ⏱️  Timing: feature=31ms, inference=2605ms, total=2641ms
[doa_node-8] [INFO] [1763561349.573551612] [doa_node]: DOA угол: 27
[doa_node-8] [INFO] [1763561356.581732904] [doa_node]: DOA угол: 25
[doa_node-8] [INFO] [1763561363.593952153] [doa_node]: DOA угол: 331
[doa_node-8] [INFO] [1763561370.603626001] [doa_node]: DOA угол: 338
[doa_node-8] [INFO] [1763561377.626100262] [doa_node]: DOA угол: 23
[doa_node-8] [INFO] [1763561384.648993732] [doa_node]: DOA угол: 18
[doa_node-8] [INFO] [1763561391.669581187] [doa_node]: DOA угол: 24
[doa_node-8] [INFO] [1763561398.677195197] [doa_node]: DOA угол: 24
[doa_node-8] [INFO] [1763561405.690894618] [doa_node]: DOA угол: 24
[speech_to_text_node-1] [INFO] [1763561410.776106898] [speech_to_text_node]: 🎤 Распознано: 'да хорошо вслазал она она такую смешную фигню пихнула мы мы вчера разговариваем с ней вот на эту тему она она нам говорит ну естественно типичная типа говорит это же какие то галлюцегенные грибы то есть это наркотики и так далее короче такая типичная пихает и говорит рон рон послушай я готова ради тебя умереть но не от мухомора же ха ха'
[speech_to_text_node-1] [INFO] [1763561410.780030253] [speech_to_text_node]: ⏱️  Timing: feature=190ms, inference=21977ms, total=22174ms
[doa_node-8] [INFO] [1763561412.712387464] [doa_node]: DOA угол: 27
[speech_to_text_node-1] [INFO] [1763561417.784904372] [speech_to_text_node]: 🎤 Распознано: 'а два наду'
[speech_to_text_node-1] [INFO] [1763561417.788693006] [speech_to_text_node]: ⏱️  Timing: feature=24ms, inference=1553ms, total=1583ms
[speech_to_text_node-1] [INFO] [1763561419.359037305] [speech_to_text_node]: 🎤 Распознано: 'жду пока сок'
[speech_to_text_node-1] [INFO] [1763561419.363075750] [speech_to_text_node]: ⏱️  Timing: feature=14ms, inference=890ms, total=909ms
[doa_node-8] [INFO] [1763561419.719508957] [doa_node]: DOA угол: 29
[doa_node-8] [INFO] [1763561426.727073882] [doa_node]: DOA угол: 29
[doa_node-8] [INFO] [1763561433.733496833] [doa_node]: DOA угол: 27
[doa_node-8] [INFO] [1763561440.744351662] [doa_node]: DOA угол: 331
[doa_node-8] [INFO] [1763561447.768617008] [doa_node]: DOA угол: 330
[speech_to_text_node-1] [INFO] [1763561454.553480389] [speech_to_text_node]: 🎤 Распознано: 'разу'
[speech_to_text_node-1] [INFO] [1763561454.557336133] [speech_to_text_node]: ⏱️  Timing: feature=15ms, inference=831ms, total=853ms
[doa_node-8] [INFO] [1763561454.775707633] [doa_node]: DOA угол: 30
[doa_node-8] [INFO] [1763561461.784785409] [doa_node]: DOA угол: 327
[recognition_node-2] [INFO] [1763561466.100787179] [recognition_node]: ⏸️ Распознавание деактивировано
[speech_to_text_node-1] [INFO] [1763561466.102539285] [speech_to_text_node]: 📡 SpeechToText выключен (TTS активен)
[recognition_node-2] [INFO] [1763561466.109688559] [recognition_node]: 🔔 Напоминание отправлено
[speech_to_text_node-1] [INFO] [1763561466.109688689] [speech_to_text_node]: 📡 SpeechToText выключен (TTS активен)
[silero_tts_node-4] [INFO] [1763561466.110301107] [silero_tts_node]: 🔇 Отключаю микрофон перед TTS
[silero_tts_node-4] [INFO] [1763561466.113444509] [silero_tts_node]: Синтез текста: Чтобы задать вопрос начните с ключевого слова Верт...
[silero_tts_node-4] [INFO] [1763561467.023333203] [silero_tts_node]: ✓ Синтез выполнен за 0.91 сек
[doa_node-8] [INFO] [1763561468.808508945] [doa_node]: DOA угол: 28
[silero_tts_node-4] [INFO] [1763561471.608377660] [silero_tts_node]: ✓ Аудио воспроизведено успешно
[silero_tts_node-4] [INFO] [1763561471.714779012] [silero_tts_node]: 🎤 Включаю микрофон после TTS
[speech_to_text_node-1] [INFO] [1763561471.716575432] [speech_to_text_node]: 📡 SpeechToText включен
[recognition_node-2] [INFO] [1763561471.717421791] [recognition_node]: ✅ Распознавание активировано
[speech_to_text_node-1] [INFO] [1763561471.725737606] [speech_to_text_node]: 📡 SpeechToText включен
[doa_node-8] [INFO] [1763561475.818369252] [doa_node]: DOA угол: 31
[doa_node-8] [INFO] [1763561482.837343246] [doa_node]: DOA угол: 31
[doa_node-8] [INFO] [1763561489.848525522] [doa_node]: DOA угол: 326
[doa_node-8] [INFO] [1763561496.857600709] [doa_node]: DOA угол: 326
[doa_node-8] [INFO] [1763561503.877927147] [doa_node]: DOA угол: 326
[doa_node-8] [INFO] [1763561510.888944443] [doa_node]: DOA угол: 326
[doa_node-8] [INFO] [1763561517.893206342] [doa_node]: DOA угол: 326
[speech_to_text_node-1] [INFO] [1763561521.128428572] [speech_to_text_node]: 🎤 Распознано: 'маш я сейчас еще на месте и мне сейчас надо будет отъехать с работы и я как раз как раз тогда давай тебя и завезу так ты ты уже у бабушки и дедушки или еще еще идешь мне сейчас надо сориентироваться по времени понимать насколько это делать вот так что'
[speech_to_text_node-1] [INFO] [1763561521.132421241] [speech_to_text_node]: ⏱️  Timing: feature=165ms, inference=18805ms, total=18977ms
[speech_to_text_node-1] [INFO] [1763561522.420451803] [speech_to_text_node]: 🎤 Распознано: 'напишешь я забду'
[speech_to_text_node-1] [INFO] [1763561522.424235845] [speech_to_text_node]: ⏱️  Timing: feature=13ms, inference=1270ms, total=18310ms
[doa_node-8] [INFO] [1763561524.904682750] [doa_node]: DOA угол: 326
[doa_node-8] [INFO] [1763561531.913870497] [doa_node]: DOA угол: 326
e]: Ошибка в цикле чтения датчиков: [Errno 5] Input/output error
[distance_sensors_node-7] [ERROR] [1762930553.236155967] [distance_sensors_node]: Ошибка в цикле чтения датчиков: [Errno 5] Input/output error
[distance_sensors_node-7] [ERROR] [1762930554.239906443] [distance_sensors_node]: Ошибка в цикле чтения датчиков: [Errno 5] Input/output error
[distance_sensors_node-7] [ERROR] [1762930555.247831343] [distance_sensors_node]: Ошибка в цикле чтения датчиков: [Errno 5] Input/output error
[distance_sensors_node-7] [ERROR] [1762930556.255881490] [distance_sensors_node]: Ошибка в цикле чтения датчиков: [Errno 5] Input/output error
[distance_sensors_node-7] [ERROR] [1762930557.263133642] [distance_sensors_node]: Ошибка в цикле чтения датчиков: [Errno 5] Input/output error
[doa_node-8] [INFO] [1762930558.252185008] [doa_node]: DOA угол: 306
[distance_sensors_node-7] [ERROR] [1762930558.268381429] [distance_sensors_node]: Ошибка в цикле чтения датчиков: [Errno 5] Input/output error
[distance_sensors_node-7] [ERROR] [1762930559.276341940] [distance_sensors_node]: Ошибка в цикле чтения датчиков: [Errno 5] Input/output error
[distance_sensors_node-7] [ERROR] [1762930560.280402580] [distance_sensors_node]: Ошибка в цикле чтения датчиков: [Errno 5] Input/output error
[distance_sensors_node-7] [ERROR] [1762930561.288505404] [distance_sensors_node]: Ошибка в цикле чтения датчиков: [Errno 5] Input/output error
[distance_sensors_node-7] [ERROR] [1762930562.296306520] [distance_sensors_node]: Ошибка в цикле чтения датчиков: [Errno 5] Input/output error
[distance_sensors_node-7] [ERROR] [1762930563.300480946] [distance_sensors_node]: Ошибка в цикле чтения датчиков: [Errno 5] Input/output error
[distance_sensors_node-7] [ERROR] [1762930564.308554836] [distance_sensors_node]: Ошибка в цикле чтения датчиков: [Errno 5] Input/output error
[doa_node-8] [INFO] [1762930565.273366198] [doa_node]: DOA угол: 234
[chassis_node-6] [INFO] [1762930565.279348749] [chassis_node]: Получена голосовая команда: "HEAD:LEFT"
[chassis_node-6] [WARN] [1762930565.283613180] [chassis_node]: Chassis не подключен
[distance_sensors_node-7] [ERROR] [1762930565.316357110] [distance_sensors_node]: Ошибка в цикле чтения датчиков: [Errno 5] Input/output error
[distance_sensors_node-7] [ERROR] [1762930566.324125080] [distance_sensors_node]: Ошибка в цикле чтения датчиков: [Errno 5] Input/output error
[distance_sensors_node-7] [ERROR] [1762930567.331657340] [distance_sensors_node]: Ошибка в цикле чтения датчиков: [Errno 5] Input/output error
[distance_sensors_node-7] [ERROR] [1762930568.340209668] [distance_sensors_node]: Ошибка в цикле чтения датчиков: [Errno 5] Input/output error
[distance_sensors_node-7] [ERROR] [1762930569.347387360] [distance_sensors_node]: Ошибка в цикле чтения датчиков: [Errno 5] Input/output error
[distance_sensors_node-7] [ERROR] [1762930570.355410789] [distance_sensors_node]: Ошибка в цикле чтения датчиков: [Errno 5] Input/output error
[distance_sensors_node-7] [ERROR] [1762930571.363911368] [distance_sensors_node]: Ошибка в цикле чтения датчиков: [Errno 5] Input/output error
[doa_node-8] [INFO] [1762930572.282341711] [doa_node]: DOA угол: 270
[chassis_node-6] [INFO] [1762930572.287934565] [chassis_node]: Получена голосовая команда: "HEAD:RIGHT"
[chassis_node-6] [WARN] [1762930572.291379953] [chassis_node]: Chassis не подключен
[distance_sensors_node-7] [ERROR] [1762930572.368640684] [distance_sensors_node]: Ошибка в цикле чтения датчиков: [Errno 5] Input/output error
[distance_sensors_node-7] [ERROR] [1762930573.376689455] [distance_sensors_node]: Ошибка в цикле чтения датчиков: [Errno 5] Input/output error
[distance_sensors_node-7] [ERROR] [1762930574.383693123] [distance_sensors_node]: Ошибка в цикле чтения датчиков: [Errno 5] Input/output error
[distance_sensors_node-7] [ERROR] [1762930575.390622653] [distance_sensors_node]: Ошибка в цикле чтения датчиков: [Errno 5] Input/output error
[distance_sensors_node-7] [ERROR] [1762930576.397464860] [distance_sensors_node]: Ошибка в цикле чтения датчиков: [Errno 5] Input/output error
[distance_sensors_node-7] [ERROR] [1762930577.405252469] [distance_sensors_node]: Ошибка в цикле чтения датчиков: [Errno 5] Input/output error
[distance_sensors_node-7] [ERROR] [1762930578.413018624] [distance_sensors_node]: Ошибка в цикле чтения датчиков: [Errno 5] Input/output error
[doa_node-8] [INFO] [1762930579.292188456] [doa_node]: DOA угол: 307
[distance_sensors_node-7] [ERROR] [1762930579.420825344] [distance_sensors_node]: Ошибка в цикле чтения датчиков: [Errno 5] Input/output error
[distance_sensors_node-7] [ERROR] [1762930580.424451381] [distance_sensors_node]: Ошибка в цикле чтения датчиков: [Errno 5] Input/output error
[distance_sensors_node-7] [ERROR] [1762930581.431209728] [distance_sensors_node]: Ошибка в цикле чтения датчиков: [Errno 5] Input/output error
[distance_sensors_node-7] [ERROR] [1762930582.439555170] [distance_sensors_node]: Ошибка в цикле чтения датчиков: [Errno 5] Input/output error
[distance_sensors_node-7] [ERROR] [1762930583.447497238] [distance_sensors_node]: Ошибка в цикле чтения датчиков: [Errno 5] Input/output error
[distance_sensors_node-7] [ERROR] [1762930584.454557367] [distance_sensors_node]: Ошибка в цикле чтения датчиков: [Errno 5] Input/output error
[distance_sensors_node-7] [ERROR] [1762930585.461310066] [distance_sensors_node]: Ошибка в цикле чтения датчиков: [Errno 5] Input/output error
[doa_node-8] [INFO] [1762930586.316190455] [doa_node]: DOA угол: 247
[chassis_node-6] [INFO] [1762930586.324830131] [chassis_node]: Получена голосовая команда: "HEAD:LEFT"
[chassis_node-6] [WARN] [1762930586.328546997] [chassis_node]: Chassis не подключен
[distance_sensors_node-7] [ERROR] [1762930586.466269487] [distance_sensors_node]: Ошибка в цикле чтения датчиков: [Errno 5] Input/output error
[distance_sensors_node-7] [ERROR] [1762930587.473061611] [distance_sensors_node]: Ошибка в цикле чтения датчиков: [Errno 5] Input/output error
[distance_sensors_node-7] [ERROR] [1762930588.480855227] [distance_sensors_node]: Ошибка в цикле чтения датчиков: [Errno 5] Input/output error
[distance_sensors_node-7] [ERROR] [1762930589.485724214] [distance_sensors_node]: Ошибка в цикле чтения датчиков: [Errno 5] Input/output error
[distance_sensors_node-7] [ERROR] [1762930590.493423572] [distance_sensors_node]: Ошибка в цикле чтения датчиков: [Errno 5] Input/output error
[distance_sensors_node-7] [ERROR] [1762930591.501249400] [distance_sensors_node]: Ошибка в цикле чтения датчиков: [Errno 5] Input/output error
[distance_sensors_node-7] [ERROR] [1762930592.508146604] [distance_sensors_node]: Ошибка в цикле чтения датчиков: [Errno 5] Input/output error
[doa_node-8] [INFO] [1762930593.337412660] [doa_node]: DOA угол: 36
[chassis_node-6] [INFO] [1762930593.342923016] [chassis_node]: Получена голосовая команда: "HEAD:CENTER"
[chassis_node-6] [WARN] [1762930593.346877249] [chassis_node]: Chassis не подключен
[distance_sensors_node-7] [ERROR] [1762930593.515233925] [distance_sensors_node]: Ошибка в цикле чтения датчиков: [Errno 5] Input/output error
[distance_sensors_node-7] [ERROR] [1762930594.523018113] [distance_sensors_node]: Ошибка в цикле чтения датчиков: [Errno 5] Input/output error
[distance_sensors_node-7] [ERROR] [1762930595.529997379] [distance_sensors_node]: Ошибка в цикле чтения датчиков: [Errno 5] Input/output error
[distance_sensors_node-7] [ERROR] [1762930596.537528831] [distance_sensors_node]: Ошибка в цикле чтения датчиков: [Errno 5] Input/output error
[distance_sensors_node-7] [ERROR] [1762930597.544598280] [distance_sensors_node]: Ошибка в цикле чтения датчиков: [Errno 5] Input/output error
[distance_sensors_node-7] [ERROR] [1762930598.551397076] [distance_sensors_node]: Ошибка в цикле чтения датчиков: [Errno 5] Input/output error
[distance_sensors_node-7] [ERROR] [1762930599.559298529] [distance_sensors_node]: Ошибка в цикле чтения датчиков: [Errno 5] Input/output error
[doa_node-8] [INFO] [1762930600.345341381] [doa_node]: DOA угол: 126
[distance_sensors_node-7] [ERROR] [1762930600.567211788] [distance_sensors_node]: Ошибка в цикле чтения датчиков: [Errno 5] Input/output error
[distance_sensors_node-7] [ERROR] [1762930601.574250661] [distance_sensors_node]: Ошибка в цикле чтения датчиков: [Errno 5] Input/output error
[distance_sensors_node-7] [ERROR] [1762930602.581375876] [distance_sensors_node]: Ошибка в цикле чтения датчиков: [Errno 5] Input/output error
[distance_sensors_node-7] [ERROR] [1762930603.587605613] [distance_sensors_node]: Ошибка в цикле чтения датчиков: [Errno 5] Input/output error
[distance_sensors_node-7] [ERROR] [1762930604.594724031] [distance_sensors_node]: Ошибка в цикле чтения датчиков: [Errno 5] Input/output error
[distance_sensors_node-7] [ERROR] [1762930605.601564091] [distance_sensors_node]: Ошибка в цикле чтения датчиков: [Errno 5] Input/output error
[distance_sensors_node-7] [ERROR] [1762930606.605404966] [distance_sensors_node]: Ошибка в цикле чтения датчиков: [Errno 5] Input/output error
[doa_node-8] [INFO] [1762930607.353564819] [doa_node]: DOA угол: 34
[distance_sensors_node-7] [ERROR] [1762930607.613160807] [distance_sensors_node]: Ошибка в цикле чтения датчиков: [Errno 5] Input/output error
[distance_sensors_node-7] [ERROR] [1762930608.620207353] [distance_sensors_node]: Ошибка в цикле чтения датчиков: [Errno 5] Input/output error
[distance_sensors_node-7] [ERROR] [1762930609.627690511] [distance_sensors_node]: Ошибка в цикле чтения датчиков: [Errno 5] Input/output error
[distance_sensors_node-7] [ERROR] [1762930610.634518652] [distance_sensors_node]: Ошибка в цикле чтения датчиков: [Errno 5] Input/output error
[distance_sensors_node-7] [ERROR] [1762930611.641391652] [distance_sensors_node]: Ошибка в цикле чтения датчиков: [Errno 5] Input/output error
[distance_sensors_node-7] [ERROR] [1762930612.649036631] [distance_sensors_node]: Ошибка в цикле чтения датчиков: [Errno 5] Input/output error
[distance_sensors_node-7] [ERROR] [1762930613.656545027] [distance_sensors_node]: Ошибка в цикле чтения датчиков: [Errno 5] Input/output error
[doa_node-8] [INFO] [1762930614.362481408] [doa_node]: DOA угол: 53
[distance_sensors_node-7] [ERROR] [1762930614.664299928] [distance_sensors_node]: Ошибка в цикле чтения датчиков: [Errno 5] Input/output error
[distance_sensors_node-7] [ERROR] [1762930615.671494495] [distance_sensors_node]: Ошибка в цикле чтения датчиков: [Errno 5] Input/output error
[distance_sensors_node-7] [ERROR] [1762930616.679334115] [distance_sensors_node]: Ошибка в цикле чтения датчиков: [Errno 5] Input/output error
[distance_sensors_node-7] [ERROR] [1762930617.686217278] [distance_sensors_node]: Ошибка в цикле чтения датчиков: [Errno 5] Input/output error
[distance_sensors_node-7] [ERROR] [1762930618.693833586] [distance_sensors_node]: Ошибка в цикле чтения датчиков: [Errno 5] Input/output error
[distance_sensors_node-7] [ERROR] [1762930619.700693118] [distance_sensors_node]: Ошибка в цикле чтения датчиков: [Errno 5] Input/output error
[distance_sensors_node-7] [ERROR] [1762930620.707263459] [distance_sensors_node]: Ошибка в цикле чтения датчиков: [Errno 5] Input/output error
[doa_node-8] [INFO] [1762930621.386262640] [doa_node]: DOA угол: 68
[distance_sensors_node-7] [ERROR] [1762930621.715012438] [distance_sensors_node]: Ошибка в цикле чтения датчиков: [Errno 5] Input/output error
[distance_sensors_node-7] [ERROR] [1762930622.722791203] [distance_sensors_node]: Ошибка в цикле чтения датчиков: [Errno 5] Input/output error
[distance_sensors_node-7] [ERROR] [1762930623.730750826] [distance_sensors_node]: Ошибка в цикле чтения датчиков: [Errno 5] Input/output error
[distance_sensors_node-7] [ERROR] [1762930624.738436461] [distance_sensors_node]: Ошибка в цикле чтения датчиков: [Errno 5] Input/output error
[distance_sensors_node-7] [ERROR] [1762930625.744102970] [distance_sensors_node]: Ошибка в цикле чтения датчиков: [Errno 5] Input/output error
[distance_sensors_node-7] [ERROR] [1762930626.751832566] [distance_sensors_node]: Ошибка в цикле чтения датчиков: [Errno 5] Input/output error
[distance_sensors_node-7] [ERROR] [1762930627.759601151] [distance_sensors_node]: Ошибка в цикле чтения датчиков: [Errno 5] Input/output error
[doa_node-8] [INFO] [1762930628.410248224] [doa_node]: DOA угол: 68
[distance_sensors_node-7] [ERROR] [1762930628.767523927] [distance_sensors_node]: Ошибка в цикле чтения датчиков: [Errno 5] Input/output error
[distance_sensors_node-7] [ERROR] [1762930629.773287467] [distance_sensors_node]: Ошибка в цикле чтения датчиков: [Errno 5] Input/output error
[distance_sensors_node-7] [ERROR] [1762930630.780946023] [distance_sensors_node]: Ошибка в цикле чтения датчиков: [Errno 5] Input/output error
[distance_sensors_node-7] [ERROR] [1762930631.788843658] [distance_sensors_node]: Ошибка в цикле чтения датчиков: [Errno 5] Input/output error
[distance_sensors_node-7] [ERROR] [1762930632.793128302] [distance_sensors_node]: Ошибка в цикле чтения датчиков: [Errno 5] Input/output error
[distance_sensors_node-7] [ERROR] [1762930633.801329745] [distance_sensors_node]: Ошибка в цикле чтения датчиков: [Errno 5] Input/output error
[distance_sensors_node-7] [ERROR] [1762930634.807081253] [distance_sensors_node]: Ошибка в цикле чтения датчиков: [Errno 5] Input/output error
[doa_node-8] [INFO] [1762930635.418105466] [doa_node]: DOA угол: 68
[distance_sensors_node-7] [ERROR] [1762930635.812526533] [distance_sensors_node]: Ошибка в цикле чтения датчиков: [Errno 5] Input/output error
[distance_sensors_node-7] [ERROR] [1762930636.818683088] [distance_sensors_node]: Ошибка в цикле чтения датчиков: [Errno 5] Input/output error
[distance_sensors_node-7] [ERROR] [1762930637.826531403] [distance_sensors_node]: Ошибка в цикле чтения датчиков: [Errno 5] Input/output error
[distance_sensors_node-7] [ERROR] [1762930638.833930177] [distance_sensors_node]: Ошибка в цикле чтения датчиков: [Errno 5] Input/output error
[distance_sensors_node-7] [ERROR] [1762930639.840637118] [distance_sensors_node]: Ошибка в цикле чтения датчиков: [Errno 5] Input/output error
[distance_sensors_node-7] [ERROR] [1762930640.847397567] [distance_sensors_node]: Ошибка в цикле чтения датчиков: [Errno 5] Input/output error
[distance_sensors_node-7] [ERROR] [1762930641.855070602] [distance_sensors_node]: Ошибка в цикле чтения датчиков: [Errno 5] Input/output error
[doa_node-8] [INFO] [1762930642.426405690] [doa_node]: DOA угол: 298
[chassis_node-6] [INFO] [1762930642.431764162] [chassis_node]: Получена голосовая команда: "HEAD:RIGHT"
[chassis_node-6] [WARN] [1762930642.435514048] [chassis_node]: Chassis не подключен
[distance_sensors_node-7] [ERROR] [1762930642.862826236] [distance_sensors_node]: Ошибка в цикле чтения датчиков: [Errno 5] Input/output error
[distance_sensors_node-7] [ERROR] [1762930643.868496430] [distance_sensors_node]: Ошибка в цикле чтения датчиков: [Errno 5] Input/output error
[distance_sensors_node-7] [ERROR] [1762930644.874154521] [distance_sensors_node]: Ошибка в цикле чтения датчиков: [Errno 5] Input/output error
[distance_sensors_node-7] [ERROR] [1762930645.880982138] [distance_sensors_node]: Ошибка в цикле чтения датчиков: [Errno 5] Input/output error
[distance_sensors_node-7] [ERROR] [1762930646.887746876] [distance_sensors_node]: Ошибка в цикле чтения датчиков: [Errno 5] Input/output error
[distance_sensors_node-7] [ERROR] [1762930647.894784007] [distance_sensors_node]: Ошибка в цикле чтения датчиков: [Errno 5] Input/output error
[distance_sensors_node-7] [ERROR] [1762930648.902649280] [distance_sensors_node]: Ошибка в цикле чтения датчиков: [Errno 5] Input/output error
[doa_node-8] [INFO] [1762930649.436590316] [doa_node]: DOA угол: 237
[chassis_node-6] [INFO] [1762930649.442049712] [chassis_node]: Получена голосовая команда: "HEAD:LEFT"
[chassis_node-6] [WARN] [1762930649.446613771] [chassis_node]: Chassis не подключен
[distance_sensors_node-7] [ERROR] [1762930649.910536710] [distance_sensors_node]: Ошибка в цикле чтения датчиков: [Errno 5] Input/output error
[distance_sensors_node-7] [ERROR] [1762930650.916842394] [distance_sensors_node]: Ошибка в цикле чтения датчиков: [Errno 5] Input/output error
[distance_sensors_node-7] [ERROR] [1762930651.923664597] [distance_sensors_node]: Ошибка в цикле чтения датчиков: [Errno 5] Input/output error
[distance_sensors_node-7] [ERROR] [1762930652.931130316] [distance_sensors_node]: Ошибка в цикле чтения датчиков: [Errno 5] Input/output error
[distance_sensors_node-7] [ERROR] [1762930653.938715357] [distance_sensors_node]: Ошибка в цикле чтения датчиков: [Errno 5] Input/output error
[distance_sensors_node-7] [ERROR] [1762930654.946584919] [distance_sensors_node]: Ошибка в цикле чтения датчиков: [Errno 5] Input/output error
[distance_sensors_node-7] [ERROR] [1762930655.954477970] [distance_sensors_node]: Ошибка в цикле чтения датчиков: [Errno 5] Input/output error
[doa_node-8] [INFO] [1762930656.460161398] [doa_node]: DOA угол: 241
[distance_sensors_node-7] [ERROR] [1762930656.962267549] [distance_sensors_node]: Ошибка в цикле чтения датчиков: [Errno 5] Input/output error
[distance_sensors_node-7] [ERROR] [1762930657.970188653] [distance_sensors_node]: Ошибка в цикле чтения датчиков: [Errno 5] Input/output error
[distance_sensors_node-7] [ERROR] [1762930658.974370378] [distance_sensors_node]: Ошибка в цикле чтения датчиков: [Errno 5] Input/output error
[distance_sensors_node-7] [ERROR] [1762930659.982081760] [distance_sensors_node]: Ошибка в цикле чтения датчиков: [Errno 5] Input/output error
[distance_sensors_node-7] [ERROR] [1762930660.989762613] [distance_sensors_node]: Ошибка в цикле чтения датчиков: [Errno 5] Input/output error
[distance_sensors_node-7] [ERROR] [1762930661.997366049] [distance_sensors_node]: Ошибка в цикле чтения датчиков: [Errno 5] Input/output error
[distance_sensors_node-7] [ERROR] [1762930663.005240378] [distance_sensors_node]: Ошибка в цикле чтения датчиков: [Errno 5] Input/output error
[doa_node-8] [INFO] [1762930663.483365556] [doa_node]: DOA угол: 326
[chassis_node-6] [INFO] [1762930663.489212354] [chassis_node]: Получена голосовая команда: "HEAD:RIGHT"
[chassis_node-6] [WARN] [1762930663.493784802] [chassis_node]: Chassis не подключен
[distance_sensors_node-7] [ERROR] [1762930664.012213710] [distance_sensors_node]: Ошибка в цикле чтения датчиков: [Errno 5] Input/output error
[distance_sensors_node-7] [ERROR] [1762930665.020073777] [distance_sensors_node]: Ошибка в цикле чтения датчиков: [Errno 5] Input/output error
[distance_sensors_node-7] [ERROR] [1762930666.028030350] [distance_sensors_node]: Ошибка в цикле чтения датчиков: [Errno 5] Input/output error
[distance_sensors_node-7] [ERROR] [1762930667.035584881] [distance_sensors_node]: Ошибка в цикле чтения датчиков: [Errno 5] Input/output error
[distance_sensors_node-7] [ERROR] [1762930668.041802219] [distance_sensors_node]: Ошибка в цикле чтения датчиков: [Errno 5] Input/output error
[distance_sensors_node-7] [ERROR] [1762930669.048594463] [distance_sensors_node]: Ошибка в цикле чтения датчиков: [Errno 5] Input/output error
[distance_sensors_node-7] [ERROR] [1762930670.056317293] [distance_sensors_node]: Ошибка в цикле чтения датчиков: [Errno 5] Input/output error
[doa_node-8] [INFO] [1762930670.491607932] [doa_node]: DOA угол: 321
[distance_sensors_node-7] [ERROR] [1762930671.064117573] [distance_sensors_node]: Ошибка в цикле чтения датчиков: [Errno 5] Input/output error
[distance_sensors_node-7] [ERROR] [1762930672.070989154] [distance_sensors_node]: Ошибка в цикле чтения датчиков: [Errno 5] Input/output error
[distance_sensors_node-7] [ERROR] [1762930673.078393326] [distance_sensors_node]: Ошибка в цикле чтения датчиков: [Errno 5] Input/output error
[distance_sensors_node-7] [ERROR] [1762930674.086171853] [distance_sensors_node]: Ошибка в цикле чтения датчиков: [Errno 5] Input/output error
[distance_sensors_node-7] [ERROR] [1762930675.093004771] [distance_sensors_node]: Ошибка в цикле чтения датчиков: [Errno 5] Input/output error
[distance_sensors_node-7] [ERROR] [1762930676.099803995] [distance_sensors_node]: Ошибка в цикле чтения датчиков: [Errno 5] Input/output error
[distance_sensors_node-7] [ERROR] [1762930677.107743023] [distance_sensors_node]: Ошибка в цикле чтения датчиков: [Errno 5] Input/output error
[doa_node-8] [INFO] [1762930677.499296948] [doa_node]: DOA угол: 270
[distance_sensors_node-7] [ERROR] [1762930678.115146363] [distance_sensors_node]: Ошибка в цикле чтения датчиков: [Errno 5] Input/output error
[distance_sensors_node-7] [ERROR] [1762930679.122470953] [distance_sensors_node]: Ошибка в цикле чтения датчиков: [Errno 5] Input/output error
[distance_sensors_node-7] [ERROR] [1762930680.129591497] [distance_sensors_node]: Ошибка в цикле чтения датчиков: [Errno 5] Input/output error
[distance_sensors_node-7] [ERROR] [1762930681.136285167] [distance_sensors_node]: Ошибка в цикле чтения датчиков: [Errno 5] Input/output error
[distance_sensors_node-7] [ERROR] [1762930682.143175749] [distance_sensors_node]: Ошибка в цикле чтения датчиков: [Errno 5] Input/output error
[distance_sensors_node-7] [ERROR] [1762930683.150765884] [distance_sensors_node]: Ошибка в цикле чтения датчиков: [Errno 5] Input/output error
[distance_sensors_node-7] [ERROR] [1762930684.158834425] [distance_sensors_node]: Ошибка в цикле чтения датчиков: [Errno 5] Input/output error
[doa_node-8] [INFO] [1762930684.508540621] [doa_node]: DOA угол: 320
[distance_sensors_node-7] [ERROR] [1762930685.162637947] [distance_sensors_node]: Ошибка в цикле чтения датчиков: [Errno 5] Input/output error
[distance_sensors_node-7] [ERROR] [1762930686.170376102] [distance_sensors_node]: Ошибка в цикле чтения датчиков: [Errno 5] Input/output error
[distance_sensors_node-7] [ERROR] [1762930687.178202373] [distance_sensors_node]: Ошибка в цикле чтения датчиков: [Errno 5] Input/output error
[distance_sensors_node-7] [ERROR] [1762930688.186138688] [distance_sensors_node]: Ошибка в цикле чтения датчиков: [Errno 5] Input/output error
[distance_sensors_node-7] [ERROR] [1762930689.193931012] [distance_sensors_node]: Ошибка в цикле чтения датчиков: [Errno 5] Input/output error
[distance_sensors_node-7] [ERROR] [1762930690.201913396] [distance_sensors_node]: Ошибка в цикле чтения датчиков: [Errno 5] Input/output error
[distance_sensors_node-7] [ERROR] [1762930691.205933533] [distance_sensors_node]: Ошибка в цикле чтения датчиков: [Errno 5] Input/output error
[doa_node-8] [INFO] [1762930691.530493796] [doa_node]: DOA угол: 304
[distance_sensors_node-7] [ERROR] [1762930692.213431476] [distance_sensors_node]: Ошибка в цикле чтения датчиков: [Errno 5] Input/output error
[distance_sensors_node-7] [ERROR] [1762930693.221267829] [distance_sensors_node]: Ошибка в цикле чтения датчиков: [Errno 5] Input/output error
[distance_sensors_node-7] [ERROR] [1762930694.228741769] [distance_sensors_node]: Ошибка в цикле чтения датчиков: [Errno 5] Input/output error
[distance_sensors_node-7] [ERROR] [1762930695.236439231] [distance_sensors_node]: Ошибка в цикле чтения датчиков: [Errno 5] Input/output error
[distance_sensors_node-7] [ERROR] [1762930696.243185511] [distance_sensors_node]: Ошибка в цикле чтения датчиков: [Errno 5] Input/output error
[distance_sensors_node-7] [ERROR] [1762930697.250747898] [distance_sensors_node]: Ошибка в цикле чтения датчиков: [Errno 5] Input/output error
[distance_sensors_node-7] [ERROR] [1762930698.257609746] [distance_sensors_node]: Ошибка в цикле чтения датчиков: [Errno 5] Input/output error
[doa_node-8] [INFO] [1762930698.554380281] [doa_node]: DOA угол: 234
[chassis_node-6] [INFO] [1762930698.559454630] [chassis_node]: Получена голосовая команда: "HEAD:LEFT"
[chassis_node-6] [WARN] [1762930698.563445717] [chassis_node]: Chassis не подключен
[distance_sensors_node-7] [ERROR] [1762930699.264573656] [distance_sensors_node]: Ошибка в цикле чтения датчиков: [Errno 5] Input/output error
[distance_sensors_node-7] [ERROR] [1762930700.272169193] [distance_sensors_node]: Ошибка в цикле чтения датчиков: [Errno 5] Input/output error
[distance_sensors_node-7] [ERROR] [1762930701.279888310] [distance_sensors_node]: Ошибка в цикле чтения датчиков: [Errno 5] Input/output error
[distance_sensors_node-7] [ERROR] [1762930702.283658475] [distance_sensors_node]: Ошибка в цикле чтения датчиков: [Errno 5] Input/output error
[distance_sensors_node-7] [ERROR] [1762930703.291504549] [distance_sensors_node]: Ошибка в цикле чтения датчиков: [Errno 5] Input/output error
[distance_sensors_node-7] [ERROR] [1762930704.299343778] [distance_sensors_node]: Ошибка в цикле чтения датчиков: [Errno 5] Input/output error
[distance_sensors_node-7] [ERROR] [1762930705.306328712] [distance_sensors_node]: Ошибка в цикле чтения датчиков: [Errno 5] Input/output error
[doa_node-8] [INFO] [1762930705.578179898] [doa_node]: DOA угол: 219
[distance_sensors_node-7] [ERROR] [1762930706.314183696] [distance_sensors_node]: Ошибка в цикле чтения датчиков: [Errno 5] Input/output error
[distance_sensors_node-7] [ERROR] [1762930707.321948226] [distance_sensors_node]: Ошибка в цикле чтения датчиков: [Errno 5] Input/output error
[distance_sensors_node-7] [ERROR] [1762930708.329164882] [distance_sensors_node]: Ошибка в цикле чтения датчиков: [Errno 5] Input/output error
[distance_sensors_node-7] [ERROR] [1762930709.332752804] [distance_sensors_node]: Ошибка в цикле чтения датчиков: [Errno 5] Input/output error
[distance_sensors_node-7] [ERROR] [1762930710.340350468] [distance_sensors_node]: Ошибка в цикле чтения датчиков: [Errno 5] Input/output error
[distance_sensors_node-7] [ERROR] [1762930711.346561568] [distance_sensors_node]: Ошибка в цикле чтения датчиков: [Errno 5] Input/output error
[distance_sensors_node-7] [ERROR] [1762930712.353742216] [distance_sensors_node]: Ошибка в цикле чтения датчиков: [Errno 5] Input/output error
[doa_node-8] [INFO] [1762930712.588809451] [doa_node]: DOA угол: 302
[chassis_node-6] [INFO] [1762930712.594377922] [chassis_node]: Получена голосовая команда: "HEAD:RIGHT"
[chassis_node-6] [WARN] [1762930712.597932813] [chassis_node]: Chassis не подключен
[distance_sensors_node-7] [ERROR] [1762930713.360548803] [distance_sensors_node]: Ошибка в цикле чтения датчиков: [Errno 5] Input/output error
[distance_sensors_node-7] [ERROR] [1762930714.368048682] [distance_sensors_node]: Ошибка в цикле чтения датчиков: [Errno 5] Input/output error
[distance_sensors_node-7] [ERROR] [1762930715.375022725] [distance_sensors_node]: Ошибка в цикле чтения датчиков: [Errno 5] Input/output error
[distance_sensors_node-7] [ERROR] [1762930716.382352991] [distance_sensors_node]: Ошибка в цикле чтения датчиков: [Errno 5] Input/output error
[distance_sensors_node-7] [ERROR] [1762930717.390006315] [distance_sensors_node]: Ошибка в цикле чтения датчиков: [Errno 5] Input/output error
[distance_sensors_node-7] [ERROR] [1762930718.397742571] [distance_sensors_node]: Ошибка в цикле чтения датчиков: [Errno 5] Input/output error
[distance_sensors_node-7] [ERROR] [1762930719.404686383] [distance_sensors_node]: Ошибка в цикле чтения датчиков: [Errno 5] Input/output error
[doa_node-8] [INFO] [1762930719.610315368] [doa_node]: DOA угол: 30
[chassis_node-6] [INFO] [1762930719.615483031] [chassis_node]: Получена голосовая команда: "HEAD:CENTER"
[chassis_node-6] [WARN] [1762930719.619454656] [chassis_node]: Chassis не подключен
[distance_sensors_node-7] [ERROR] [1762930720.411674034] [distance_sensors_node]: Ошибка в цикле чтения датчиков: [Errno 5] Input/output error
[distance_sensors_node-7] [ERROR] [1762930721.419486792] [distance_sensors_node]: Ошибка в цикле чтения датчиков: [Errno 5] Input/output error
[distance_sensors_node-7] [ERROR] [1762930722.426514086] [distance_sensors_node]: Ошибка в цикле чтения датчиков: [Errno 5] Input/output error
[distance_sensors_node-7] [ERROR] [1762930723.434176026] [distance_sensors_node]: Ошибка в цикле чтения датчиков: [Errno 5] Input/output error
[distance_sensors_node-7] [ERROR] [1762930724.440922820] [distance_sensors_node]: Ошибка в цикле чтения датчиков: [Errno 5] Input/output error
[distance_sensors_node-7] [ERROR] [1762930725.448626977] [distance_sensors_node]: Ошибка в цикле чтения датчиков: [Errno 5] Input/output error
[distance_sensors_node-7] [ERROR] [1762930726.455343489] [distance_sensors_node]: Ошибка в цикле чтения датчиков: [Errno 5] Input/output error
[doa_node-8] [INFO] [1762930726.619169924] [doa_node]: DOA угол: 33
[distance_sensors_node-7] [ERROR] [1762930727.463232860] [distance_sensors_node]: Ошибка в цикле чтения датчиков: [Errno 5] Input/output error
[distance_sensors_node-7] [ERROR] [1762930728.471038277] [distance_sensors_node]: Ошибка в цикле чтения датчиков: [Errno 5] Input/output error
[distance_sensors_node-7] [ERROR] [1762930729.478879348] [distance_sensors_node]: Ошибка в цикле чтения датчиков: [Errno 5] Input/output error
[distance_sensors_node-7] [ERROR] [1762930730.486642909] [distance_sensors_node]: Ошибка в цикле чтения датчиков: [Errno 5] Input/output error
[distance_sensors_node-7] [ERROR] [1762930731.490329000] [distance_sensors_node]: Ошибка в цикле чтения датчиков: [Errno 5] Input/output error
[distance_sensors_node-7] [ERROR] [1762930732.498170370] [distance_sensors_node]: Ошибка в цикле чтения датчиков: [Errno 5] Input/output error
[distance_sensors_node-7] [ERROR] [1762930733.506186447] [distance_sensors_node]: Ошибка в цикле чтения датчиков: [Errno 5] Input/output error
[doa_node-8] [INFO] [1762930733.644112943] [doa_node]: DOA угол: 121
[distance_sensors_node-7] [ERROR] [1762930734.513072437] [distance_sensors_node]: Ошибка в цикле чтения датчиков: [Errno 5] Input/output error
[distance_sensors_node-7] [ERROR] [1762930735.520534295] [distance_sensors_node]: Ошибка в цикле чтения датчиков: [Errno 5] Input/output error
[distance_sensors_node-7] [ERROR] [1762930736.528493190] [distance_sensors_node]: Ошибка в цикле чтения датчиков: [Errno 5] Input/output error
[distance_sensors_node-7] [ERROR] [1762930737.532233636] [distance_sensors_node]: Ошибка в цикле чтения датчиков: [Errno 5] Input/output error
[distance_sensors_node-7] [ERROR] [1762930738.541141234] [distance_sensors_node]: Ошибка в цикле чтения датчиков: [Errno 5] Input/output error
[distance_sensors_node-7] [ERROR] [1762930739.548798598] [distance_sensors_node]: Ошибка в цикле чтения датчиков: [Errno 5] Input/output error
[distance_sensors_node-7] [ERROR] [1762930740.556828315] [distance_sensors_node]: Ошибка в цикле чтения датчиков: [Errno 5] Input/output error
[doa_node-8] [INFO] [1762930740.650068001] [doa_node]: DOA угол: 216
[chassis_node-6] [INFO] [1762930740.653494191] [chassis_node]: Получена голосовая команда: "HEAD:LEFT"
[chassis_node-6] [WARN] [1762930740.656608108] [chassis_node]: Chassis не подключен
[distance_sensors_node-7] [ERROR] [1762930741.564869020] [distance_sensors_node]: Ошибка в цикле чтения датчиков: [Errno 5] Input/output error
[distance_sensors_node-7] [ERROR] [1762930742.573094247] [distance_sensors_node]: Ошибка в цикле чтения датчиков: [Errno 5] Input/output error
[distance_sensors_node-7] [ERROR] [1762930743.580976116] [distance_sensors_node]: Ошибка в цикле чтения датчиков: [Errno 5] Input/output error
[distance_sensors_node-7] [ERROR] [1762930744.589283115] [distance_sensors_node]: Ошибка в цикле чтения датчиков: [Errno 5] Input/output error
[distance_sensors_node-7] [ERROR] [1762930745.595948275] [distance_sensors_node]: Ошибка в цикле чтения датчиков: [Errno 5] Input/output error
[distance_sensors_node-7] [ERROR] [1762930746.603059804] [distance_sensors_node]: Ошибка в цикле чтения датчиков: [Errno 5] Input/output error
[distance_sensors_node-7] [ERROR] [1762930747.610418800] [distance_sensors_node]: Ошибка в цикле чтения датчиков: [Errno 5] Input/output error
[doa_node-8] [INFO] [1762930747.656799612] [doa_node]: DOA угол: 240
[distance_sensors_node-7] [ERROR] [1762930748.618528421] [distance_sensors_node]: Ошибка в цикле чтения датчиков: [Errno 5] Input/output error
[distance_sensors_node-7] [ERROR] [1762930749.625857893] [distance_sensors_node]: Ошибка в цикле чтения датчиков: [Errno 5] Input/output error
[distance_sensors_node-7] [ERROR] [1762930750.633749716] [distance_sensors_node]: Ошибка в цикле чтения датчиков: [Errno 5] Input/output error
[distance_sensors_node-7] [ERROR] [1762930751.640855260] [distance_sensors_node]: Ошибка в цикле чтения датчиков: [Errno 5] Input/output error
[distance_sensors_node-7] [ERROR] [1762930752.648850502] [distance_sensors_node]: Ошибка в цикле чтения датчиков: [Errno 5] Input/output error
[distance_sensors_node-7] [ERROR] [1762930753.657016766] [distance_sensors_node]: Ошибка в цикле чтения датчиков: [Errno 5] Input/output error
[distance_sensors_node-7] [ERROR] [1762930754.660005779] [distance_sensors_node]: Ошибка в цикле чтения датчиков: [Errno 5] Input/output error
[doa_node-8] [INFO] [1762930754.664502565] [doa_node]: DOA угол: 143
[chassis_node-6] [INFO] [1762930754.668005235] [chassis_node]: Получена голосовая команда: "HEAD:CENTER"
[chassis_node-6] [WARN] [1762930754.670920581] [chassis_node]: Chassis не подключен
[distance_sensors_node-7] [ERROR] [1762930755.667974874] [distance_sensors_node]: Ошибка в цикле чтения датчиков: [Errno 5] Input/output error
[distance_sensors_node-7] [ERROR] [1762930756.675890180] [distance_sensors_node]: Ошибка в цикле чтения датчиков: [Errno 5] Input/output error
[distance_sensors_node-7] [ERROR] [1762930757.683012134] [distance_sensors_node]: Ошибка в цикле чтения датчиков: [Errno 5] Input/output error
[distance_sensors_node-7] [ERROR] [1762930758.690345813] [distance_sensors_node]: Ошибка в цикле чтения датчиков: [Errno 5] Input/output error
[distance_sensors_node-7] [ERROR] [1762930759.698295489] [distance_sensors_node]: Ошибка в цикле чтения датчиков: [Errno 5] Input/output error
[distance_sensors_node-7] [ERROR] [1762930760.705201984] [distance_sensors_node]: Ошибка в цикле чтения датчиков: [Errno 5] Input/output error
[doa_node-8] [INFO] [1762930761.675578838] [doa_node]: DOA угол: 33
[distance_sensors_node-7] [ERROR] [1762930761.712340204] [distance_sensors_node]: Ошибка в цикле чтения датчиков: [Errno 5] Input/output error
[distance_sensors_node-7] [ERROR] [1762930762.720181271] [distance_sensors_node]: Ошибка в цикле чтения датчиков: [Errno 5] Input/output error
[distance_sensors_node-7] [ERROR] [1762930763.728711095] [distance_sensors_node]: Ошибка в цикле чтения датчиков: [Errno 5] Input/output error
[distance_sensors_node-7] [ERROR] [1762930764.735726225] [distance_sensors_node]: Ошибка в цикле чтения датчиков: [Errno 5] Input/output error
[distance_sensors_node-7] [ERROR] [1762930765.744001361] [distance_sensors_node]: Ошибка в цикле чтения датчиков: [Errno 5] Input/output error
[distance_sensors_node-7] [ERROR] [1762930766.752149246] [distance_sensors_node]: Ошибка в цикле чтения датчиков: [Errno 5] Input/output error
[distance_sensors_node-7] [ERROR] [1762930767.760400673] [distance_sensors_node]: Ошибка в цикле чтения датчиков: [Errno 5] Input/output error
[doa_node-8] [INFO] [1762930768.698701894] [doa_node]: DOA угол: 33
[distance_sensors_node-7] [ERROR] [1762930768.768704272] [distance_sensors_node]: Ошибка в цикле чтения датчиков: [Errno 5] Input/output error
[distance_sensors_node-7] [ERROR] [1762930769.776883343] [distance_sensors_node]: Ошибка в цикле чтения датчиков: [Errno 5] Input/output error
[distance_sensors_node-7] [ERROR] [1762930770.785278361] [distance_sensors_node]: Ошибка в цикле чтения датчиков: [Errno 5] Input/output error
[distance_sensors_node-7] [ERROR] [1762930771.793584127] [distance_sensors_node]: Ошибка в цикле чтения датчиков: [Errno 5] Input/output error
[distance_sensors_node-7] [ERROR] [1762930772.801760217] [distance_sensors_node]: Ошибка в цикле чтения датчиков: [Errno 5] Input/output error
[distance_sensors_node-7] [ERROR] [1762930773.810062070] [distance_sensors_node]: Ошибка в цикле чтения датчиков: [Errno 5] Input/output error
[distance_sensors_node-7] [ERROR] [1762930774.817776290] [distance_sensors_node]: Ошибка в цикле чтения датчиков: [Errno 5] Input/output error
[doa_node-8] [INFO] [1762930775.722674041] [doa_node]: DOA угол: 325
[chassis_node-6] [INFO] [1762930775.730392725] [chassis_node]: Получена голосовая команда: "HEAD:RIGHT"
[chassis_node-6] [WARN] [1762930775.733504105] [chassis_node]: Chassis не подключен
[distance_sensors_node-7] [ERROR] [1762930775.824141776] [distance_sensors_node]: Ошибка в цикле чтения датчиков: [Errno 5] Input/output error
[distance_sensors_node-7] [ERROR] [1762930776.832496110] [distance_sensors_node]: Ошибка в цикле чтения датчиков: [Errno 5] Input/output error
[distance_sensors_node-7] [ERROR] [1762930777.839787466] [distance_sensors_node]: Ошибка в цикле чтения датчиков: [Errno 5] Input/output error
[distance_sensors_node-7] [ERROR] [1762930778.846043566] [distance_sensors_node]: Ошибка в цикле чтения датчиков: [Errno 5] Input/output error
[distance_sensors_node-7] [ERROR] [1762930779.853411489] [distance_sensors_node]: Ошибка в цикле чтения датчиков: [Errno 5] Input/output error
[distance_sensors_node-7] [ERROR] [1762930780.857655019] [distance_sensors_node]: Ошибка в цикле чтения датчиков: [Errno 5] Input/output error
[distance_sensors_node-7] [ERROR] [1762930781.864541776] [distance_sensors_node]: Ошибка в цикле чтения датчиков: [Errno 5] Input/output error
[doa_node-8] [INFO] [1762930782.746009224] [doa_node]: DOA угол: 325
[distance_sensors_node-7] [ERROR] [1762930782.872289341] [distance_sensors_node]: Ошибка в цикле чтения датчиков: [Errno 5] Input/output error
[distance_sensors_node-7] [ERROR] [1762930783.880524887] [distance_sensors_node]: Ошибка в цикле чтения датчиков: [Errno 5] Input/output error
[distance_sensors_node-7] [ERROR] [1762930784.888671644] [distance_sensors_node]: Ошибка в цикле чтения датчиков: [Errno 5] Input/output error
[distance_sensors_node-7] [ERROR] [1762930785.897111533] [distance_sensors_node]: Ошибка в цикле чтения датчиков: [Errno 5] Input/output error
[distance_sensors_node-7] [ERROR] [1762930786.905093323] [distance_sensors_node]: Ошибка в цикле чтения датчиков: [Errno 5] Input/output error
[distance_sensors_node-7] [ERROR] [1762930787.912479480] [distance_sensors_node]: Ошибка в цикле чтения датчиков: [Errno 5] Input/output error
[distance_sensors_node-7] [ERROR] [1762930788.920282526] [distance_sensors_node]: Ошибка в цикле чтения датчиков: [Errno 5] Input/output error
[doa_node-8] [INFO] [1762930789.753830933] [doa_node]: DOA угол: 270
[distance_sensors_node-7] [ERROR] [1762930789.927312256] [distance_sensors_node]: Ошибка в цикле чтения датчиков: [Errno 5] Input/output error
[distance_sensors_node-7] [ERROR] [1762930790.934919669] [distance_sensors_node]: Ошибка в цикле чтения датчиков: [Errno 5] Input/output error
[distance_sensors_node-7] [ERROR] [1762930791.942673548] [distance_sensors_node]: Ошибка в цикле чтения датчиков: [Errno 5] Input/output error
[distance_sensors_node-7] [ERROR] [1762930792.950767170] [distance_sensors_node]: Ошибка в цикле чтения датчиков: [Errno 5] Input/output error
[distance_sensors_node-7] [ERROR] [1762930793.958572913] [distance_sensors_node]: Ошибка в цикле чтения датчиков: [Errno 5] Input/output error
[distance_sensors_node-7] [ERROR] [1762930794.966369551] [distance_sensors_node]: Ошибка в цикле чтения датчиков: [Errno 5] Input/output error
[distance_sensors_node-7] [ERROR] [1762930795.974125158] [distance_sensors_node]: Ошибка в цикле чтения датчиков: [Errno 5] Input/output error
[doa_node-8] [INFO] [1762930796.764775186] [doa_node]: DOA угол: 308
[distance_sensors_node-7] [ERROR] [1762930796.981883994] [distance_sensors_node]: Ошибка в цикле чтения датчиков: [Errno 5] Input/output error
[distance_sensors_node-7] [ERROR] [1762930797.989610558] [distance_sensors_node]: Ошибка в цикле чтения датчиков: [Errno 5] Input/output error
[distance_sensors_node-7] [ERROR] [1762930798.997607624] [distance_sensors_node]: Ошибка в цикле чтения датчиков: [Errno 5] Input/output error
[distance_sensors_node-7] [ERROR] [1762930800.005557920] [distance_sensors_node]: Ошибка в цикле чтения датчиков: [Errno 5] Input/output error
[distance_sensors_node-7] [ERROR] [1762930801.013317335] [distance_sensors_node]: Ошибка в цикле чтения датчиков: [Errno 5] Input/output error
[distance_sensors_node-7] [ERROR] [1762930802.021082571] [distance_sensors_node]: Ошибка в цикле чтения датчиков: [Errno 5] Input/output error
[distance_sensors_node-7] [ERROR] [1762930803.027767125] [distance_sensors_node]: Ошибка в цикле чтения датчиков: [Errno 5] Input/output error
[doa_node-8] [INFO] [1762930803.788770763] [doa_node]: DOA угол: 270
[distance_sensors_node-7] [ERROR] [1762930804.033902414] [distance_sensors_node]: Ошибка в цикле чтения датчиков: [Errno 5] Input/output error
[distance_sensors_node-7] [ERROR] [1762930805.041252785] [distance_sensors_node]: Ошибка в цикле чтения датчиков: [Errno 5] Input/output error
[distance_sensors_node-7] [ERROR] [1762930806.048949083] [distance_sensors_node]: Ошибка в цикле чтения датчиков: [Errno 5] Input/output error
[distance_sensors_node-7] [ERROR] [1762930807.052748628] [distance_sensors_node]: Ошибка в цикле чтения датчиков: [Errno 5] Input/output error
[distance_sensors_node-7] [ERROR] [1762930808.060385679] [distance_sensors_node]: Ошибка в цикле чтения датчиков: [Errno 5] Input/output error
[distance_sensors_node-7] [ERROR] [1762930809.068189455] [distance_sensors_node]: Ошибка в цикле чтения датчиков: [Errno 5] Input/output error
[distance_sensors_node-7] [ERROR] [1762930810.075889110] [distance_sensors_node]: Ошибка в цикле чтения датчиков: [Errno 5] Input/output error
[doa_node-8] [INFO] [1762930810.812061823] [doa_node]: DOA угол: 90
[chassis_node-6] [INFO] [1762930810.817959478] [chassis_node]: Получена голосовая команда: "HEAD:CENTER"
[chassis_node-6] [WARN] [1762930810.821200357] [chassis_node]: Chassis не подключен
[distance_sensors_node-7] [ERROR] [1762930811.083739360] [distance_sensors_node]: Ошибка в цикле чтения датчиков: [Errno 5] Input/output error
[distance_sensors_node-7] [ERROR] [1762930812.090796924] [distance_sensors_node]: Ошибка в цикле чтения датчиков: [Errno 5] Input/output error
[distance_sensors_node-7] [ERROR] [1762930813.096471588] [distance_sensors_node]: Ошибка в цикле чтения датчиков: [Errno 5] Input/output error
[distance_sensors_node-7] [ERROR] [1762930814.103095763] [distance_sensors_node]: Ошибка в цикле чтения датчиков: [Errno 5] Input/output error
[distance_sensors_node-7] [ERROR] [1762930815.109912978] [distance_sensors_node]: Ошибка в цикле чтения датчиков: [Errno 5] Input/output error
[distance_sensors_node-7] [ERROR] [1762930816.116891677] [distance_sensors_node]: Ошибка в цикле чтения датчиков: [Errno 5] Input/output error
[distance_sensors_node-7] [ERROR] [1762930817.122086167] [distance_sensors_node]: Ошибка в цикле чтения датчиков: [Errno 5] Input/output error
[doa_node-8] [INFO] [1762930817.834086740] [doa_node]: DOA угол: 266
[chassis_node-6] [INFO] [1762930817.840467648] [chassis_node]: Получена голосовая команда: "HEAD:LEFT"
[chassis_node-6] [WARN] [1762930817.844381999] [chassis_node]: Chassis не подключен
[distance_sensors_node-7] [ERROR] [1762930818.129677648] [distance_sensors_node]: Ошибка в цикле чтения датчиков: [Errno 5] Input/output error
[distance_sensors_node-7] [ERROR] [1762930819.136479645] [distance_sensors_node]: Ошибка в цикле чтения датчиков: [Errno 5] Input/output error
[distance_sensors_node-7] [ERROR] [1762930820.142822080] [distance_sensors_node]: Ошибка в цикле чтения датчиков: [Errno 5] Input/output error
[distance_sensors_node-7] [ERROR] [1762930821.149141170] [distance_sensors_node]: Ошибка в цикле чтения датчиков: [Errno 5] Input/output error
[distance_sensors_node-7] [ERROR] [1762930822.156793024] [distance_sensors_node]: Ошибка в цикле чтения датчиков: [Errno 5] Input/output error
[distance_sensors_node-7] [ERROR] [1762930823.164689028] [distance_sensors_node]: Ошибка в цикле чтения датчиков: [Errno 5] Input/output error
[distance_sensors_node-7] [ERROR] [1762930824.168494189] [distance_sensors_node]: Ошибка в цикле чтения датчиков: [Errno 5] Input/output error
[doa_node-8] [INFO] [1762930824.841784883] [doa_node]: DOA угол: 254
[distance_sensors_node-7] [ERROR] [1762930825.175039558] [distance_sensors_node]: Ошибка в цикле чтения датчиков: [Errno 5] Input/output error
[distance_sensors_node-7] [ERROR] [1762930826.179818050] [distance_sensors_node]: Ошибка в цикле чтения датчиков: [Errno 5] Input/output error
[distance_sensors_node-7] [ERROR] [1762930827.186385466] [distance_sensors_node]: Ошибка в цикле чтения датчиков: [Errno 5] Input/output error
[distance_sensors_node-7] [ERROR] [1762930828.194272944] [distance_sensors_node]: Ошибка в цикле чтения датчиков: [Errno 5] Input/output error
[distance_sensors_node-7] [ERROR] [1762930829.200767095] [distance_sensors_node]: Ошибка в цикле чтения датчиков: [Errno 5] Input/output error
[distance_sensors_node-7] [ERROR] [1762930830.208956671] [distance_sensors_node]: Ошибка в цикле чтения датчиков: [Errno 5] Input/output error
[distance_sensors_node-7] [ERROR] [1762930831.217282696] [distance_sensors_node]: Ошибка в цикле чтения датчиков: [Errno 5] Input/output error
[doa_node-8] [INFO] [1762930831.850015201] [doa_node]: DOA угол: 258
[distance_sensors_node-7] [ERROR] [1762930832.225537894] [distance_sensors_node]: Ошибка в цикле чтения датчиков: [Errno 5] Input/output error
[distance_sensors_node-7] [ERROR] [1762930833.233780043] [distance_sensors_node]: Ошибка в цикле чтения датчиков: [Errno 5] Input/output error
[distance_sensors_node-7] [ERROR] [1762930834.241385798] [distance_sensors_node]: Ошибка в цикле чтения датчиков: [Errno 5] Input/output error
[distance_sensors_node-7] [ERROR] [1762930835.249345517] [distance_sensors_node]: Ошибка в цикле чтения датчиков: [Errno 5] Input/output error
[distance_sensors_node-7] [ERROR] [1762930836.255751209] [distance_sensors_node]: Ошибка в цикле чтения датчиков: [Errno 5] Input/output error
[distance_sensors_node-7] [ERROR] [1762930837.263906270] [distance_sensors_node]: Ошибка в цикле чтения датчиков: [Errno 5] Input/output error
[distance_sensors_node-7] [ERROR] [1762930838.271176349] [distance_sensors_node]: Ошибка в цикле чтения датчиков: [Errno 5] Input/output error
[doa_node-8] [INFO] [1762930838.855438923] [doa_node]: DOA угол: 260
[distance_sensors_node-7] [ERROR] [1762930839.278497895] [distance_sensors_node]: Ошибка в цикле чтения датчиков: [Errno 5] Input/output error
[distance_sensors_node-7] [ERROR] [1762930840.286811897] [distance_sensors_node]: Ошибка в цикле чтения датчиков: [Errno 5] Input/output error
[distance_sensors_node-7] [ERROR] [1762930841.294934221] [distance_sensors_node]: Ошибка в цикле чтения датчиков: [Errno 5] Input/output error
[distance_sensors_node-7] [ERROR] [1762930842.303273658] [distance_sensors_node]: Ошибка в цикле чтения датчиков: [Errno 5] Input/output error
[distance_sensors_node-7] [ERROR] [1762930843.311530880] [distance_sensors_node]: Ошибка в цикле чтения датчиков: [Errno 5] Input/output error
[distance_sensors_node-7] [ERROR] [1762930844.318332351] [distance_sensors_node]: Ошибка в цикле чтения датчиков: [Errno 5] Input/output error
[distance_sensors_node-7] [ERROR] [1762930845.326651620] [distance_sensors_node]: Ошибка в цикле чтения датчиков: [Errno 5] Input/output error
[doa_node-8] [INFO] [1762930845.867070990] [doa_node]: DOA угол: 264
[distance_sensors_node-7] [ERROR] [1762930846.333859318] [distance_sensors_node]: Ошибка в цикле чтения датчиков: [Errno 5] Input/output error
[distance_sensors_node-7] [ERROR] [1762930847.340668527] [distance_sensors_node]: Ошибка в цикле чтения датчиков: [Errno 5] Input/output error
[distance_sensors_node-7] [ERROR] [1762930848.347521463] [distance_sensors_node]: Ошибка в цикле чтения датчиков: [Errno 5] Input/output error
[distance_sensors_node-7] [ERROR] [1762930849.354592253] [distance_sensors_node]: Ошибка в цикле чтения датчиков: [Errno 5] Input/output error
[distance_sensors_node-7] [ERROR] [1762930850.358761627] [distance_sensors_node]: Ошибка в цикле чтения датчиков: [Errno 5] Input/output error
[distance_sensors_node-7] [ERROR] [1762930851.366535714] [distance_sensors_node]: Ошибка в цикле чтения датчиков: [Errno 5] Input/output error
[distance_sensors_node-7] [ERROR] [1762930852.374368677] [distance_sensors_node]: Ошибка в цикле чтения датчиков: [Errno 5] Input/output error
[doa_node-8] [INFO] [1762930852.876010377] [doa_node]: DOA угол: 211
[distance_sensors_node-7] [ERROR] [1762930853.382128386] [distance_sensors_node]: Ошибка в цикле чтения датчиков: [Errno 5] Input/output error
[distance_sensors_node-7] [ERROR] [1762930854.389736029] [distance_sensors_node]: Ошибка в цикле чтения датчиков: [Errno 5] Input/output error
[distance_sensors_node-7] [ERROR] [1762930855.397480601] [distance_sensors_node]: Ошибка в цикле чтения датчиков: [Errno 5] Input/output error
[distance_sensors_node-7] [ERROR] [1762930856.405469027] [distance_sensors_node]: Ошибка в цикле чтения датчиков: [Errno 5] Input/output error
[distance_sensors_node-7] [ERROR] [1762930857.413113630] [distance_sensors_node]: Ошибка в цикле чтения датчиков: [Errno 5] Input/output error
[distance_sensors_node-7] [ERROR] [1762930858.421030715] [distance_sensors_node]: Ошибка в цикле чтения датчиков: [Errno 5] Input/output error
[distance_sensors_node-7] [ERROR] [1762930859.427782934] [distance_sensors_node]: Ошибка в цикле чтения датчиков: [Errno 5] Input/output error
[doa_node-8] [INFO] [1762930859.898221355] [doa_node]: DOA угол: 328
[chassis_node-6] [INFO] [1762930859.903943885] [chassis_node]: Получена голосовая команда: "HEAD:RIGHT"
[chassis_node-6] [WARN] [1762930859.908558560] [chassis_node]: Chassis не подключен
[distance_sensors_node-7] [ERROR] [1762930860.435499737] [distance_sensors_node]: Ошибка в цикле чтения датчиков: [Errno 5] Input/output error
[distance_sensors_node-7] [ERROR] [1762930861.442560610] [distance_sensors_node]: Ошибка в цикле чтения датчиков: [Errno 5] Input/output error
[distance_sensors_node-7] [ERROR] [1762930862.450426699] [distance_sensors_node]: Ошибка в цикле чтения датчиков: [Errno 5] Input/output error
[distance_sensors_node-7] [ERROR] [1762930863.458277053] [distance_sensors_node]: Ошибка в цикле чтения датчиков: [Errno 5] Input/output error
[distance_sensors_node-7] [ERROR] [1762930864.465499662] [distance_sensors_node]: Ошибка в цикле чтения датчиков: [Errno 5] Input/output error
[distance_sensors_node-7] [ERROR] [1762930865.473374082] [distance_sensors_node]: Ошибка в цикле чтения датчиков: [Errno 5] Input/output error
[distance_sensors_node-7] [ERROR] [1762930866.477155546] [distance_sensors_node]: Ошибка в цикле чтения датчиков: [Errno 5] Input/output error
[doa_node-8] [INFO] [1762930866.904896495] [doa_node]: DOA угол: 235
[chassis_node-6] [INFO] [1762930866.909410338] [chassis_node]: Получена голосовая команда: "HEAD:LEFT"
[chassis_node-6] [WARN] [1762930866.912452277] [chassis_node]: Chassis не подключен
[distance_sensors_node-7] [ERROR] [1762930867.480451967] [distance_sensors_node]: Ошибка в цикле чтения датчиков: [Errno 5] Input/output error
[distance_sensors_node-7] [ERROR] [1762930868.484352921] [distance_sensors_node]: Ошибка в цикле чтения датчиков: [Errno 5] Input/output error
[distance_sensors_node-7] [ERROR] [1762930869.488293047] [distance_sensors_node]: Ошибка в цикле чтения датчиков: [Errno 5] Input/output error
[distance_sensors_node-7] [ERROR] [1762930870.492323176] [distance_sensors_node]: Ошибка в цикле чтения датчиков: [Errno 5] Input/output error
[distance_sensors_node-7] [ERROR] [1762930871.496031834] [distance_sensors_node]: Ошибка в цикле чтения датчиков: [Errno 5] Input/output error
[distance_sensors_node-7] [ERROR] [1762930872.499648110] [distance_sensors_node]: Ошибка в цикле чтения датчиков: [Errno 5] Input/output error
[distance_sensors_node-7] [ERROR] [1762930873.503199021] [distance_sensors_node]: Ошибка в цикле чтения датчиков: [Errno 5] Input/output error
[doa_node-8] [INFO] [1762930873.911192764] [doa_node]: DOA угол: 308
[chassis_node-6] [INFO] [1762930873.916900924] [chassis_node]: Получена голосовая команда: "HEAD:RIGHT"
[chassis_node-6] [WARN] [1762930873.920296209] [chassis_node]: Chassis не подключен
[distance_sensors_node-7] [ERROR] [1762930874.506884287] [distance_sensors_node]: Ошибка в цикле чтения датчиков: [Errno 5] Input/output error
[distance_sensors_node-7] [ERROR] [1762930875.512732416] [distance_sensors_node]: Ошибка в цикле чтения датчиков: [Errno 5] Input/output error
[distance_sensors_node-7] [ERROR] [1762930876.518285296] [distance_sensors_node]: Ошибка в цикле чтения датчиков: [Errno 5] Input/output error
[distance_sensors_node-7] [ERROR] [1762930877.522252259] [distance_sensors_node]: Ошибка в цикле чтения датчиков: [Errno 5] Input/output error
[distance_sensors_node-7] [ERROR] [1762930878.526646610] [distance_sensors_node]: Ошибка в цикле чтения датчиков: [Errno 5] Input/output error
[distance_sensors_node-7] [ERROR] [1762930879.530838561] [distance_sensors_node]: Ошибка в цикле чтения датчиков: [Errno 5] Input/output error
[distance_sensors_node-7] [ERROR] [1762930880.534705614] [distance_sensors_node]: Ошибка в цикле чтения датчиков: [Errno 5] Input/output error
[doa_node-8] [INFO] [1762930880.919550438] [doa_node]: DOA угол: 38
[chassis_node-6] [INFO] [1762930880.925044398] [chassis_node]: Получена голосовая команда: "HEAD:CENTER"
[chassis_node-6] [WARN] [1762930880.929133581] [chassis_node]: Chassis не подключен
[distance_sensors_node-7] [ERROR] [1762930881.539058610] [distance_sensors_node]: Ошибка в цикле чтения датчиков: [Errno 5] Input/output error
[distance_sensors_node-7] [ERROR] [1762930882.543719607] [distance_sensors_node]: Ошибка в цикле чтения датчиков: [Errno 5] Input/output error
[distance_sensors_node-7] [ERROR] [1762930883.547442307] [distance_sensors_node]: Ошибка в цикле чтения датчиков: [Errno 5] Input/output error
[distance_sensors_node-7] [ERROR] [1762930884.551740190] [distance_sensors_node]: Ошибка в цикле чтения датчиков: [Errno 5] Input/output error
[distance_sensors_node-7] [ERROR] [1762930885.556191630] [distance_sensors_node]: Ошибка в цикле чтения датчиков: [Errno 5] Input/output error
[distance_sensors_node-7] [ERROR] [1762930886.560596003] [distance_sensors_node]: Ошибка в цикле чтения датчиков: [Errno 5] Input/output error
[distance_sensors_node-7] [ERROR] [1762930887.564875974] [distance_sensors_node]: Ошибка в цикле чтения датчиков: [Errno 5] Input/output error
[doa_node-8] [INFO] [1762930887.927532309] [doa_node]: DOA угол: 38
[distance_sensors_node-7] [ERROR] [1762930888.569146470] [distance_sensors_node]: Ошибка в цикле чтения датчиков: [Errno 5] Input/output error
[distance_sensors_node-7] [ERROR] [1762930889.573512450] [distance_sensors_node]: Ошибка в цикле чтения датчиков: [Errno 5] Input/output error
[distance_sensors_node-7] [ERROR] [1762930890.578084933] [distance_sensors_node]: Ошибка в цикле чтения датчиков: [Errno 5] Input/output error
[distance_sensors_node-7] [ERROR] [1762930891.582392220] [distance_sensors_node]: Ошибка в цикле чтения датчиков: [Errno 5] Input/output error
[distance_sensors_node-7] [ERROR] [1762930892.586826196] [distance_sensors_node]: Ошибка в цикле чтения датчиков: [Errno 5] Input/output error
[distance_sensors_node-7] [ERROR] [1762930893.591181789] [distance_sensors_node]: Ошибка в цикле чтения датчиков: [Errno 5] Input/output error
[distance_sensors_node-7] [ERROR] [1762930894.595596886] [distance_sensors_node]: Ошибка в цикле чтения датчиков: [Errno 5] Input/output error
[doa_node-8] [INFO] [1762930894.935129705] [doa_node]: DOA угол: 38
[distance_sensors_node-7] [ERROR] [1762930895.599947063] [distance_sensors_node]: Ошибка в цикле чтения датчиков: [Errno 5] Input/output error
[distance_sensors_node-7] [ERROR] [1762930896.604358522] [distance_sensors_node]: Ошибка в цикле чтения датчиков: [Errno 5] Input/output error
[distance_sensors_node-7] [ERROR] [1762930897.608808282] [distance_sensors_node]: Ошибка в цикле чтения датчиков: [Errno 5] Input/output error
[distance_sensors_node-7] [ERROR] [1762930898.613174807] [distance_sensors_node]: Ошибка в цикле чтения датчиков: [Errno 5] Input/output error
[distance_sensors_node-7] [ERROR] [1762930899.617497078] [distance_sensors_node]: Ошибка в цикле чтения датчиков: [Errno 5] Input/output error
[distance_sensors_node-7] [ERROR] [1762930900.621912075] [distance_sensors_node]: Ошибка в цикле чтения датчиков: [Errno 5] Input/output error
[distance_sensors_node-7] [ERROR] [1762930901.626342983] [distance_sensors_node]: Ошибка в цикле чтения датчиков: [Errno 5] Input/output error
[doa_node-8] [INFO] [1762930901.943296499] [doa_node]: DOA угол: 301
[chassis_node-6] [INFO] [1762930901.946753525] [chassis_node]: Получена голосовая команда: "HEAD:RIGHT"
[chassis_node-6] [WARN] [1762930901.949832019] [chassis_node]: Chassis не подключен
[distance_sensors_node-7] [ERROR] [1762930902.630478420] [distance_sensors_node]: Ошибка в цикле чтения датчиков: [Errno 5] Input/output error
[distance_sensors_node-7] [ERROR] [1762930903.634559306] [distance_sensors_node]: Ошибка в цикле чтения датчиков: [Errno 5] Input/output error
[distance_sensors_node-7] [ERROR] [1762930904.638663031] [distance_sensors_node]: Ошибка в цикле чтения датчиков: [Errno 5] Input/output error
[distance_sensors_node-7] [ERROR] [1762930905.642844129] [distance_sensors_node]: Ошибка в цикле чтения датчиков: [Errno 5] Input/output error
[distance_sensors_node-7] [ERROR] [1762930906.647103009] [distance_sensors_node]: Ошибка в цикле чтения датчиков: [Errno 5] Input/output error
[distance_sensors_node-7] [ERROR] [1762930907.651247858] [distance_sensors_node]: Ошибка в цикле чтения датчиков: [Errno 5] Input/output error
[distance_sensors_node-7] [ERROR] [1762930908.654840405] [distance_sensors_node]: Ошибка в цикле чтения датчиков: [Errno 5] Input/output error
[doa_node-8] [INFO] [1762930908.953796720] [doa_node]: DOA угол: 301
[distance_sensors_node-7] [ERROR] [1762930909.658974190] [distance_sensors_node]: Ошибка в цикле чтения датчиков: [Errno 5] Input/output error
[distance_sensors_node-7] [ERROR] [1762930910.663158831] [distance_sensors_node]: Ошибка в цикле чтения датчиков: [Errno 5] Input/output error
[distance_sensors_node-7] [ERROR] [1762930911.667660269] [distance_sensors_node]: Ошибка в цикле чтения датчиков: [Errno 5] Input/output error
[distance_sensors_node-7] [ERROR] [1762930912.671795550] [distance_sensors_node]: Ошибка в цикле чтения датчиков: [Errno 5] Input/output error
[distance_sensors_node-7] [ERROR] [1762930913.675832151] [distance_sensors_node]: Ошибка в цикле чтения датчиков: [Errno 5] Input/output error
[distance_sensors_node-7] [ERROR] [1762930914.680020737] [distance_sensors_node]: Ошибка в цикле чтения датчиков: [Errno 5] Input/output error
[distance_sensors_node-7] [ERROR] [1762930915.684256531] [distance_sensors_node]: Ошибка в цикле чтения датчиков: [Errno 5] Input/output error
[doa_node-8] [INFO] [1762930915.961674729] [doa_node]: DOA угол: 240
[chassis_node-6] [INFO] [1762930915.965742543] [chassis_node]: Получена голосовая команда: "HEAD:LEFT"
[chassis_node-6] [WARN] [1762930915.969325808] [chassis_node]: Chassis не подключен
[distance_sensors_node-7] [ERROR] [1762930916.687809468] [distance_sensors_node]: Ошибка в цикле чтения датчиков: [Errno 5] Input/output error
[distance_sensors_node-7] [ERROR] [1762930917.691701646] [distance_sensors_node]: Ошибка в цикле чтения датчиков: [Errno 5] Input/output error
[distance_sensors_node-7] [ERROR] [1762930918.695277000] [distance_sensors_node]: Ошибка в цикле чтения датчиков: [Errno 5] Input/output error
[distance_sensors_node-7] [ERROR] [1762930919.698821896] [distance_sensors_node]: Ошибка в цикле чтения датчиков: [Errno 5] Input/output error
[distance_sensors_node-7] [ERROR] [1762930920.703051250] [distance_sensors_node]: Ошибка в цикле чтения датчиков: [Errno 5] Input/output error
[distance_sensors_node-7] [ERROR] [1762930921.706762394] [distance_sensors_node]: Ошибка в цикле чтения датчиков: [Errno 5] Input/output error
[distance_sensors_node-7] [ERROR] [1762930922.710862334] [distance_sensors_node]: Ошибка в цикле чтения датчиков: [Errno 5] Input/output error
[doa_node-8] [INFO] [1762930922.969037030] [doa_node]: DOA угол: 270
[chassis_node-6] [INFO] [1762930922.972483353] [chassis_node]: Получена голосовая команда: "HEAD:RIGHT"
[chassis_node-6] [WARN] [1762930922.975469663] [chassis_node]: Chassis не подключен
[distance_sensors_node-7] [ERROR] [1762930923.714594820] [distance_sensors_node]: Ошибка в цикле чтения датчиков: [Errno 5] Input/output error
[distance_sensors_node-7] [ERROR] [1762930924.718154924] [distance_sensors_node]: Ошибка в цикле чтения датчиков: [Errno 5] Input/output error
[distance_sensors_node-7] [ERROR] [1762930925.722189916] [distance_sensors_node]: Ошибка в цикле чтения датчиков: [Errno 5] Input/output error
[distance_sensors_node-7] [ERROR] [1762930926.725804028] [distance_sensors_node]: Ошибка в цикле чтения датчиков: [Errno 5] Input/output error
[distance_sensors_node-7] [ERROR] [1762930927.729418331] [distance_sensors_node]: Ошибка в цикле чтения датчиков: [Errno 5] Input/output error
[distance_sensors_node-7] [ERROR] [1762930928.732685458] [distance_sensors_node]: Ошибка в цикле чтения датчиков: [Errno 5] Input/output error
[distance_sensors_node-7] [ERROR] [1762930929.740762449] [distance_sensors_node]: Ошибка в цикле чтения датчиков: [Errno 5] Input/output error
[doa_node-8] [INFO] [1762930929.981342545] [doa_node]: DOA угол: 240
[chassis_node-6] [INFO] [1762930929.986729063] [chassis_node]: Получена голосовая команда: "HEAD:LEFT"
[chassis_node-6] [WARN] [1762930929.991071984] [chassis_node]: Chassis не подключен
[distance_sensors_node-7] [ERROR] [1762930930.748888258] [distance_sensors_node]: Ошибка в цикле чтения датчиков: [Errno 5] Input/output error
[distance_sensors_node-7] [ERROR] [1762930931.755313670] [distance_sensors_node]: Ошибка в цикле чтения датчиков: [Errno 5] Input/output error
[distance_sensors_node-7] [ERROR] [1762930932.760855303] [distance_sensors_node]: Ошибка в цикле чтения датчиков: [Errno 5] Input/output error
[distance_sensors_node-7] [ERROR] [1762930933.766011500] [distance_sensors_node]: Ошибка в цикле чтения датчиков: [Errno 5] Input/output error
[distance_sensors_node-7] [ERROR] [1762930934.770163069] [distance_sensors_node]: Ошибка в цикле чтения датчиков: [Errno 5] Input/output error
[distance_sensors_node-7] [ERROR] [1762930935.774046886] [distance_sensors_node]: Ошибка в цикле чтения датчиков: [Errno 5] Input/output error
[distance_sensors_node-7] [ERROR] [1762930936.778089576] [distance_sensors_node]: Ошибка в цикле чтения датчиков: [Errno 5] Input/output error
[doa_node-8] [INFO] [1762930937.001432714] [doa_node]: DOA угол: 240
[distance_sensors_node-7] [ERROR] [1762930937.782379341] [distance_sensors_node]: Ошибка в цикле чтения датчиков: [Errno 5] Input/output error
[distance_sensors_node-7] [ERROR] [1762930938.786497168] [distance_sensors_node]: Ошибка в цикле чтения датчиков: [Errno 5] Input/output error
[distance_sensors_node-7] [ERROR] [1762930939.793337425] [distance_sensors_node]: Ошибка в цикле чтения датчиков: [Errno 5] Input/output error
[distance_sensors_node-7] [ERROR] [1762930940.799719582] [distance_sensors_node]: Ошибка в цикле чтения датчиков: [Errno 5] Input/output error
[distance_sensors_node-7] [ERROR] [1762930941.805811859] [distance_sensors_node]: Ошибка в цикле чтения датчиков: [Errno 5] Input/output error
[distance_sensors_node-7] [ERROR] [1762930942.811786753] [distance_sensors_node]: Ошибка в цикле чтения датчиков: [Errno 5] Input/output error
[distance_sensors_node-7] [ERROR] [1762930943.816240024] [distance_sensors_node]: Ошибка в цикле чтения датчиков: [Errno 5] Input/output error
[doa_node-8] [INFO] [1762930944.007742108] [doa_node]: DOA угол: 239
[distance_sensors_node-7] [ERROR] [1762930944.820463896] [distance_sensors_node]: Ошибка в цикле чтения датчиков: [Errno 5] Input/output error
[distance_sensors_node-7] [ERROR] [1762930945.825020990] [distance_sensors_node]: Ошибка в цикле чтения датчиков: [Errno 5] Input/output error
[distance_sensors_node-7] [ERROR] [1762930946.829490218] [distance_sensors_node]: Ошибка в цикле чтения датчиков: [Errno 5] Input/output error
[distance_sensors_node-7] [ERROR] [1762930947.834211226] [distance_sensors_node]: Ошибка в цикле чтения датчиков: [Errno 5] Input/output error
[distance_sensors_node-7] [ERROR] [1762930948.838141860] [distance_sensors_node]: Ошибка в цикле чтения датчиков: [Errno 5] Input/output error
[distance_sensors_node-7] [ERROR] [1762930949.842408994] [distance_sensors_node]: Ошибка в цикле чтения датчиков: [Errno 5] Input/output error
[distance_sensors_node-7] [ERROR] [1762930950.846673947] [distance_sensors_node]: Ошибка в цикле чтения датчиков: [Errno 5] Input/output error
[doa_node-8] [INFO] [1762930951.017720337] [doa_node]: DOA угол: 239
[distance_sensors_node-7] [ERROR] [1762930951.851775282] [distance_sensors_node]: Ошибка в цикле чтения датчиков: [Errno 5] Input/output error
[distance_sensors_node-7] [ERROR] [1762930952.856093873] [distance_sensors_node]: Ошибка в цикле чтения датчиков: [Errno 5] Input/output error
[distance_sensors_node-7] [ERROR] [1762930953.862105352] [distance_sensors_node]: Ошибка в цикле чтения датчиков: [Errno 5] Input/output error
[distance_sensors_node-7] [ERROR] [1762930954.866047827] [distance_sensors_node]: Ошибка в цикле чтения датчиков: [Errno 5] Input/output error
[distance_sensors_node-7] [ERROR] [1762930955.871387288] [distance_sensors_node]: Ошибка в цикле чтения датчиков: [Errno 5] Input/output error
[distance_sensors_node-7] [ERROR] [1762930956.878068697] [distance_sensors_node]: Ошибка в цикле чтения датчиков: [Errno 5] Input/output error
[distance_sensors_node-7] [ERROR] [1762930957.884656093] [distance_sensors_node]: Ошибка в цикле чтения датчиков: [Errno 5] Input/output error
[doa_node-8] [INFO] [1762930958.028151885] [doa_node]: DOA угол: 38
[chassis_node-6] [INFO] [1762930958.033489441] [chassis_node]: Получена голосовая команда: "HEAD:CENTER"
[chassis_node-6] [WARN] [1762930958.037913566] [chassis_node]: Chassis не подключен
[distance_sensors_node-7] [ERROR] [1762930958.888671585] [distance_sensors_node]: Ошибка в цикле чтения датчиков: [Errno 5] Input/output error
[distance_sensors_node-7] [ERROR] [1762930959.892360197] [distance_sensors_node]: Ошибка в цикле чтения датчиков: [Errno 5] Input/output error
[distance_sensors_node-7] [ERROR] [1762930960.896395715] [distance_sensors_node]: Ошибка в цикле чтения датчиков: [Errno 5] Input/output error
[distance_sensors_node-7] [ERROR] [1762930961.900302221] [distance_sensors_node]: Ошибка в цикле чтения датчиков: [Errno 5] Input/output error
[distance_sensors_node-7] [ERROR] [1762930962.905063127] [distance_sensors_node]: Ошибка в цикле чтения датчиков: [Errno 5] Input/output error
[distance_sensors_node-7] [ERROR] [1762930963.909063993] [distance_sensors_node]: Ошибка в цикле чтения датчиков: [Errno 5] Input/output error
[distance_sensors_node-7] [ERROR] [1762930964.912193096] [distance_sensors_node]: Ошибка в цикле чтения датчиков: [Errno 5] Input/output error
[doa_node-8] [INFO] [1762930965.047837814] [doa_node]: DOA угол: 323
[chassis_node-6] [INFO] [1762930965.051735390] [chassis_node]: Получена голосовая команда: "HEAD:RIGHT"
[chassis_node-6] [WARN] [1762930965.054769127] [chassis_node]: Chassis не подключен
[distance_sensors_node-7] [ERROR] [1762930965.916651538] [distance_sensors_node]: Ошибка в цикле чтения датчиков: [Errno 5] Input/output error
[distance_sensors_node-7] [ERROR] [1762930966.922174673] [distance_sensors_node]: Ошибка в цикле чтения датчиков: [Errno 5] Input/output error
[distance_sensors_node-7] [ERROR] [1762930967.926223629] [distance_sensors_node]: Ошибка в цикле чтения датчиков: [Errno 5] Input/output error
[distance_sensors_node-7] [ERROR] [1762930968.930236386] [distance_sensors_node]: Ошибка в цикле чтения датчиков: [Errno 5] Input/output error
[distance_sensors_node-7] [ERROR] [1762930969.935441260] [distance_sensors_node]: Ошибка в цикле чтения датчиков: [Errno 5] Input/output error
[distance_sensors_node-7] [ERROR] [1762930970.939668319] [distance_sensors_node]: Ошибка в цикле чтения датчиков: [Errno 5] Input/output error
[distance_sensors_node-7] [ERROR] [1762930971.943469832] [distance_sensors_node]: Ошибка в цикле чтения датчиков: [Errno 5] Input/output error
[doa_node-8] [INFO] [1762930972.055890890] [doa_node]: DOA угол: 215
[chassis_node-6] [INFO] [1762930972.059755096] [chassis_node]: Получена голосовая команда: "HEAD:LEFT"
[chassis_node-6] [WARN] [1762930972.062750000] [chassis_node]: Chassis не подключен
[distance_sensors_node-7] [ERROR] [1762930972.950294975] [distance_sensors_node]: Ошибка в цикле чтения датчиков: [Errno 5] Input/output error
[distance_sensors_node-7] [ERROR] [1762930973.954470973] [distance_sensors_node]: Ошибка в цикле чтения датчиков: [Errno 5] Input/output error
[distance_sensors_node-7] [ERROR] [1762930974.958335813] [distance_sensors_node]: Ошибка в цикле чтения датчиков: [Errno 5] Input/output error
[distance_sensors_node-7] [ERROR] [1762930975.962059770] [distance_sensors_node]: Ошибка в цикле чтения датчиков: [Errno 5] Input/output error
[distance_sensors_node-7] [ERROR] [1762930976.965893193] [distance_sensors_node]: Ошибка в цикле чтения датчиков: [Errno 5] Input/output error
[distance_sensors_node-7] [ERROR] [1762930977.969420587] [distance_sensors_node]: Ошибка в цикле чтения датчиков: [Errno 5] Input/output error
[distance_sensors_node-7] [ERROR] [1762930978.973052114] [distance_sensors_node]: Ошибка в цикле чтения датчиков: [Errno 5] Input/output error
[doa_node-8] [INFO] [1762930979.063738730] [doa_node]: DOA угол: 216
[distance_sensors_node-7] [ERROR] [1762930979.977798759] [distance_sensors_node]: Ошибка в цикле чтения датчиков: [Errno 5] Input/output error
[distance_sensors_node-7] [ERROR] [1762930980.981024429] [distance_sensors_node]: Ошибка в цикле чтения датчиков: [Errno 5] Input/output error
[distance_sensors_node-7] [ERROR] [1762930981.984642894] [distance_sensors_node]: Ошибка в цикле чтения датчиков: [Errno 5] Input/output error
[distance_sensors_node-7] [ERROR] [1762930982.989764620] [distance_sensors_node]: Ошибка в цикле чтения датчиков: [Errno 5] Input/output error
[distance_sensors_node-7] [ERROR] [1762930983.995048497] [distance_sensors_node]: Ошибка в цикле чтения датчиков: [Errno 5] Input/output error
[distance_sensors_node-7] [ERROR] [1762930984.998955896] [distance_sensors_node]: Ошибка в цикле чтения датчиков: [Errno 5] Input/output error
[distance_sensors_node-7] [ERROR] [1762930986.003247536] [distance_sensors_node]: Ошибка в цикле чтения датчиков: [Errno 5] Input/output error
[doa_node-8] [INFO] [1762930986.073785169] [doa_node]: DOA угол: 323
[chassis_node-6] [INFO] [1762930986.080577003] [chassis_node]: Получена голосовая команда: "HEAD:RIGHT"
[chassis_node-6] [WARN] [1762930986.084993183] [chassis_node]: Chassis не подключен
[distance_sensors_node-7] [ERROR] [1762930987.007496735] [distance_sensors_node]: Ошибка в цикле чтения датчиков: [Errno 5] Input/output error
[distance_sensors_node-7] [ERROR] [1762930988.013891613] [distance_sensors_node]: Ошибка в цикле чтения датчиков: [Errno 5] Input/output error
[distance_sensors_node-7] [ERROR] [1762930989.019520061] [distance_sensors_node]: Ошибка в цикле чтения датчиков: [Errno 5] Input/output error
[distance_sensors_node-7] [ERROR] [1762930990.025917669] [distance_sensors_node]: Ошибка в цикле чтения датчиков: [Errno 5] Input/output error
[distance_sensors_node-7] [ERROR] [1762930991.029890982] [distance_sensors_node]: Ошибка в цикле чтения датчиков: [Errno 5] Input/output error
[distance_sensors_node-7] [ERROR] [1762930992.034129535] [distance_sensors_node]: Ошибка в цикле чтения датчиков: [Errno 5] Input/output error
[distance_sensors_node-7] [ERROR] [1762930993.038104726] [distance_sensors_node]: Ошибка в цикле чтения датчиков: [Errno 5] Input/output error
[doa_node-8] [INFO] [1762930993.098280131] [doa_node]: DOA угол: 324
[distance_sensors_node-7] [ERROR] [1762930994.043520512] [distance_sensors_node]: Ошибка в цикле чтения датчиков: [Errno 5] Input/output error
[distance_sensors_node-7] [ERROR] [1762930995.049562738] [distance_sensors_node]: Ошибка в цикле чтения датчиков: [Errno 5] Input/output error
[distance_sensors_node-7] [ERROR] [1762930996.053150761] [distance_sensors_node]: Ошибка в цикле чтения датчиков: [Errno 5] Input/output error
[distance_sensors_node-7] [ERROR] [1762930997.058222879] [distance_sensors_node]: Ошибка в цикле чтения датчиков: [Errno 5] Input/output error
[distance_sensors_node-7] [ERROR] [1762930998.062548955] [distance_sensors_node]: Ошибка в цикле чтения датчиков: [Errno 5] Input/output error
[distance_sensors_node-7] [ERROR] [1762930999.068549346] [distance_sensors_node]: Ошибка в цикле чтения датчиков: [Errno 5] Input/output error
[distance_sensors_node-7] [ERROR] [1762931000.077096411] [distance_sensors_node]: Ошибка в цикле чтения датчиков: [Errno 5] Input/output error
[doa_node-8] [INFO] [1762931000.107301465] [doa_node]: DOA угол: 143
[chassis_node-6] [INFO] [1762931000.114406202] [chassis_node]: Получена голосовая команда: "HEAD:CENTER"
[chassis_node-6] [WARN] [1762931000.121477125] [chassis_node]: Chassis не подключен
[distance_sensors_node-7] [ERROR] [1762931001.083057329] [distance_sensors_node]: Ошибка в цикле чтения датчиков: [Errno 5] Input/output error
[distance_sensors_node-7] [ERROR] [1762931002.087171221] [distance_sensors_node]: Ошибка в цикле чтения датчиков: [Errno 5] Input/output error
[distance_sensors_node-7] [ERROR] [1762931003.090968084] [distance_sensors_node]: Ошибка в цикле чтения датчиков: [Errno 5] Input/output error
[distance_sensors_node-7] [ERROR] [1762931004.095355109] [distance_sensors_node]: Ошибка в цикле чтения датчиков: [Errno 5] Input/output error
[distance_sensors_node-7] [ERROR] [1762931005.099166443] [distance_sensors_node]: Ошибка в цикле чтения датчиков: [Errno 5] Input/output error
[distance_sensors_node-7] [ERROR] [1762931006.103012002] [distance_sensors_node]: Ошибка в цикле чтения датчиков: [Errno 5] Input/output error
[distance_sensors_node-7] [ERROR] [1762931007.108252436] [distance_sensors_node]: Ошибка в цикле чтения датчиков: [Errno 5] Input/output error
[doa_node-8] [INFO] [1762931007.114365927] [doa_node]: DOA угол: 322
[chassis_node-6] [INFO] [1762931007.118810274] [chassis_node]: Получена голосовая команда: "HEAD:RIGHT"
[chassis_node-6] [WARN] [1762931007.123075902] [chassis_node]: Chassis не подключен
[distance_sensors_node-7] [ERROR] [1762931008.115395088] [distance_sensors_node]: Ошибка в цикле чтения датчиков: [Errno 5] Input/output error
[distance_sensors_node-7] [ERROR] [1762931009.119538803] [distance_sensors_node]: Ошибка в цикле чтения датчиков: [Errno 5] Input/output error
[distance_sensors_node-7] [ERROR] [1762931010.122791368] [distance_sensors_node]: Ошибка в цикле чтения датчиков: [Errno 5] Input/output error
[distance_sensors_node-7] [ERROR] [1762931011.128770659] [distance_sensors_node]: Ошибка в цикле чтения датчиков: [Errno 5] Input/output error
[distance_sensors_node-7] [ERROR] [1762931012.134207480] [distance_sensors_node]: Ошибка в цикле чтения датчиков: [Errno 5] Input/output error
[distance_sensors_node-7] [ERROR] [1762931013.138014289] [distance_sensors_node]: Ошибка в цикле чтения датчиков: [Errno 5] Input/output error
[doa_node-8] [INFO] [1762931014.142100044] [doa_node]: DOA угол: 323
[distance_sensors_node-7] [ERROR] [1762931014.143365452] [distance_sensors_node]: Ошибка в цикле чтения датчиков: [Errno 5] Input/output error
[distance_sensors_node-7] [ERROR] [1762931015.147345434] [distance_sensors_node]: Ошибка в цикле чтения датчиков: [Errno 5] Input/output error
[distance_sensors_node-7] [ERROR] [1762931016.152788308] [distance_sensors_node]: Ошибка в цикле чтения датчиков: [Errno 5] Input/output error
[distance_sensors_node-7] [ERROR] [1762931017.156783056] [distance_sensors_node]: Ошибка в цикле чтения датчиков: [Errno 5] Input/output error
[distance_sensors_node-7] [ERROR] [1762931018.160831864] [distance_sensors_node]: Ошибка в цикле чтения датчиков: [Errno 5] Input/output error
[distance_sensors_node-7] [ERROR] [1762931019.165703682] [distance_sensors_node]: Ошибка в цикле чтения датчиков: [Errno 5] Input/output error
[distance_sensors_node-7] [ERROR] [1762931020.169558481] [distance_sensors_node]: Ошибка в цикле чтения датчиков: [Errno 5] Input/output error
[doa_node-8] [INFO] [1762931021.160114223] [doa_node]: DOA угол: 90
[chassis_node-6] [INFO] [1762931021.165132377] [chassis_node]: Получена голосовая команда: "HEAD:CENTER"
[chassis_node-6] [WARN] [1762931021.172035951] [chassis_node]: Chassis не подключен
[distance_sensors_node-7] [ERROR] [1762931021.176298671] [distance_sensors_node]: Ошибка в цикле чтения датчиков: [Errno 5] Input/output error
[distance_sensors_node-7] [ERROR] [1762931022.182214284] [distance_sensors_node]: Ошибка в цикле чтения датчиков: [Errno 5] Input/output error
[distance_sensors_node-7] [ERROR] [1762931023.186543329] [distance_sensors_node]: Ошибка в цикле чтения датчиков: [Errno 5] Input/output error
[distance_sensors_node-7] [ERROR] [1762931024.191739607] [distance_sensors_node]: Ошибка в цикле чтения датчиков: [Errno 5] Input/output error
[distance_sensors_node-7] [ERROR] [1762931025.196642652] [distance_sensors_node]: Ошибка в цикле чтения датчиков: [Errno 5] Input/output error
[distance_sensors_node-7] [ERROR] [1762931026.200450438] [distance_sensors_node]: Ошибка в цикле чтения датчиков: [Errno 5] Input/output error
[distance_sensors_node-7] [ERROR] [1762931027.204615278] [distance_sensors_node]: Ошибка в цикле чтения датчиков: [Errno 5] Input/output error
[doa_node-8] [INFO] [1762931028.185274790] [doa_node]: DOA угол: 32
[distance_sensors_node-7] [ERROR] [1762931028.208995341] [distance_sensors_node]: Ошибка в цикле чтения датчиков: [Errno 5] Input/output error
[distance_sensors_node-7] [ERROR] [1762931029.213363427] [distance_sensors_node]: Ошибка в цикле чтения датчиков: [Errno 5] Input/output error
[distance_sensors_node-7] [ERROR] [1762931030.218173363] [distance_sensors_node]: Ошибка в цикле чтения датчиков: [Errno 5] Input/output error
[distance_sensors_node-7] [ERROR] [1762931031.222289015] [distance_sensors_node]: Ошибка в цикле чтения датчиков: [Errno 5] Input/output error
[distance_sensors_node-7] [ERROR] [1762931032.226540040] [distance_sensors_node]: Ошибка в цикле чтения датчиков: [Errno 5] Input/output error
[distance_sensors_node-7] [ERROR] [1762931033.231075268] [distance_sensors_node]: Ошибка в цикле чтения датчиков: [Errno 5] Input/output error
[distance_sensors_node-7] [ERROR] [1762931034.236145067] [distance_sensors_node]: Ошибка в цикле чтения датчиков: [Errno 5] Input/output error
[doa_node-8] [INFO] [1762931035.194024818] [doa_node]: DOA угол: 90
[distance_sensors_node-7] [ERROR] [1762931035.239928536] [distance_sensors_node]: Ошибка в цикле чтения датчиков: [Errno 5] Input/output error
[distance_sensors_node-7] [ERROR] [1762931036.243607861] [distance_sensors_node]: Ошибка в цикле чтения датчиков: [Errno 5] Input/output error
[distance_sensors_node-7] [ERROR] [1762931037.247289023] [distance_sensors_node]: Ошибка в цикле чтения датчиков: [Errno 5] Input/output error
[distance_sensors_node-7] [ERROR] [1762931038.250877190] [distance_sensors_node]: Ошибка в цикле чтения датчиков: [Errno 5] Input/output error
[distance_sensors_node-7] [ERROR] [1762931039.254734913] [distance_sensors_node]: Ошибка в цикле чтения датчиков: [Errno 5] Input/output error
[distance_sensors_node-7] [ERROR] [1762931040.258897191] [distance_sensors_node]: Ошибка в цикле чтения датчиков: [Errno 5] Input/output error
[distance_sensors_node-7] [ERROR] [1762931041.262563368] [distance_sensors_node]: Ошибка в цикле чтения датчиков: [Errno 5] Input/output error
[doa_node-8] [INFO] [1762931042.202278794] [doa_node]: DOA угол: 143
[distance_sensors_node-7] [ERROR] [1762931042.266946484] [distance_sensors_node]: Ошибка в цикле чтения датчиков: [Errno 5] Input/output error
[distance_sensors_node-7] [ERROR] [1762931043.271318067] [distance_sensors_node]: Ошибка в цикле чтения датчиков: [Errno 5] Input/output error
[distance_sensors_node-7] [ERROR] [1762931044.275537118] [distance_sensors_node]: Ошибка в цикле чтения датчиков: [Errno 5] Input/output error
[distance_sensors_node-7] [ERROR] [1762931045.282150363] [distance_sensors_node]: Ошибка в цикле чтения датчиков: [Errno 5] Input/output error
[distance_sensors_node-7] [ERROR] [1762931046.290850714] [distance_sensors_node]: Ошибка в цикле чтения датчиков: [Errno 5] Input/output error
[distance_sensors_node-7] [ERROR] [1762931047.295472826] [distance_sensors_node]: Ошибка в цикле чтения датчиков: [Errno 5] Input/output error
[distance_sensors_node-7] [ERROR] [1762931048.299352730] [distance_sensors_node]: Ошибка в цикле чтения датчиков: [Errno 5] Input/output error
[doa_node-8] [INFO] [1762931049.210254508] [doa_node]: DOA угол: 32
[distance_sensors_node-7] [ERROR] [1762931049.304170921] [distance_sensors_node]: Ошибка в цикле чтения датчиков: [Errno 5] Input/output error
[distance_sensors_node-7] [ERROR] [1762931050.308192608] [distance_sensors_node]: Ошибка в цикле чтения датчиков: [Errno 5] Input/output error
[distance_sensors_node-7] [ERROR] [1762931051.312549905] [distance_sensors_node]: Ошибка в цикле чтения датчиков: [Errno 5] Input/output error
[distance_sensors_node-7] [ERROR] [1762931052.316673098] [distance_sensors_node]: Ошибка в цикле чтения датчиков: [Errno 5] Input/output error
[distance_sensors_node-7] [ERROR] [1762931053.322731139] [distance_sensors_node]: Ошибка в цикле чтения датчиков: [Errno 5] Input/output error
[distance_sensors_node-7] [ERROR] [1762931054.327023004] [distance_sensors_node]: Ошибка в цикле чтения датчиков: [Errno 5] Input/output error
[distance_sensors_node-7] [ERROR] [1762931055.330338940] [distance_sensors_node]: Ошибка в цикле чтения датчиков: [Errno 5] Input/output error
[doa_node-8] [INFO] [1762931056.216081725] [doa_node]: DOA угол: 325
[chassis_node-6] [INFO] [1762931056.220089857] [chassis_node]: Получена голосовая команда: "HEAD:RIGHT"
[chassis_node-6] [WARN] [1762931056.223463479] [chassis_node]: Chassis не подключен
[distance_sensors_node-7] [ERROR] [1762931056.335854888] [distance_sensors_node]: Ошибка в цикле чтения датчиков: [Errno 5] Input/output error
[distance_sensors_node-7] [ERROR] [1762931057.342706952] [distance_sensors_node]: Ошибка в цикле чтения датчиков: [Errno 5] Input/output error
[distance_sensors_node-7] [ERROR] [1762931058.346601651] [distance_sensors_node]: Ошибка в цикле чтения датчиков: [Errno 5] Input/output error
[distance_sensors_node-7] [ERROR] [1762931059.350392614] [distance_sensors_node]: Ошибка в цикле чтения датчиков: [Errno 5] Input/output error
[distance_sensors_node-7] [ERROR] [1762931060.355909261] [distance_sensors_node]: Ошибка в цикле чтения датчиков: [Errno 5] Input/output error
[distance_sensors_node-7] [ERROR] [1762931061.359809971] [distance_sensors_node]: Ошибка в цикле чтения датчиков: [Errno 5] Input/output error
[distance_sensors_node-7] [ERROR] [1762931062.363362689] [distance_sensors_node]: Ошибка в цикле чтения датчиков: [Errno 5] Input/output error
[doa_node-8] [INFO] [1762931063.227435932] [doa_node]: DOA угол: 216
[chassis_node-6] [INFO] [1762931063.232459532] [chassis_node]: Получена голосовая команда: "HEAD:LEFT"
[chassis_node-6] [WARN] [1762931063.235583287] [chassis_node]: Chassis не подключен
[distance_sensors_node-7] [ERROR] [1762931063.367550198] [distance_sensors_node]: Ошибка в цикле чтения датчиков: [Errno 5] Input/output error
[distance_sensors_node-7] [ERROR] [1762931064.371365030] [distance_sensors_node]: Ошибка в цикле чтения датчиков: [Errno 5] Input/output error
[distance_sensors_node-7] [ERROR] [1762931065.375014869] [distance_sensors_node]: Ошибка в цикле чтения датчиков: [Errno 5] Input/output error
[distance_sensors_node-7] [ERROR] [1762931066.378862800] [distance_sensors_node]: Ошибка в цикле чтения датчиков: [Errno 5] Input/output error
[distance_sensors_node-7] [ERROR] [1762931067.382679625] [distance_sensors_node]: Ошибка в цикле чтения датчиков: [Errno 5] Input/output error
[distance_sensors_node-7] [ERROR] [1762931068.387501865] [distance_sensors_node]: Ошибка в цикле чтения датчиков: [Errno 5] Input/output error
[distance_sensors_node-7] [ERROR] [1762931069.391626767] [distance_sensors_node]: Ошибка в цикле чтения датчиков: [Errno 5] Input/output error
[doa_node-8] [INFO] [1762931070.231902477] [doa_node]: DOA угол: 217
[distance_sensors_node-7] [ERROR] [1762931070.395271364] [distance_sensors_node]: Ошибка в цикле чтения датчиков: [Errno 5] Input/output error
[distance_sensors_node-7] [ERROR] [1762931071.399131146] [distance_sensors_node]: Ошибка в цикле чтения датчиков: [Errno 5] Input/output error
[distance_sensors_node-7] [ERROR] [1762931072.404465857] [distance_sensors_node]: Ошибка в цикле чтения датчиков: [Errno 5] Input/output error
[distance_sensors_node-7] [ERROR] [1762931073.408702734] [distance_sensors_node]: Ошибка в цикле чтения датчиков: [Errno 5] Input/output error
[distance_sensors_node-7] [ERROR] [1762931074.412188402] [distance_sensors_node]: Ошибка в цикле чтения датчиков: [Errno 5] Input/output error
[distance_sensors_node-7] [ERROR] [1762931075.415849960] [distance_sensors_node]: Ошибка в цикле чтения датчиков: [Errno 5] Input/output error
[distance_sensors_node-7] [ERROR] [1762931076.419643335] [distance_sensors_node]: Ошибка в цикле чтения датчиков: [Errno 5] Input/output error
[doa_node-8] [INFO] [1762931077.243612615] [doa_node]: DOA угол: 59
[chassis_node-6] [INFO] [1762931077.248421310] [chassis_node]: Получена голосовая команда: "HEAD:CENTER"
[chassis_node-6] [WARN] [1762931077.253202469] [chassis_node]: Chassis не подключен
[distance_sensors_node-7] [ERROR] [1762931077.423412398] [distance_sensors_node]: Ошибка в цикле чтения датчиков: [Errno 5] Input/output error
[distance_sensors_node-7] [ERROR] [1762931078.427253835] [distance_sensors_node]: Ошибка в цикле чтения датчиков: [Errno 5] Input/output error
[distance_sensors_node-7] [ERROR] [1762931079.431182125] [distance_sensors_node]: Ошибка в цикле чтения датчиков: [Errno 5] Input/output error
[distance_sensors_node-7] [ERROR] [1762931080.435464803] [distance_sensors_node]: Ошибка в цикле чтения датчиков: [Errno 5] Input/output error
[distance_sensors_node-7] [ERROR] [1762931081.439435008] [distance_sensors_node]: Ошибка в цикле чтения датчиков: [Errno 5] Input/output error
[distance_sensors_node-7] [ERROR] [1762931082.443093812] [distance_sensors_node]: Ошибка в цикле чтения датчиков: [Errno 5] Input/output error
[distance_sensors_node-7] [ERROR] [1762931083.446550030] [distance_sensors_node]: Ошибка в цикле чтения датчиков: [Errno 5] Input/output error
[doa_node-8] [INFO] [1762931084.251169234] [doa_node]: DOA угол: 270
[chassis_node-6] [INFO] [1762931084.256171501] [chassis_node]: Получена голосовая команда: "HEAD:RIGHT"
[chassis_node-6] [WARN] [1762931084.259566086] [chassis_node]: Chassis не подключен
[distance_sensors_node-7] [ERROR] [1762931084.450337988] [distance_sensors_node]: Ошибка в цикле чтения датчиков: [Errno 5] Input/output error
[distance_sensors_node-7] [ERROR] [1762931085.454184467] [distance_sensors_node]: Ошибка в цикле чтения датчиков: [Errno 5] Input/output error
[distance_sensors_node-7] [ERROR] [1762931086.457853544] [distance_sensors_node]: Ошибка в цикле чтения датчиков: [Errno 5] Input/output error
[distance_sensors_node-7] [ERROR] [1762931087.461763991] [distance_sensors_node]: Ошибка в цикле чтения датчиков: [Errno 5] Input/output error
[distance_sensors_node-7] [ERROR] [1762931088.465701405] [distance_sensors_node]: Ошибка в цикле чтения датчиков: [Errno 5] Input/output error
[distance_sensors_node-7] [ERROR] [1762931089.469590841] [distance_sensors_node]: Ошибка в цикле чтения датчиков: [Errno 5] Input/output error
[distance_sensors_node-7] [ERROR] [1762931090.474125624] [distance_sensors_node]: Ошибка в цикле чтения датчиков: [Errno 5] Input/output error
[doa_node-8] [INFO] [1762931091.257779198] [doa_node]: DOA угол: 270
[distance_sensors_node-7] [ERROR] [1762931091.478132677] [distance_sensors_node]: Ошибка в цикле чтения датчиков: [Errno 5] Input/output error
[distance_sensors_node-7] [ERROR] [1762931092.483489566] [distance_sensors_node]: Ошибка в цикле чтения датчиков: [Errno 5] Input/output error
[distance_sensors_node-7] [ERROR] [1762931093.487318591] [distance_sensors_node]: Ошибка в цикле чтения датчиков: [Errno 5] Input/output error
[distance_sensors_node-7] [ERROR] [1762931094.490910585] [distance_sensors_node]: Ошибка в цикле чтения датчиков: [Errno 5] Input/output error
[distance_sensors_node-7] [ERROR] [1762931095.494858429] [distance_sensors_node]: Ошибка в цикле чтения датчиков: [Errno 5] Input/output error
[distance_sensors_node-7] [ERROR] [1762931096.498625798] [distance_sensors_node]: Ошибка в цикле чтения датчиков: [Errno 5] Input/output error
[distance_sensors_node-7] [ERROR] [1762931097.502534983] [distance_sensors_node]: Ошибка в цикле чтения датчиков: [Errno 5] Input/output error
[doa_node-8] [INFO] [1762931098.265871861] [doa_node]: DOA угол: 321
[distance_sensors_node-7] [ERROR] [1762931098.506317098] [distance_sensors_node]: Ошибка в цикле чтения датчиков: [Errno 5] Input/output error
[distance_sensors_node-7] [ERROR] [1762931099.510029404] [distance_sensors_node]: Ошибка в цикле чтения датчиков: [Errno 5] Input/output error
[distance_sensors_node-7] [ERROR] [1762931100.513611714] [distance_sensors_node]: Ошибка в цикле чтения датчиков: [Errno 5] Input/output error
[distance_sensors_node-7] [ERROR] [1762931101.518992263] [distance_sensors_node]: Ошибка в цикле чтения датчиков: [Errno 5] Input/output error
[distance_sensors_node-7] [ERROR] [1762931102.522877076] [distance_sensors_node]: Ошибка в цикле чтения датчиков: [Errno 5] Input/output error
[distance_sensors_node-7] [ERROR] [1762931103.526444433] [distance_sensors_node]: Ошибка в цикле чтения датчиков: [Errno 5] Input/output error
[distance_sensors_node-7] [ERROR] [1762931104.530396362] [distance_sensors_node]: Ошибка в цикле чтения датчиков: [Errno 5] Input/output error
[doa_node-8] [INFO] [1762931105.273039197] [doa_node]: DOA угол: 34
[chassis_node-6] [INFO] [1762931105.277350215] [chassis_node]: Получена голосовая команда: "HEAD:CENTER"
[chassis_node-6] [WARN] [1762931105.281819915] [chassis_node]: Chassis не подключен
[distance_sensors_node-7] [ERROR] [1762931105.534060447] [distance_sensors_node]: Ошибка в цикле чтения датчиков: [Errno 5] Input/output error
[distance_sensors_node-7] [ERROR] [1762931106.537996032] [distance_sensors_node]: Ошибка в цикле чтения датчиков: [Errno 5] Input/output error
[distance_sensors_node-7] [ERROR] [1762931107.541825380] [distance_sensors_node]: Ошибка в цикле чтения датчиков: [Errno 5] Input/output error
[distance_sensors_node-7] [ERROR] [1762931108.545798359] [distance_sensors_node]: Ошибка в цикле чтения датчиков: [Errno 5] Input/output error
[distance_sensors_node-7] [ERROR] [1762931109.550079801] [distance_sensors_node]: Ошибка в цикле чтения датчиков: [Errno 5] Input/output error
[distance_sensors_node-7] [ERROR] [1762931110.555946502] [distance_sensors_node]: Ошибка в цикле чтения датчиков: [Errno 5] Input/output error
[distance_sensors_node-7] [ERROR] [1762931111.561911280] [distance_sensors_node]: Ошибка в цикле чтения датчиков: [Errno 5] Input/output error
[doa_node-8] [INFO] [1762931112.281776487] [doa_node]: DOA угол: 306
[chassis_node-6] [INFO] [1762931112.285081165] [chassis_node]: Получена голосовая команда: "HEAD:RIGHT"
[chassis_node-6] [WARN] [1762931112.287965128] [chassis_node]: Chassis не подключен
[distance_sensors_node-7] [ERROR] [1762931112.567825080] [distance_sensors_node]: Ошибка в цикле чтения датчиков: [Errno 5] Input/output error
[distance_sensors_node-7] [ERROR] [1762931113.574882405] [distance_sensors_node]: Ошибка в цикле чтения датчиков: [Errno 5] Input/output error
[distance_sensors_node-7] [ERROR] [1762931114.579011809] [distance_sensors_node]: Ошибка в цикле чтения датчиков: [Errno 5] Input/output error
[distance_sensors_node-7] [ERROR] [1762931115.583241697] [distance_sensors_node]: Ошибка в цикле чтения датчиков: [Errno 5] Input/output error
[distance_sensors_node-7] [ERROR] [1762931116.587272571] [distance_sensors_node]: Ошибка в цикле чтения датчиков: [Errno 5] Input/output error
[distance_sensors_node-7] [ERROR] [1762931117.591464429] [distance_sensors_node]: Ошибка в цикле чтения датчиков: [Errno 5] Input/output error
[distance_sensors_node-7] [ERROR] [1762931118.595535716] [distance_sensors_node]: Ошибка в цикле чтения датчиков: [Errno 5] Input/output error
[doa_node-8] [INFO] [1762931119.288353627] [doa_node]: DOA угол: 322
[distance_sensors_node-7] [ERROR] [1762931119.599488231] [distance_sensors_node]: Ошибка в цикле чтения датчиков: [Errno 5] Input/output error
[distance_sensors_node-7] [ERROR] [1762931120.603073699] [distance_sensors_node]: Ошибка в цикле чтения датчиков: [Errno 5] Input/output error
[distance_sensors_node-7] [ERROR] [1762931121.606680798] [distance_sensors_node]: Ошибка в цикле чтения датчиков: [Errno 5] Input/output error
[distance_sensors_node-7] [ERROR] [1762931122.611550070] [distance_sensors_node]: Ошибка в цикле чтения датчиков: [Errno 5] Input/output error
[distance_sensors_node-7] [ERROR] [1762931123.615402432] [distance_sensors_node]: Ошибка в цикле чтения датчиков: [Errno 5] Input/output error
[distance_sensors_node-7] [ERROR] [1762931124.619210224] [distance_sensors_node]: Ошибка в цикле чтения датчиков: [Errno 5] Input/output error
[distance_sensors_node-7] [ERROR] [1762931125.624644720] [distance_sensors_node]: Ошибка в цикле чтения датчиков: [Errno 5] Input/output error
[doa_node-8] [INFO] [1762931126.296775621] [doa_node]: DOA угол: 235
[chassis_node-6] [INFO] [1762931126.301360153] [chassis_node]: Получена голосовая команда: "HEAD:LEFT"
[chassis_node-6] [WARN] [1762931126.304287096] [chassis_node]: Chassis не подключен
[distance_sensors_node-7] [ERROR] [1762931126.628709107] [distance_sensors_node]: Ошибка в цикле чтения датчиков: [Errno 5] Input/output error
[distance_sensors_node-7] [ERROR] [1762931127.632796405] [distance_sensors_node]: Ошибка в цикле чтения датчиков: [Errno 5] Input/output error
[distance_sensors_node-7] [ERROR] [1762931128.636683245] [distance_sensors_node]: Ошибка в цикле чтения датчиков: [Errno 5] Input/output error
[distance_sensors_node-7] [ERROR] [1762931129.640573885] [distance_sensors_node]: Ошибка в цикле чтения датчиков: [Errno 5] Input/output error
[distance_sensors_node-7] [ERROR] [1762931130.644451046] [distance_sensors_node]: Ошибка в цикле чтения датчиков: [Errno 5] Input/output error
[distance_sensors_node-7] [ERROR] [1762931131.649079016] [distance_sensors_node]: Ошибка в цикле чтения датчиков: [Errno 5] Input/output error
[distance_sensors_node-7] [ERROR] [1762931132.652053695] [distance_sensors_node]: Ошибка в цикле чтения датчиков: [Errno 5] Input/output error
[doa_node-8] [INFO] [1762931133.304168224] [doa_node]: DOA угол: 235
[distance_sensors_node-7] [ERROR] [1762931133.655709665] [distance_sensors_node]: Ошибка в цикле чтения датчиков: [Errno 5] Input/output error
[distance_sensors_node-7] [ERROR] [1762931134.660453643] [distance_sensors_node]: Ошибка в цикле чтения датчиков: [Errno 5] Input/output error
[distance_sensors_node-7] [ERROR] [1762931135.664541817] [distance_sensors_node]: Ошибка в цикле чтения датчиков: [Errno 5] Input/output error
[distance_sensors_node-7] [ERROR] [1762931136.668294609] [distance_sensors_node]: Ошибка в цикле чтения датчиков: [Errno 5] Input/output error
[distance_sensors_node-7] [ERROR] [1762931137.671805445] [distance_sensors_node]: Ошибка в цикле чтения датчиков: [Errno 5] Input/output error
[distance_sensors_node-7] [ERROR] [1762931138.675617095] [distance_sensors_node]: Ошибка в цикле чтения датчиков: [Errno 5] Input/output error
[distance_sensors_node-7] [ERROR] [1762931139.679151974] [distance_sensors_node]: Ошибка в цикле чтения датчиков: [Errno 5] Input/output error
[doa_node-8] [INFO] [1762931140.313762968] [doa_node]: DOA угол: 235
[distance_sensors_node-7] [ERROR] [1762931140.682821428] [distance_sensors_node]: Ошибка в цикле чтения датчиков: [Errno 5] Input/output error
[distance_sensors_node-7] [ERROR] [1762931141.686892380] [distance_sensors_node]: Ошибка в цикле чтения датчиков: [Errno 5] Input/output error
[distance_sensors_node-7] [ERROR] [1762931142.692766349] [distance_sensors_node]: Ошибка в цикле чтения датчиков: [Errno 5] Input/output error
[distance_sensors_node-7] [ERROR] [1762931143.697175617] [distance_sensors_node]: Ошибка в цикле чтения датчиков: [Errno 5] Input/output error
[distance_sensors_node-7] [ERROR] [1762931144.700410534] [distance_sensors_node]: Ошибка в цикле чтения датчиков: [Errno 5] Input/output error
[distance_sensors_node-7] [ERROR] [1762931145.704402610] [distance_sensors_node]: Ошибка в цикле чтения датчиков: [Errno 5] Input/output error
[distance_sensors_node-7] [ERROR] [1762931146.708042879] [distance_sensors_node]: Ошибка в цикле чтения датчиков: [Errno 5] Input/output error
[doa_node-8] [INFO] [1762931147.320169771] [doa_node]: DOA угол: 235
[distance_sensors_node-7] [ERROR] [1762931147.711811649] [distance_sensors_node]: Ошибка в цикле чтения датчиков: [Errno 5] Input/output error
[distance_sensors_node-7] [ERROR] [1762931148.715587497] [distance_sensors_node]: Ошибка в цикле чтения датчиков: [Errno 5] Input/output error
[distance_sensors_node-7] [ERROR] [1762931149.719284811] [distance_sensors_node]: Ошибка в цикле чтения датчиков: [Errno 5] Input/output error
[distance_sensors_node-7] [ERROR] [1762931150.723054979] [distance_sensors_node]: Ошибка в цикле чтения датчиков: [Errno 5] Input/output error
[distance_sensors_node-7] [ERROR] [1762931151.727426142] [distance_sensors_node]: Ошибка в цикле чтения датчиков: [Errno 5] Input/output error
[distance_sensors_node-7] [ERROR] [1762931152.731225779] [distance_sensors_node]: Ошибка в цикле чтения датчиков: [Errno 5] Input/output error
[distance_sensors_node-7] [ERROR] [1762931153.735138028] [distance_sensors_node]: Ошибка в цикле чтения датчиков: [Errno 5] Input/output error
[doa_node-8] [INFO] [1762931154.329794198] [doa_node]: DOA угол: 235
[distance_sensors_node-7] [ERROR] [1762931154.738772673] [distance_sensors_node]: Ошибка в цикле чтения датчиков: [Errno 5] Input/output error
[distance_sensors_node-7] [ERROR] [1762931155.742679132] [distance_sensors_node]: Ошибка в цикле чтения датчиков: [Errno 5] Input/output error
[distance_sensors_node-7] [ERROR] [1762931156.747019181] [distance_sensors_node]: Ошибка в цикле чтения датчиков: [Errno 5] Input/output error
[distance_sensors_node-7] [ERROR] [1762931157.751891652] [distance_sensors_node]: Ошибка в цикле чтения датчиков: [Errno 5] Input/output error
[distance_sensors_node-7] [ERROR] [1762931158.755637344] [distance_sensors_node]: Ошибка в цикле чтения датчиков: [Errno 5] Input/output error
[distance_sensors_node-7] [ERROR] [1762931159.759307799] [distance_sensors_node]: Ошибка в цикле чтения датчиков: [Errno 5] Input/output error
[distance_sensors_node-7] [ERROR] [1762931160.763044386] [distance_sensors_node]: Ошибка в цикле чтения датчиков: [Errno 5] Input/output error
[doa_node-8] [INFO] [1762931161.336156663] [doa_node]: DOA угол: 235
[distance_sensors_node-7] [ERROR] [1762931161.766739458] [distance_sensors_node]: Ошибка в цикле чтения датчиков: [Errno 5] Input/output error
[distance_sensors_node-7] [ERROR] [1762931162.770826602] [distance_sensors_node]: Ошибка в цикле чтения датчиков: [Errno 5] Input/output error
[distance_sensors_node-7] [ERROR] [1762931163.774584772] [distance_sensors_node]: Ошибка в цикле чтения датчиков: [Errno 5] Input/output error
[distance_sensors_node-7] [ERROR] [1762931164.778266019] [distance_sensors_node]: Ошибка в цикле чтения датчиков: [Errno 5] Input/output error
[distance_sensors_node-7] [ERROR] [1762931165.783729358] [distance_sensors_node]: Ошибка в цикле чтения датчиков: [Errno 5] Input/output error
[distance_sensors_node-7] [ERROR] [1762931166.788245508] [distance_sensors_node]: Ошибка в цикле чтения датчиков: [Errno 5] Input/output error
[distance_sensors_node-7] [ERROR] [1762931167.792461553] [distance_sensors_node]: Ошибка в цикле чтения датчиков: [Errno 5] Input/output error
[doa_node-8] [INFO] [1762931168.346380868] [doa_node]: DOA угол: 235
[distance_sensors_node-7] [ERROR] [1762931168.802753968] [distance_sensors_node]: Ошибка в цикле чтения датчиков: [Errno 5] Input/output error
[distance_sensors_node-7] [ERROR] [1762931169.807432846] [distance_sensors_node]: Ошибка в цикле чтения датчиков: [Errno 5] Input/output error
[distance_sensors_node-7] [ERROR] [1762931170.811941841] [distance_sensors_node]: Ошибка в цикле чтения датчиков: [Errno 5] Input/output error
[distance_sensors_node-7] [ERROR] [1762931171.817875506] [distance_sensors_node]: Ошибка в цикле чтения датчиков: [Errno 5] Input/output error
[distance_sensors_node-7] [ERROR] [1762931172.825806536] [distance_sensors_node]: Ошибка в цикле чтения датчиков: [Errno 5] Input/output error
[distance_sensors_node-7] [ERROR] [1762931173.830214022] [distance_sensors_node]: Ошибка в цикле чтения датчиков: [Errno 5] Input/output error
[distance_sensors_node-7] [ERROR] [1762931174.836191269] [distance_sensors_node]: Ошибка в цикле чтения датчиков: [Errno 5] Input/output error
[doa_node-8] [INFO] [1762931175.352395417] [doa_node]: DOA угол: 219
[distance_sensors_node-7] [ERROR] [1762931175.840719408] [distance_sensors_node]: Ошибка в цикле чтения датчиков: [Errno 5] Input/output error
[distance_sensors_node-7] [ERROR] [1762931176.846249721] [distance_sensors_node]: Ошибка в цикле чтения датчиков: [Errno 5] Input/output error
[distance_sensors_node-7] [ERROR] [1762931177.850392963] [distance_sensors_node]: Ошибка в цикле чтения датчиков: [Errno 5] Input/output error
[distance_sensors_node-7] [ERROR] [1762931178.854881407] [distance_sensors_node]: Ошибка в цикле чтения датчиков: [Errno 5] Input/output error
[distance_sensors_node-7] [ERROR] [1762931179.859017525] [distance_sensors_node]: Ошибка в цикле чтения датчиков: [Errno 5] Input/output error
[distance_sensors_node-7] [ERROR] [1762931180.863316199] [distance_sensors_node]: Ошибка в цикле чтения датчиков: [Errno 5] Input/output error
[distance_sensors_node-7] [ERROR] [1762931181.867383213] [distance_sensors_node]: Ошибка в цикле чтения датчиков: [Errno 5] Input/output error
[doa_node-8] [INFO] [1762931182.362716752] [doa_node]: DOA угол: 38
[chassis_node-6] [INFO] [1762931182.367131398] [chassis_node]: Получена голосовая команда: "HEAD:CENTER"
[chassis_node-6] [WARN] [1762931182.372169333] [chassis_node]: Chassis не подключен
[distance_sensors_node-7] [ERROR] [1762931182.873081467] [distance_sensors_node]: Ошибка в цикле чтения датчиков: [Errno 5] Input/output error
[distance_sensors_node-7] [ERROR] [1762931183.876403884] [distance_sensors_node]: Ошибка в цикле чтения датчиков: [Errno 5] Input/output error
[distance_sensors_node-7] [ERROR] [1762931184.880776402] [distance_sensors_node]: Ошибка в цикле чтения датчиков: [Errno 5] Input/output error
[distance_sensors_node-7] [ERROR] [1762931185.884831427] [distance_sensors_node]: Ошибка в цикле чтения датчиков: [Errno 5] Input/output error
[distance_sensors_node-7] [ERROR] [1762931186.888678920] [distance_sensors_node]: Ошибка в цикле чтения датчиков: [Errno 5] Input/output error
[distance_sensors_node-7] [ERROR] [1762931187.894643481] [distance_sensors_node]: Ошибка в цикле чтения датчиков: [Errno 5] Input/output error
[distance_sensors_node-7] [ERROR] [1762931188.898845383] [distance_sensors_node]: Ошибка в цикле чтения датчиков: [Errno 5] Input/output error
[doa_node-8] [INFO] [1762931189.385586505] [doa_node]: DOA угол: 234
[chassis_node-6] [INFO] [1762931189.390050040] [chassis_node]: Получена голосовая команда: "HEAD:LEFT"
[chassis_node-6] [WARN] [1762931189.394057785] [chassis_node]: Chassis не подключен
[distance_sensors_node-7] [ERROR] [1762931189.903225340] [distance_sensors_node]: Ошибка в цикле чтения датчиков: [Errno 5] Input/output error
[distance_sensors_node-7] [ERROR] [1762931190.909054967] [distance_sensors_node]: Ошибка в цикле чтения датчиков: [Errno 5] Input/output error
[distance_sensors_node-7] [ERROR] [1762931191.913055194] [distance_sensors_node]: Ошибка в цикле чтения датчиков: [Errno 5] Input/output error
[distance_sensors_node-7] [ERROR] [1762931192.916567783] [distance_sensors_node]: Ошибка в цикле чтения датчиков: [Errno 5] Input/output error
[distance_sensors_node-7] [ERROR] [1762931193.920677625] [distance_sensors_node]: Ошибка в цикле чтения датчиков: [Errno 5] Input/output error
[distance_sensors_node-7] [ERROR] [1762931194.925329574] [distance_sensors_node]: Ошибка в цикле чтения датчиков: [Errno 5] Input/output error
[distance_sensors_node-7] [ERROR] [1762931195.928412584] [distance_sensors_node]: Ошибка в цикле чтения датчиков: [Errno 5] Input/output error
[doa_node-8] [INFO] [1762931196.394612351] [doa_node]: DOA угол: 233
[distance_sensors_node-7] [ERROR] [1762931196.932007256] [distance_sensors_node]: Ошибка в цикле чтения датчиков: [Errno 5] Input/output error
[distance_sensors_node-7] [ERROR] [1762931197.936609899] [distance_sensors_node]: Ошибка в цикле чтения датчиков: [Errno 5] Input/output error
[distance_sensors_node-7] [ERROR] [1762931198.940558998] [distance_sensors_node]: Ошибка в цикле чтения датчиков: [Errno 5] Input/output error
[distance_sensors_node-7] [ERROR] [1762931199.944461489] [distance_sensors_node]: Ошибка в цикле чтения датчиков: [Errno 5] Input/output error
[distance_sensors_node-7] [ERROR] [1762931200.948899902] [distance_sensors_node]: Ошибка в цикле чтения датчиков: [Errno 5] Input/output error
[distance_sensors_node-7] [ERROR] [1762931201.956028783] [distance_sensors_node]: Ошибка в цикле чтения датчиков: [Errno 5] Input/output error
[distance_sensors_node-7] [ERROR] [1762931202.961483781] [distance_sensors_node]: Ошибка в цикле чтения датчиков: [Errno 5] Input/output error
[doa_node-8] [INFO] [1762931203.401299563] [doa_node]: DOA угол: 244
[distance_sensors_node-7] [ERROR] [1762931203.965511447] [distance_sensors_node]: Ошибка в цикле чтения датчиков: [Errno 5] Input/output error
[distance_sensors_node-7] [ERROR] [1762931204.971795829] [distance_sensors_node]: Ошибка в цикле чтения датчиков: [Errno 5] Input/output error
[distance_sensors_node-7] [ERROR] [1762931205.975763928] [distance_sensors_node]: Ошибка в цикле чтения датчиков: [Errno 5] Input/output error
[distance_sensors_node-7] [ERROR] [1762931206.981042328] [distance_sensors_node]: Ошибка в цикле чтения датчиков: [Errno 5] Input/output error
[distance_sensors_node-7] [ERROR] [1762931207.984494364] [distance_sensors_node]: Ошибка в цикле чтения датчиков: [Errno 5] Input/output error
[distance_sensors_node-7] [ERROR] [1762931208.988464490] [distance_sensors_node]: Ошибка в цикле чтения датчиков: [Errno 5] Input/output error
[distance_sensors_node-7] [ERROR] [1762931209.992517432] [distance_sensors_node]: Ошибка в цикле чтения датчиков: [Errno 5] Input/output error
[doa_node-8] [INFO] [1762931210.408362457] [doa_node]: DOA угол: 241
[distance_sensors_node-7] [ERROR] [1762931210.998358835] [distance_sensors_node]: Ошибка в цикле чтения датчиков: [Errno 5] Input/output error
[distance_sensors_node-7] [ERROR] [1762931212.002812518] [distance_sensors_node]: Ошибка в цикле чтения датчиков: [Errno 5] Input/output error
[distance_sensors_node-7] [ERROR] [1762931213.006621934] [distance_sensors_node]: Ошибка в цикле чтения датчиков: [Errno 5] Input/output error
[distance_sensors_node-7] [ERROR] [1762931214.010799829] [distance_sensors_node]: Ошибка в цикле чтения датчиков: [Errno 5] Input/output error
[distance_sensors_node-7] [ERROR] [1762931215.014923895] [distance_sensors_node]: Ошибка в цикле чтения датчиков: [Errno 5] Input/output error
[distance_sensors_node-7] [ERROR] [1762931216.019171406] [distance_sensors_node]: Ошибка в цикле чтения датчиков: [Errno 5] Input/output error
[distance_sensors_node-7] [ERROR] [1762931217.023067572] [distance_sensors_node]: Ошибка в цикле чтения датчиков: [Errno 5] Input/output error
[doa_node-8] [INFO] [1762931217.416848276] [doa_node]: DOA угол: 218
[distance_sensors_node-7] [ERROR] [1762931218.027134053] [distance_sensors_node]: Ошибка в цикле чтения датчиков: [Errno 5] Input/output error
[distance_sensors_node-7] [ERROR] [1762931219.031698364] [distance_sensors_node]: Ошибка в цикле чтения датчиков: [Errno 5] Input/output error
[distance_sensors_node-7] [ERROR] [1762931220.037596827] [distance_sensors_node]: Ошибка в цикле чтения датчиков: [Errno 5] Input/output error
[distance_sensors_node-7] [ERROR] [1762931221.043550792] [distance_sensors_node]: Ошибка в цикле чтения датчиков: [Errno 5] Input/output error
[distance_sensors_node-7] [ERROR] [1762931222.047512674] [distance_sensors_node]: Ошибка в цикле чтения датчиков: [Errno 5] Input/output error
[distance_sensors_node-7] [ERROR] [1762931223.052456028] [distance_sensors_node]: Ошибка в цикле чтения датчиков: [Errno 5] Input/output error
[distance_sensors_node-7] [ERROR] [1762931224.056369545] [distance_sensors_node]: Ошибка в цикле чтения датчиков: [Errno 5] Input/output error
[doa_node-8] [INFO] [1762931224.424722064] [doa_node]: DOA угол: 217
[distance_sensors_node-7] [ERROR] [1762931225.060293917] [distance_sensors_node]: Ошибка в цикле чтения датчиков: [Errno 5] Input/output error
[distance_sensors_node-7] [ERROR] [1762931226.064900061] [distance_sensors_node]: Ошибка в цикле чтения датчиков: [Errno 5] Input/output error
[distance_sensors_node-7] [ERROR] [1762931227.068803290] [distance_sensors_node]: Ошибка в цикле чтения датчиков: [Errno 5] Input/output error
[distance_sensors_node-7] [ERROR] [1762931228.072815168] [distance_sensors_node]: Ошибка в цикле чтения датчиков: [Errno 5] Input/output error
[distance_sensors_node-7] [ERROR] [1762931229.079597088] [distance_sensors_node]: Ошибка в цикле чтения датчиков: [Errno 5] Input/output error
[distance_sensors_node-7] [ERROR] [1762931230.083983041] [distance_sensors_node]: Ошибка в цикле чтения датчиков: [Errno 5] Input/output error
[distance_sensors_node-7] [ERROR] [1762931231.090176065] [distance_sensors_node]: Ошибка в цикле чтения датчиков: [Errno 5] Input/output error
[doa_node-8] [INFO] [1762931231.435715198] [doa_node]: DOA угол: 33
[chassis_node-6] [INFO] [1762931231.440757726] [chassis_node]: Получена голосовая команда: "HEAD:CENTER"
[chassis_node-6] [WARN] [1762931231.444699916] [chassis_node]: Chassis не подключен
[distance_sensors_node-7] [ERROR] [1762931232.094591060] [distance_sensors_node]: Ошибка в цикле чтения датчиков: [Errno 5] Input/output error
[distance_sensors_node-7] [ERROR] [1762931233.098556304] [distance_sensors_node]: Ошибка в цикле чтения датчиков: [Errno 5] Input/output error
[distance_sensors_node-7] [ERROR] [1762931234.104073160] [distance_sensors_node]: Ошибка в цикле чтения датчиков: [Errno 5] Input/output error
[distance_sensors_node-7] [ERROR] [1762931235.108181369] [distance_sensors_node]: Ошибка в цикле чтения датчиков: [Errno 5] Input/output error
[distance_sensors_node-7] [ERROR] [1762931236.113059776] [distance_sensors_node]: Ошибка в цикле чтения датчиков: [Errno 5] Input/output error
[distance_sensors_node-7] [ERROR] [1762931237.116299798] [distance_sensors_node]: Ошибка в цикле чтения датчиков: [Errno 5] Input/output error
[distance_sensors_node-7] [ERROR] [1762931238.120113964] [distance_sensors_node]: Ошибка в цикле чтения датчиков: [Errno 5] Input/output error
[doa_node-8] [INFO] [1762931238.458382047] [doa_node]: DOA угол: 78
[distance_sensors_node-7] [ERROR] [1762931239.123951094] [distance_sensors_node]: Ошибка в цикле чтения датчиков: [Errno 5] Input/output error
[distance_sensors_node-7] [ERROR] [1762931240.129380393] [distance_sensors_node]: Ошибка в цикле чтения датчиков: [Errno 5] Input/output error
[distance_sensors_node-7] [ERROR] [1762931241.133583746] [distance_sensors_node]: Ошибка в цикле чтения датчиков: [Errno 5] Input/output error
[distance_sensors_node-7] [ERROR] [1762931242.137509031] [distance_sensors_node]: Ошибка в цикле чтения датчиков: [Errno 5] Input/output error
[distance_sensors_node-7] [ERROR] [1762931243.141103045] [distance_sensors_node]: Ошибка в цикле чтения датчиков: [Errno 5] Input/output error
[distance_sensors_node-7] [ERROR] [1762931244.144174606] [distance_sensors_node]: Ошибка в цикле чтения датчиков: [Errno 5] Input/output error
[distance_sensors_node-7] [ERROR] [1762931245.148328859] [distance_sensors_node]: Ошибка в цикле чтения датчиков: [Errno 5] Input/output error
[doa_node-8] [INFO] [1762931245.466287318] [doa_node]: DOA угол: 270
[chassis_node-6] [INFO] [1762931245.472051763] [chassis_node]: Получена голосовая команда: "HEAD:RIGHT"
[chassis_node-6] [WARN] [1762931245.477046625] [chassis_node]: Chassis не подключен
[distance_sensors_node-7] [ERROR] [1762931246.152852461] [distance_sensors_node]: Ошибка в цикле чтения датчиков: [Errno 5] Input/output error
[distance_sensors_node-7] [ERROR] [1762931247.156625316] [distance_sensors_node]: Ошибка в цикле чтения датчиков: [Errno 5] Input/output error
[distance_sensors_node-7] [ERROR] [1762931248.161747694] [distance_sensors_node]: Ошибка в цикле чтения датчиков: [Errno 5] Input/output error
[distance_sensors_node-7] [ERROR] [1762931249.165484332] [distance_sensors_node]: Ошибка в цикле чтения датчиков: [Errno 5] Input/output error
[distance_sensors_node-7] [ERROR] [1762931250.169325713] [distance_sensors_node]: Ошибка в цикле чтения датчиков: [Errno 5] Input/output error
[distance_sensors_node-7] [ERROR] [1762931251.173277520] [distance_sensors_node]: Ошибка в цикле чтения датчиков: [Errno 5] Input/output error
[distance_sensors_node-7] [ERROR] [1762931252.177009147] [distance_sensors_node]: Ошибка в цикле чтения датчиков: [Errno 5] Input/output error
[doa_node-8] [INFO] [1762931252.472657934] [doa_node]: DOA угол: 232
[chassis_node-6] [INFO] [1762931252.476515051] [chassis_node]: Получена голосовая команда: "HEAD:LEFT"
[chassis_node-6] [WARN] [1762931252.479555531] [chassis_node]: Chassis не подключен
[distance_sensors_node-7] [ERROR] [1762931253.179964565] [distance_sensors_node]: Ошибка в цикле чтения датчиков: [Errno 5] Input/output error
[distance_sensors_node-7] [ERROR] [1762931254.183842399] [distance_sensors_node]: Ошибка в цикле чтения датчиков: [Errno 5] Input/output error
[distance_sensors_node-7] [ERROR] [1762931255.187792383] [distance_sensors_node]: Ошибка в цикле чтения датчиков: [Errno 5] Input/output error
[distance_sensors_node-7] [ERROR] [1762931256.191854812] [distance_sensors_node]: Ошибка в цикле чтения датчиков: [Errno 5] Input/output error
[distance_sensors_node-7] [ERROR] [1762931257.195878781] [distance_sensors_node]: Ошибка в цикле чтения датчиков: [Errno 5] Input/output error
[distance_sensors_node-7] [ERROR] [1762931258.199911974] [distance_sensors_node]: Ошибка в цикле чтения датчиков: [Errno 5] Input/output error
[distance_sensors_node-7] [ERROR] [1762931259.203811987] [distance_sensors_node]: Ошибка в цикле чтения датчиков: [Errno 5] Input/output error
[doa_node-8] [INFO] [1762931259.480604185] [doa_node]: DOA угол: 237
[distance_sensors_node-7] [ERROR] [1762931260.208908746] [distance_sensors_node]: Ошибка в цикле чтения датчиков: [Errno 5] Input/output error
[distance_sensors_node-7] [ERROR] [1762931261.212723431] [distance_sensors_node]: Ошибка в цикле чтения датчиков: [Errno 5] Input/output error
[distance_sensors_node-7] [ERROR] [1762931262.216694135] [distance_sensors_node]: Ошибка в цикле чтения датчиков: [Errno 5] Input/output error
[distance_sensors_node-7] [ERROR] [1762931263.220569417] [distance_sensors_node]: Ошибка в цикле чтения датчиков: [Errno 5] Input/output error
[distance_sensors_node-7] [ERROR] [1762931264.224436016] [distance_sensors_node]: Ошибка в цикле чтения датчиков: [Errno 5] Input/output error
[distance_sensors_node-7] [ERROR] [1762931265.230364091] [distance_sensors_node]: Ошибка в цикле чтения датчиков: [Errno 5] Input/output error
[distance_sensors_node-7] [ERROR] [1762931266.235031315] [distance_sensors_node]: Ошибка в цикле чтения датчиков: [Errno 5] Input/output error
[doa_node-8] [INFO] [1762931266.489125972] [doa_node]: DOA угол: 237
[distance_sensors_node-7] [ERROR] [1762931267.238420760] [distance_sensors_node]: Ошибка в цикле чтения датчиков: [Errno 5] Input/output error
[distance_sensors_node-7] [ERROR] [1762931268.242365683] [distance_sensors_node]: Ошибка в цикле чтения датчиков: [Errno 5] Input/output error
[distance_sensors_node-7] [ERROR] [1762931269.246742731] [distance_sensors_node]: Ошибка в цикле чтения датчиков: [Errno 5] Input/output error
[distance_sensors_node-7] [ERROR] [1762931270.250467661] [distance_sensors_node]: Ошибка в цикле чтения датчиков: [Errno 5] Input/output error
[distance_sensors_node-7] [ERROR] [1762931271.254901103] [distance_sensors_node]: Ошибка в цикле чтения датчиков: [Errno 5] Input/output error
[distance_sensors_node-7] [ERROR] [1762931272.258806665] [distance_sensors_node]: Ошибка в цикле чтения датчиков: [Errno 5] Input/output error
[distance_sensors_node-7] [ERROR] [1762931273.262911820] [distance_sensors_node]: Ошибка в цикле чтения датчиков: [Errno 5] Input/output error
[doa_node-8] [INFO] [1762931273.496518057] [doa_node]: DOA угол: 270
[chassis_node-6] [INFO] [1762931273.499933791] [chassis_node]: Получена голосовая команда: "HEAD:RIGHT"
[chassis_node-6] [WARN] [1762931273.503006419] [chassis_node]: Chassis не подключен
[distance_sensors_node-7] [ERROR] [1762931274.266449317] [distance_sensors_node]: Ошибка в цикле чтения датчиков: [Errno 5] Input/output error
[distance_sensors_node-7] [ERROR] [1762931275.269975669] [distance_sensors_node]: Ошибка в цикле чтения датчиков: [Errno 5] Input/output error
[distance_sensors_node-7] [ERROR] [1762931276.274627564] [distance_sensors_node]: Ошибка в цикле чтения датчиков: [Errno 5] Input/output error
[distance_sensors_node-7] [ERROR] [1762931277.278555434] [distance_sensors_node]: Ошибка в цикле чтения датчиков: [Errno 5] Input/output error
[distance_sensors_node-7] [ERROR] [1762931278.283362757] [distance_sensors_node]: Ошибка в цикле чтения датчиков: [Errno 5] Input/output error
[distance_sensors_node-7] [ERROR] [1762931279.287092190] [distance_sensors_node]: Ошибка в цикле чтения датчиков: [Errno 5] Input/output error
[distance_sensors_node-7] [ERROR] [1762931280.291012030] [distance_sensors_node]: Ошибка в цикле чтения датчиков: [Errno 5] Input/output error
[doa_node-8] [INFO] [1762931280.505714084] [doa_node]: DOA угол: 263
[chassis_node-6] [INFO] [1762931280.509862161] [chassis_node]: Получена голосовая команда: "HEAD:LEFT"
[chassis_node-6] [WARN] [1762931280.513241618] [chassis_node]: Chassis не подключен
[distance_sensors_node-7] [ERROR] [1762931281.294752633] [distance_sensors_node]: Ошибка в цикле чтения датчиков: [Errno 5] Input/output error
[distance_sensors_node-7] [ERROR] [1762931282.299429320] [distance_sensors_node]: Ошибка в цикле чтения датчиков: [Errno 5] Input/output error
[distance_sensors_node-7] [ERROR] [1762931283.303789642] [distance_sensors_node]: Ошибка в цикле чтения датчиков: [Errno 5] Input/output error
[distance_sensors_node-7] [ERROR] [1762931284.309057048] [distance_sensors_node]: Ошибка в цикле чтения датчиков: [Errno 5] Input/output error
[distance_sensors_node-7] [ERROR] [1762931285.312065337] [distance_sensors_node]: Ошибка в цикле чтения датчиков: [Errno 5] Input/output error
[distance_sensors_node-7] [ERROR] [1762931286.315764638] [distance_sensors_node]: Ошибка в цикле чтения датчиков: [Errno 5] Input/output error
[distance_sensors_node-7] [ERROR] [1762931287.319576514] [distance_sensors_node]: Ошибка в цикле чтения датчиков: [Errno 5] Input/output error
[doa_node-8] [INFO] [1762931287.514417953] [doa_node]: DOA угол: 248
[distance_sensors_node-7] [ERROR] [1762931288.324177752] [distance_sensors_node]: Ошибка в цикле чтения датчиков: [Errno 5] Input/output error
[distance_sensors_node-7] [ERROR] [1762931289.328271110] [distance_sensors_node]: Ошибка в цикле чтения датчиков: [Errno 5] Input/output error
[distance_sensors_node-7] [ERROR] [1762931290.332085308] [distance_sensors_node]: Ошибка в цикле чтения датчиков: [Errno 5] Input/output error
[distance_sensors_node-7] [ERROR] [1762931291.335659714] [distance_sensors_node]: Ошибка в цикле чтения датчиков: [Errno 5] Input/output error
[distance_sensors_node-7] [ERROR] [1762931292.340169703] [distance_sensors_node]: Ошибка в цикле чтения датчиков: [Errno 5] Input/output error
[distance_sensors_node-7] [ERROR] [1762931293.344450531] [distance_sensors_node]: Ошибка в цикле чтения датчиков: [Errno 5] Input/output error
[distance_sensors_node-7] [ERROR] [1762931294.348457235] [distance_sensors_node]: Ошибка в цикле чтения датчиков: [Errno 5] Input/output error
[doa_node-8] [INFO] [1762931294.520788759] [doa_node]: DOA угол: 250
[distance_sensors_node-7] [ERROR] [1762931295.352092520] [distance_sensors_node]: Ошибка в цикле чтения датчиков: [Errno 5] Input/output error
[distance_sensors_node-7] [ERROR] [1762931296.356143469] [distance_sensors_node]: Ошибка в цикле чтения датчиков: [Errno 5] Input/output error
[distance_sensors_node-7] [ERROR] [1762931297.360124217] [distance_sensors_node]: Ошибка в цикле чтения датчиков: [Errno 5] Input/output error
[distance_sensors_node-7] [ERROR] [1762931298.364189411] [distance_sensors_node]: Ошибка в цикле чтения датчиков: [Errno 5] Input/output error
[distance_sensors_node-7] [ERROR] [1762931299.368104868] [distance_sensors_node]: Ошибка в цикле чтения датчиков: [Errno 5] Input/output error
[distance_sensors_node-7] [ERROR] [1762931300.372945149] [distance_sensors_node]: Ошибка в цикле чтения датчиков: [Errno 5] Input/output error
[distance_sensors_node-7] [ERROR] [1762931301.376162471] [distance_sensors_node]: Ошибка в цикле чтения датчиков: [Errno 5] Input/output error
[doa_node-8] [INFO] [1762931301.530964885] [doa_node]: DOA угол: 38
[chassis_node-6] [INFO] [1762931301.534670801] [chassis_node]: Получена голосовая команда: "HEAD:CENTER"
[chassis_node-6] [WARN] [1762931301.537566709] [chassis_node]: Chassis не подключен
[distance_sensors_node-7] [ERROR] [1762931302.380774944] [distance_sensors_node]: Ошибка в цикле чтения датчиков: [Errno 5] Input/output error
[distance_sensors_node-7] [ERROR] [1762931303.384423117] [distance_sensors_node]: Ошибка в цикле чтения датчиков: [Errno 5] Input/output error
[distance_sensors_node-7] [ERROR] [1762931304.390226395] [distance_sensors_node]: Ошибка в цикле чтения датчиков: [Errno 5] Input/output error
[distance_sensors_node-7] [ERROR] [1762931305.394234161] [distance_sensors_node]: Ошибка в цикле чтения датчиков: [Errno 5] Input/output error
[distance_sensors_node-7] [ERROR] [1762931306.397999857] [distance_sensors_node]: Ошибка в цикле чтения датчиков: [Errno 5] Input/output error
[distance_sensors_node-7] [ERROR] [1762931307.401919925] [distance_sensors_node]: Ошибка в цикле чтения датчиков: [Errno 5] Input/output error
[distance_sensors_node-7] [ERROR] [1762931308.406630225] [distance_sensors_node]: Ошибка в цикле чтения датчиков: [Errno 5] Input/output error
[doa_node-8] [INFO] [1762931308.538127639] [doa_node]: DOA угол: 321
[chassis_node-6] [INFO] [1762931308.544096879] [chassis_node]: Получена голосовая команда: "HEAD:RIGHT"
[chassis_node-6] [WARN] [1762931308.548743894] [chassis_node]: Chassis не подключен
[distance_sensors_node-7] [ERROR] [1762931309.411358731] [distance_sensors_node]: Ошибка в цикле чтения датчиков: [Errno 5] Input/output error
[distance_sensors_node-7] [ERROR] [1762931310.415293008] [distance_sensors_node]: Ошибка в цикле чтения датчиков: [Errno 5] Input/output error
[distance_sensors_node-7] [ERROR] [1762931311.419150178] [distance_sensors_node]: Ошибка в цикле чтения датчиков: [Errno 5] Input/output error
[distance_sensors_node-7] [ERROR] [1762931312.424751383] [distance_sensors_node]: Ошибка в цикле чтения датчиков: [Errno 5] Input/output error
[distance_sensors_node-7] [ERROR] [1762931313.428102508] [distance_sensors_node]: Ошибка в цикле чтения датчиков: [Errno 5] Input/output error
[distance_sensors_node-7] [ERROR] [1762931314.431633558] [distance_sensors_node]: Ошибка в цикле чтения датчиков: [Errno 5] Input/output error
[distance_sensors_node-7] [ERROR] [1762931315.435400108] [distance_sensors_node]: Ошибка в цикле чтения датчиков: [Errno 5] Input/output error
[doa_node-8] [INFO] [1762931315.563187682] [doa_node]: DOA угол: 34
[chassis_node-6] [INFO] [1762931315.566981727] [chassis_node]: Получена голосовая команда: "HEAD:CENTER"
[chassis_node-6] [WARN] [1762931315.570307704] [chassis_node]: Chassis не подключен
[distance_sensors_node-7] [ERROR] [1762931316.439380601] [distance_sensors_node]: Ошибка в цикле чтения датчиков: [Errno 5] Input/output error
[distance_sensors_node-7] [ERROR] [1762931317.443144489] [distance_sensors_node]: Ошибка в цикле чтения датчиков: [Errno 5] Input/output error
[distance_sensors_node-7] [ERROR] [1762931318.447006081] [distance_sensors_node]: Ошибка в цикле чтения датчиков: [Errno 5] Input/output error
[distance_sensors_node-7] [ERROR] [1762931319.451396927] [distance_sensors_node]: Ошибка в цикле чтения датчиков: [Errno 5] Input/output error
[distance_sensors_node-7] [ERROR] [1762931320.455276042] [distance_sensors_node]: Ошибка в цикле чтения датчиков: [Errno 5] Input/output error
[distance_sensors_node-7] [ERROR] [1762931321.459071456] [distance_sensors_node]: Ошибка в цикле чтения датчиков: [Errno 5] Input/output error
[distance_sensors_node-7] [ERROR] [1762931322.462732930] [distance_sensors_node]: Ошибка в цикле чтения датчиков: [Errno 5] Input/output error
[doa_node-8] [INFO] [1762931322.568771132] [doa_node]: DOA угол: 322
[chassis_node-6] [INFO] [1762931322.572232792] [chassis_node]: Получена голосовая команда: "HEAD:RIGHT"
[chassis_node-6] [WARN] [1762931322.575033738] [chassis_node]: Chassis не подключен
[distance_sensors_node-7] [ERROR] [1762931323.466763400] [distance_sensors_node]: Ошибка в цикле чтения датчиков: [Errno 5] Input/output error
[distance_sensors_node-7] [ERROR] [1762931324.470970242] [distance_sensors_node]: Ошибка в цикле чтения датчиков: [Errno 5] Input/output error
[distance_sensors_node-7] [ERROR] [1762931325.475242047] [distance_sensors_node]: Ошибка в цикле чтения датчиков: [Errno 5] Input/output error
[distance_sensors_node-7] [ERROR] [1762931326.479737204] [distance_sensors_node]: Ошибка в цикле чтения датчиков: [Errno 5] Input/output error
[distance_sensors_node-7] [ERROR] [1762931327.487783688] [distance_sensors_node]: Ошибка в цикле чтения датчиков: [Errno 5] Input/output error
[distance_sensors_node-7] [ERROR] [1762931328.496944105] [distance_sensors_node]: Ошибка в цикле чтения датчиков: [Errno 5] Input/output error
[distance_sensors_node-7] [ERROR] [1762931329.505294645] [distance_sensors_node]: Ошибка в цикле чтения датчиков: [Errno 5] Input/output error
[doa_node-8] [INFO] [1762931329.580661883] [doa_node]: DOA угол: 38
[chassis_node-6] [INFO] [1762931329.586396737] [chassis_node]: Получена голосовая команда: "HEAD:CENTER"
[chassis_node-6] [WARN] [1762931329.590589091] [chassis_node]: Chassis не подключен
[distance_sensors_node-7] [ERROR] [1762931330.511521474] [distance_sensors_node]: Ошибка в цикле чтения датчиков: [Errno 5] Input/output error
[distance_sensors_node-7] [ERROR] [1762931331.518160522] [distance_sensors_node]: Ошибка в цикле чтения датчиков: [Errno 5] Input/output error
[distance_sensors_node-7] [ERROR] [1762931332.524140746] [distance_sensors_node]: Ошибка в цикле чтения датчиков: [Errno 5] Input/output error
[distance_sensors_node-7] [ERROR] [1762931333.528201979] [distance_sensors_node]: Ошибка в цикле чтения датчиков: [Errno 5] Input/output error
[distance_sensors_node-7] [ERROR] [1762931334.532521710] [distance_sensors_node]: Ошибка в цикле чтения датчиков: [Errno 5] Input/output error
[distance_sensors_node-7] [ERROR] [1762931335.536491374] [distance_sensors_node]: Ошибка в цикле чтения датчиков: [Errno 5] Input/output error
[distance_sensors_node-7] [ERROR] [1762931336.541506786] [distance_sensors_node]: Ошибка в цикле чтения датчиков: [Errno 5] Input/output error
[doa_node-8] [INFO] [1762931336.601258739] [doa_node]: DOA угол: 305
[chassis_node-6] [INFO] [1762931336.605691627] [chassis_node]: Получена голосовая команда: "HEAD:RIGHT"
[chassis_node-6] [WARN] [1762931336.609595264] [chassis_node]: Chassis не подключен
[distance_sensors_node-7] [ERROR] [1762931337.545615692] [distance_sensors_node]: Ошибка в цикле чтения датчиков: [Errno 5] Input/output error
[distance_sensors_node-7] [ERROR] [1762931338.549377124] [distance_sensors_node]: Ошибка в цикле чтения датчиков: [Errno 5] Input/output error
[distance_sensors_node-7] [ERROR] [1762931339.552072849] [distance_sensors_node]: Ошибка в цикле чтения датчиков: [Errno 5] Input/output error
[distance_sensors_node-7] [ERROR] [1762931340.555724786] [distance_sensors_node]: Ошибка в цикле чтения датчиков: [Errno 5] Input/output error
[distance_sensors_node-7] [ERROR] [1762931341.561860176] [distance_sensors_node]: Ошибка в цикле чтения датчиков: [Errno 5] Input/output error
[distance_sensors_node-7] [ERROR] [1762931342.565697041] [distance_sensors_node]: Ошибка в цикле чтения датчиков: [Errno 5] Input/output error
[distance_sensors_node-7] [ERROR] [1762931343.569500353] [distance_sensors_node]: Ошибка в цикле чтения датчиков: [Errno 5] Input/output error
[doa_node-8] [INFO] [1762931343.610936092] [doa_node]: DOA угол: 217
[chassis_node-6] [INFO] [1762931343.615026059] [chassis_node]: Получена голосовая команда: "HEAD:LEFT"
[chassis_node-6] [WARN] [1762931343.618644384] [chassis_node]: Chassis не подключен
[distance_sensors_node-7] [ERROR] [1762931344.573601033] [distance_sensors_node]: Ошибка в цикле чтения датчиков: [Errno 5] Input/output error
[distance_sensors_node-7] [ERROR] [1762931345.578357022] [distance_sensors_node]: Ошибка в цикле чтения датчиков: [Errno 5] Input/output error
[distance_sensors_node-7] [ERROR] [1762931346.582907664] [distance_sensors_node]: Ошибка в цикле чтения датчиков: [Errno 5] Input/output error
[distance_sensors_node-7] [ERROR] [1762931347.587596751] [distance_sensors_node]: Ошибка в цикле чтения датчиков: [Errno 5] Input/output error
[distance_sensors_node-7] [ERROR] [1762931348.595780018] [distance_sensors_node]: Ошибка в цикле чтения датчиков: [Errno 5] Input/output error
[distance_sensors_node-7] [ERROR] [1762931349.600535479] [distance_sensors_node]: Ошибка в цикле чтения датчиков: [Errno 5] Input/output error
[distance_sensors_node-7] [ERROR] [1762931350.606949772] [distance_sensors_node]: Ошибка в цикле чтения датчиков: [Errno 5] Input/output error
[doa_node-8] [INFO] [1762931350.624063872] [doa_node]: DOA угол: 250
[distance_sensors_node-7] [ERROR] [1762931351.611538053] [distance_sensors_node]: Ошибка в цикле чтения датчиков: [Errno 5] Input/output error
[distance_sensors_node-7] [ERROR] [1762931352.615306495] [distance_sensors_node]: Ошибка в цикле чтения датчиков: [Errno 5] Input/output error
[distance_sensors_node-7] [ERROR] [1762931353.619463100] [distance_sensors_node]: Ошибка в цикле чтения датчиков: [Errno 5] Input/output error
[distance_sensors_node-7] [ERROR] [1762931354.623570616] [distance_sensors_node]: Ошибка в цикле чтения датчиков: [Errno 5] Input/output error
[distance_sensors_node-7] [ERROR] [1762931355.629245984] [distance_sensors_node]: Ошибка в цикле чтения датчиков: [Errno 5] Input/output error
[distance_sensors_node-7] [ERROR] [1762931356.632718030] [distance_sensors_node]: Ошибка в цикле чтения датчиков: [Errno 5] Input/output error
[distance_sensors_node-7] [ERROR] [1762931357.636313706] [distance_sensors_node]: Ошибка в цикле чтения датчиков: [Errno 5] Input/output error
[doa_node-8] [INFO] [1762931357.641227589] [doa_node]: DOA угол: 64
[chassis_node-6] [INFO] [1762931357.645375000] [chassis_node]: Получена голосовая команда: "HEAD:CENTER"
[chassis_node-6] [WARN] [1762931357.649417542] [chassis_node]: Chassis не подключен
[distance_sensors_node-7] [ERROR] [1762931358.640503599] [distance_sensors_node]: Ошибка в цикле чтения датчиков: [Errno 5] Input/output error
[distance_sensors_node-7] [ERROR] [1762931359.644131927] [distance_sensors_node]: Ошибка в цикле чтения датчиков: [Errno 5] Input/output error
[distance_sensors_node-7] [ERROR] [1762931360.648702208] [distance_sensors_node]: Ошибка в цикле чтения датчиков: [Errno 5] Input/output error
[distance_sensors_node-7] [ERROR] [1762931361.652727850] [distance_sensors_node]: Ошибка в цикле чтения датчиков: [Errno 5] Input/output error
[distance_sensors_node-7] [ERROR] [1762931362.659157074] [distance_sensors_node]: Ошибка в цикле чтения датчиков: [Errno 5] Input/output error
[distance_sensors_node-7] [ERROR] [1762931363.663319292] [distance_sensors_node]: Ошибка в цикле чтения датчиков: [Errno 5] Input/output error
[doa_node-8] [INFO] [1762931364.665206929] [doa_node]: DOA угол: 305
[distance_sensors_node-7] [ERROR] [1762931364.667182627] [distance_sensors_node]: Ошибка в цикле чтения датчиков: [Errno 5] Input/output error
[chassis_node-6] [INFO] [1762931364.668507555] [chassis_node]: Получена голосовая команда: "HEAD:RIGHT"
[chassis_node-6] [WARN] [1762931364.671033708] [chassis_node]: Chassis не подключен
[distance_sensors_node-7] [ERROR] [1762931365.671719955] [distance_sensors_node]: Ошибка в цикле чтения датчиков: [Errno 5] Input/output error
[distance_sensors_node-7] [ERROR] [1762931366.675892142] [distance_sensors_node]: Ошибка в цикле чтения датчиков: [Errno 5] Input/output error
[distance_sensors_node-7] [ERROR] [1762931367.679902443] [distance_sensors_node]: Ошибка в цикле чтения датчиков: [Errno 5] Input/output error
[distance_sensors_node-7] [ERROR] [1762931368.684201818] [distance_sensors_node]: Ошибка в цикле чтения датчиков: [Errno 5] Input/output error
[distance_sensors_node-7] [ERROR] [1762931369.688049959] [distance_sensors_node]: Ошибка в цикле чтения датчиков: [Errno 5] Input/output error
[distance_sensors_node-7] [ERROR] [1762931370.692039766] [distance_sensors_node]: Ошибка в цикле чтения датчиков: [Errno 5] Input/output error
[doa_node-8] [INFO] [1762931371.690235852] [doa_node]: DOA угол: 55
[chassis_node-6] [INFO] [1762931371.695884263] [chassis_node]: Получена голосовая команда: "HEAD:CENTER"
[distance_sensors_node-7] [ERROR] [1762931371.696256425] [distance_sensors_node]: Ошибка в цикле чтения датчиков: [Errno 5] Input/output error
[chassis_node-6] [WARN] [1762931371.704100920] [chassis_node]: Chassis не подключен
[distance_sensors_node-7] [ERROR] [1762931372.700550770] [distance_sensors_node]: Ошибка в цикле чтения датчиков: [Errno 5] Input/output error
[distance_sensors_node-7] [ERROR] [1762931373.704651619] [distance_sensors_node]: Ошибка в цикле чтения датчиков: [Errno 5] Input/output error
[distance_sensors_node-7] [ERROR] [1762931374.710396172] [distance_sensors_node]: Ошибка в цикле чтения датчиков: [Errno 5] Input/output error
[distance_sensors_node-7] [ERROR] [1762931375.714541581] [distance_sensors_node]: Ошибка в цикле чтения датчиков: [Errno 5] Input/output error
[distance_sensors_node-7] [ERROR] [1762931376.719073023] [distance_sensors_node]: Ошибка в цикле чтения датчиков: [Errno 5] Input/output error
[distance_sensors_node-7] [ERROR] [1762931377.726832723] [distance_sensors_node]: Ошибка в цикле чтения датчиков: [Errno 5] Input/output error
[doa_node-8] [INFO] [1762931378.697321464] [doa_node]: DOA угол: 292
[chassis_node-6] [INFO] [1762931378.702377827] [chassis_node]: Получена голосовая команда: "HEAD:RIGHT"
[chassis_node-6] [WARN] [1762931378.708038979] [chassis_node]: Chassis не подключен
[distance_sensors_node-7] [ERROR] [1762931378.731652610] [distance_sensors_node]: Ошибка в цикле чтения датчиков: [Errno 5] Input/output error
[distance_sensors_node-7] [ERROR] [1762931379.735883877] [distance_sensors_node]: Ошибка в цикле чтения датчиков: [Errno 5] Input/output error
[distance_sensors_node-7] [ERROR] [1762931380.740158182] [distance_sensors_node]: Ошибка в цикле чтения датчиков: [Errno 5] Input/output error
[distance_sensors_node-7] [ERROR] [1762931381.743998438] [distance_sensors_node]: Ошибка в цикле чтения датчиков: [Errno 5] Input/output error
[distance_sensors_node-7] [ERROR] [1762931382.747777716] [distance_sensors_node]: Ошибка в цикле чтения датчиков: [Errno 5] Input/output error
[distance_sensors_node-7] [ERROR] [1762931383.751969547] [distance_sensors_node]: Ошибка в цикле чтения датчиков: [Errno 5] Input/output error
[distance_sensors_node-7] [ERROR] [1762931384.756267470] [distance_sensors_node]: Ошибка в цикле чтения датчиков: [Errno 5] Input/output error
[doa_node-8] [INFO] [1762931385.724083257] [doa_node]: DOA угол: 287
[distance_sensors_node-7] [ERROR] [1762931385.763067197] [distance_sensors_node]: Ошибка в цикле чтения датчиков: [Errno 5] Input/output error
[distance_sensors_node-7] [ERROR] [1762931386.768259632] [distance_sensors_node]: Ошибка в цикле чтения датчиков: [Errno 5] Input/output error
[distance_sensors_node-7] [ERROR] [1762931387.772244657] [distance_sensors_node]: Ошибка в цикле чтения датчиков: [Errno 5] Input/output error
[distance_sensors_node-7] [ERROR] [1762931388.778701821] [distance_sensors_node]: Ошибка в цикле чтения датчиков: [Errno 5] Input/output error
[distance_sensors_node-7] [ERROR] [1762931389.782627036] [distance_sensors_node]: Ошибка в цикле чтения датчиков: [Errno 5] Input/output error
[distance_sensors_node-7] [ERROR] [1762931390.786753602] [distance_sensors_node]: Ошибка в цикле чтения датчиков: [Errno 5] Input/output error
[distance_sensors_node-7] [ERROR] [1762931391.792121618] [distance_sensors_node]: Ошибка в цикле чтения датчиков: [Errno 5] Input/output error
[doa_node-8] [INFO] [1762931392.735444094] [doa_node]: DOA угол: 270
[distance_sensors_node-7] [ERROR] [1762931392.796211948] [distance_sensors_node]: Ошибка в цикле чтения датчиков: [Errno 5] Input/output error
[distance_sensors_node-7] [ERROR] [1762931393.800132801] [distance_sensors_node]: Ошибка в цикле чтения датчиков: [Errno 5] Input/output error
[distance_sensors_node-7] [ERROR] [1762931394.806992229] [distance_sensors_node]: Ошибка в цикле чтения датчиков: [Errno 5] Input/output error
[distance_sensors_node-7] [ERROR] [1762931395.811467949] [distance_sensors_node]: Ошибка в цикле чтения датчиков: [Errno 5] Input/output error
[distance_sensors_node-7] [ERROR] [1762931396.815439121] [distance_sensors_node]: Ошибка в цикле чтения датчиков: [Errno 5] Input/output error
[distance_sensors_node-7] [ERROR] [1762931397.819588478] [distance_sensors_node]: Ошибка в цикле чтения датчиков: [Errno 5] Input/output error
[distance_sensors_node-7] [ERROR] [1762931398.825270132] [distance_sensors_node]: Ошибка в цикле чтения датчиков: [Errno 5] Input/output error
[doa_node-8] [INFO] [1762931399.756406457] [doa_node]: DOA угол: 270
[distance_sensors_node-7] [ERROR] [1762931399.828338932] [distance_sensors_node]: Ошибка в цикле чтения датчиков: [Errno 5] Input/output error
[distance_sensors_node-7] [ERROR] [1762931400.832452480] [distance_sensors_node]: Ошибка в цикле чтения датчиков: [Errno 5] Input/output error
[distance_sensors_node-7] [ERROR] [1762931401.836793805] [distance_sensors_node]: Ошибка в цикле чтения датчиков: [Errno 5] Input/output error
[distance_sensors_node-7] [ERROR] [1762931402.840744785] [distance_sensors_node]: Ошибка в цикле чтения датчиков: [Errno 5] Input/output error
[distance_sensors_node-7] [ERROR] [1762931403.848374184] [distance_sensors_node]: Ошибка в цикле чтения датчиков: [Errno 5] Input/output error
[distance_sensors_node-7] [ERROR] [1762931404.852308056] [distance_sensors_node]: Ошибка в цикле чтения датчиков: [Errno 5] Input/output error
[distance_sensors_node-7] [ERROR] [1762931405.856600018] [distance_sensors_node]: Ошибка в цикле чтения датчиков: [Errno 5] Input/output error
[doa_node-8] [INFO] [1762931406.763586451] [doa_node]: DOA угол: 270
[distance_sensors_node-7] [ERROR] [1762931406.860628338] [distance_sensors_node]: Ошибка в цикле чтения датчиков: [Errno 5] Input/output error
[distance_sensors_node-7] [ERROR] [1762931407.864140610] [distance_sensors_node]: Ошибка в цикле чтения датчиков: [Errno 5] Input/output error
[distance_sensors_node-7] [ERROR] [1762931408.867705735] [distance_sensors_node]: Ошибка в цикле чтения датчиков: [Errno 5] Input/output error
[distance_sensors_node-7] [ERROR] [1762931409.871331324] [distance_sensors_node]: Ошибка в цикле чтения датчиков: [Errno 5] Input/output error
[distance_sensors_node-7] [ERROR] [1762931410.875180430] [distance_sensors_node]: Ошибка в цикле чтения датчиков: [Errno 5] Input/output error
[distance_sensors_node-7] [ERROR] [1762931411.880743295] [distance_sensors_node]: Ошибка в цикле чтения датчиков: [Errno 5] Input/output error
[distance_sensors_node-7] [ERROR] [1762931412.887332853] [distance_sensors_node]: Ошибка в цикле чтения датчиков: [Errno 5] Input/output error
[doa_node-8] [INFO] [1762931413.771501191] [doa_node]: DOA угол: 37
[chassis_node-6] [INFO] [1762931413.776926624] [chassis_node]: Получена голосовая команда: "HEAD:CENTER"
[chassis_node-6] [WARN] [1762931413.787174811] [chassis_node]: Chassis не подключен
[distance_sensors_node-7] [ERROR] [1762931413.894205594] [distance_sensors_node]: Ошибка в цикле чтения датчиков: [Errno 5] Input/output error
[distance_sensors_node-7] [ERROR] [1762931414.898631496] [distance_sensors_node]: Ошибка в цикле чтения датчиков: [Errno 5] Input/output error
[distance_sensors_node-7] [ERROR] [1762931415.902982439] [distance_sensors_node]: Ошибка в цикле чтения датчиков: [Errno 5] Input/output error
[distance_sensors_node-7] [ERROR] [1762931416.907871099] [distance_sensors_node]: Ошибка в цикле чтения датчиков: [Errno 5] Input/output error
[distance_sensors_node-7] [ERROR] [1762931417.911976567] [distance_sensors_node]: Ошибка в цикле чтения датчиков: [Errno 5] Input/output error
[distance_sensors_node-7] [ERROR] [1762931418.916307644] [distance_sensors_node]: Ошибка в цикле чтения датчиков: [Errno 5] Input/output error
[distance_sensors_node-7] [ERROR] [1762931419.920270525] [distance_sensors_node]: Ошибка в цикле чтения датчиков: [Errno 5] Input/output error
[doa_node-8] [INFO] [1762931420.779346981] [doa_node]: DOA угол: 38
[distance_sensors_node-7] [ERROR] [1762931420.924955157] [distance_sensors_node]: Ошибка в цикле чтения датчиков: [Errno 5] Input/output error
[distance_sensors_node-7] [ERROR] [1762931421.928917856] [distance_sensors_node]: Ошибка в цикле чтения датчиков: [Errno 5] Input/output error
[distance_sensors_node-7] [ERROR] [1762931422.932537024] [distance_sensors_node]: Ошибка в цикле чтения датчиков: [Errno 5] Input/output error
[distance_sensors_node-7] [ERROR] [1762931423.936434597] [distance_sensors_node]: Ошибка в цикле чтения датчиков: [Errno 5] Input/output error
[distance_sensors_node-7] [ERROR] [1762931424.940348598] [distance_sensors_node]: Ошибка в цикле чтения датчиков: [Errno 5] Input/output error
[distance_sensors_node-7] [ERROR] [1762931425.944704651] [distance_sensors_node]: Ошибка в цикле чтения датчиков: [Errno 5] Input/output error
[distance_sensors_node-7] [ERROR] [1762931426.948065458] [distance_sensors_node]: Ошибка в цикле чтения датчиков: [Errno 5] Input/output error
[doa_node-8] [INFO] [1762931427.786936657] [doa_node]: DOA угол: 270
[chassis_node-6] [INFO] [1762931427.790477132] [chassis_node]: Получена голосовая команда: "HEAD:RIGHT"
[chassis_node-6] [WARN] [1762931427.794449194] [chassis_node]: Chassis не подключен
[distance_sensors_node-7] [ERROR] [1762931427.951934909] [distance_sensors_node]: Ошибка в цикле чтения датчиков: [Errno 5] Input/output error
[distance_sensors_node-7] [ERROR] [1762931428.957696283] [distance_sensors_node]: Ошибка в цикле чтения датчиков: [Errno 5] Input/output error
[distance_sensors_node-7] [ERROR] [1762931429.961811772] [distance_sensors_node]: Ошибка в цикле чтения датчиков: [Errno 5] Input/output error
[distance_sensors_node-7] [ERROR] [1762931430.965407731] [distance_sensors_node]: Ошибка в цикле чтения датчиков: [Errno 5] Input/output error
[distance_sensors_node-7] [ERROR] [1762931431.969440743] [distance_sensors_node]: Ошибка в цикле чтения датчиков: [Errno 5] Input/output error
[distance_sensors_node-7] [ERROR] [1762931432.973863862] [distance_sensors_node]: Ошибка в цикле чтения датчиков: [Errno 5] Input/output error
[distance_sensors_node-7] [ERROR] [1762931433.978137041] [distance_sensors_node]: Ошибка в цикле чтения датчиков: [Errno 5] Input/output error
[doa_node-8] [INFO] [1762931434.793684465] [doa_node]: DOA угол: 301
[distance_sensors_node-7] [ERROR] [1762931434.981787544] [distance_sensors_node]: Ошибка в цикле чтения датчиков: [Errno 5] Input/output error
[distance_sensors_node-7] [ERROR] [1762931435.985446882] [distance_sensors_node]: Ошибка в цикле чтения датчиков: [Errno 5] Input/output error
[distance_sensors_node-7] [ERROR] [1762931436.989088184] [distance_sensors_node]: Ошибка в цикле чтения датчиков: [Errno 5] Input/output error
[distance_sensors_node-7] [ERROR] [1762931437.992132570] [distance_sensors_node]: Ошибка в цикле чтения датчиков: [Errno 5] Input/output error
[distance_sensors_node-7] [ERROR] [1762931438.995893764] [distance_sensors_node]: Ошибка в цикле чтения датчиков: [Errno 5] Input/output error
[distance_sensors_node-7] [ERROR] [1762931440.000916221] [distance_sensors_node]: Ошибка в цикле чтения датчиков: [Errno 5] Input/output error
[distance_sensors_node-7] [ERROR] [1762931441.004153073] [distance_sensors_node]: Ошибка в цикле чтения датчиков: [Errno 5] Input/output error
[doa_node-8] [INFO] [1762931441.801716247] [doa_node]: DOA угол: 305
[distance_sensors_node-7] [ERROR] [1762931442.007775458] [distance_sensors_node]: Ошибка в цикле чтения датчиков: [Errno 5] Input/output error
[distance_sensors_node-7] [ERROR] [1762931443.011591065] [distance_sensors_node]: Ошибка в цикле чтения датчиков: [Errno 5] Input/output error
[distance_sensors_node-7] [ERROR] [1762931444.015272657] [distance_sensors_node]: Ошибка в цикле чтения датчиков: [Errno 5] Input/output error
[distance_sensors_node-7] [ERROR] [1762931445.019033731] [distance_sensors_node]: Ошибка в цикле чтения датчиков: [Errno 5] Input/output error
[distance_sensors_node-7] [ERROR] [1762931446.022734826] [distance_sensors_node]: Ошибка в цикле чтения датчиков: [Errno 5] Input/output error
[distance_sensors_node-7] [ERROR] [1762931447.027051767] [distance_sensors_node]: Ошибка в цикле чтения датчиков: [Errno 5] Input/output error
[distance_sensors_node-7] [ERROR] [1762931448.032163811] [distance_sensors_node]: Ошибка в цикле чтения датчиков: [Errno 5] Input/output error
[doa_node-8] [INFO] [1762931448.809412838] [doa_node]: DOA угол: 306
[distance_sensors_node-7] [ERROR] [1762931449.035715394] [distance_sensors_node]: Ошибка в цикле чтения датчиков: [Errno 5] Input/output error
[distance_sensors_node-7] [ERROR] [1762931450.039980619] [distance_sensors_node]: Ошибка в цикле чтения датчиков: [Errno 5] Input/output error
[distance_sensors_node-7] [ERROR] [1762931451.043960441] [distance_sensors_node]: Ошибка в цикле чтения датчиков: [Errno 5] Input/output error
[distance_sensors_node-7] [ERROR] [1762931452.047642046] [distance_sensors_node]: Ошибка в цикле чтения датчиков: [Errno 5] Input/output error
[distance_sensors_node-7] [ERROR] [1762931453.051250302] [distance_sensors_node]: Ошибка в цикле чтения датчиков: [Errno 5] Input/output error
[distance_sensors_node-7] [ERROR] [1762931454.055015187] [distance_sensors_node]: Ошибка в цикле чтения датчиков: [Errno 5] Input/output error
[distance_sensors_node-7] [ERROR] [1762931455.059993356] [distance_sensors_node]: Ошибка в цикле чтения датчиков: [Errno 5] Input/output error
[doa_node-8] [INFO] [1762931455.817242361] [doa_node]: DOA угол: 69
[chassis_node-6] [INFO] [1762931455.821605474] [chassis_node]: Получена голосовая команда: "HEAD:CENTER"
[chassis_node-6] [WARN] [1762931455.824243460] [chassis_node]: Chassis не подключен
[distance_sensors_node-7] [ERROR] [1762931456.064901286] [distance_sensors_node]: Ошибка в цикле чтения датчиков: [Errno 5] Input/output error
[distance_sensors_node-7] [ERROR] [1762931457.068607343] [distance_sensors_node]: Ошибка в цикле чтения датчиков: [Errno 5] Input/output error
[distance_sensors_node-7] [ERROR] [1762931458.072412975] [distance_sensors_node]: Ошибка в цикле чтения датчиков: [Errno 5] Input/output error
[distance_sensors_node-7] [ERROR] [1762931459.076290627] [distance_sensors_node]: Ошибка в цикле чтения датчиков: [Errno 5] Input/output error
[distance_sensors_node-7] [ERROR] [1762931460.080305389] [distance_sensors_node]: Ошибка в цикле чтения датчиков: [Errno 5] Input/output error
[distance_sensors_node-7] [ERROR] [1762931461.084109378] [distance_sensors_node]: Ошибка в цикле чтения датчиков: [Errno 5] Input/output error
[distance_sensors_node-7] [ERROR] [1762931462.088628452] [distance_sensors_node]: Ошибка в цикле чтения датчиков: [Errno 5] Input/output error
[doa_node-8] [INFO] [1762931462.828988489] [doa_node]: DOA угол: 0
[chassis_node-6] [INFO] [1762931462.835667795] [chassis_node]: Получена голосовая команда: "HEAD:RIGHT"
[chassis_node-6] [WARN] [1762931462.840462514] [chassis_node]: Chassis не подключен
[distance_sensors_node-7] [ERROR] [1762931463.092068226] [distance_sensors_node]: Ошибка в цикле чтения датчиков: [Errno 5] Input/output error
[distance_sensors_node-7] [ERROR] [1762931464.095967700] [distance_sensors_node]: Ошибка в цикле чтения датчиков: [Errno 5] Input/output error
[distance_sensors_node-7] [ERROR] [1762931465.100621130] [distance_sensors_node]: Ошибка в цикле чтения датчиков: [Errno 5] Input/output error
[distance_sensors_node-7] [ERROR] [1762931466.105566538] [distance_sensors_node]: Ошибка в цикле чтения датчиков: [Errno 5] Input/output error
[distance_sensors_node-7] [ERROR] [1762931467.109229409] [distance_sensors_node]: Ошибка в цикле чтения датчиков: [Errno 5] Input/output error
[distance_sensors_node-7] [ERROR] [1762931468.112358103] [distance_sensors_node]: Ошибка в цикле чтения датчиков: [Errno 5] Input/output error
[distance_sensors_node-7] [ERROR] [1762931469.116127901] [distance_sensors_node]: Ошибка в цикле чтения датчиков: [Errno 5] Input/output error
[doa_node-8] [INFO] [1762931469.850368411] [doa_node]: DOA угол: 88
[chassis_node-6] [INFO] [1762931469.854941984] [chassis_node]: Получена голосовая команда: "HEAD:CENTER"
[chassis_node-6] [WARN] [1762931469.858418015] [chassis_node]: Chassis не подключен
[distance_sensors_node-7] [ERROR] [1762931470.119831147] [distance_sensors_node]: Ошибка в цикле чтения датчиков: [Errno 5] Input/output error
[distance_sensors_node-7] [ERROR] [1762931471.124925191] [distance_sensors_node]: Ошибка в цикле чтения датчиков: [Errno 5] Input/output error
[distance_sensors_node-7] [ERROR] [1762931472.128543793] [distance_sensors_node]: Ошибка в цикле чтения датчиков: [Errno 5] Input/output error
[distance_sensors_node-7] [ERROR] [1762931473.132342412] [distance_sensors_node]: Ошибка в цикле чтения датчиков: [Errno 5] Input/output error
[distance_sensors_node-7] [ERROR] [1762931474.136202310] [distance_sensors_node]: Ошибка в цикле чтения датчиков: [Errno 5] Input/output error
[distance_sensors_node-7] [ERROR] [1762931475.139842045] [distance_sensors_node]: Ошибка в цикле чтения датчиков: [Errno 5] Input/output error
[distance_sensors_node-7] [ERROR] [1762931476.143971387] [distance_sensors_node]: Ошибка в цикле чтения датчиков: [Errno 5] Input/output error
[doa_node-8] [INFO] [1762931476.859836446] [doa_node]: DOA угол: 90
[distance_sensors_node-7] [ERROR] [1762931477.149706286] [distance_sensors_node]: Ошибка в цикле чтения датчиков: [Errno 5] Input/output error
[distance_sensors_node-7] [ERROR] [1762931478.154249793] [distance_sensors_node]: Ошибка в цикле чтения датчиков: [Errno 5] Input/output error
[distance_sensors_node-7] [ERROR] [1762931479.157767240] [distance_sensors_node]: Ошибка в цикле чтения датчиков: [Errno 5] Input/output error
[distance_sensors_node-7] [ERROR] [1762931480.161397279] [distance_sensors_node]: Ошибка в цикле чтения датчиков: [Errno 5] Input/output error
[distance_sensors_node-7] [ERROR] [1762931481.164511494] [distance_sensors_node]: Ошибка в цикле чтения датчиков: [Errno 5] Input/output error
[distance_sensors_node-7] [ERROR] [1762931482.168022057] [distance_sensors_node]: Ошибка в цикле чтения датчиков: [Errno 5] Input/output error
[distance_sensors_node-7] [ERROR] [1762931483.173296359] [distance_sensors_node]: Ошибка в цикле чтения датчиков: [Errno 5] Input/output error
[doa_node-8] [INFO] [1762931483.865496253] [doa_node]: DOA угол: 270
[chassis_node-6] [INFO] [1762931483.869238448] [chassis_node]: Получена голосовая команда: "HEAD:RIGHT"
[chassis_node-6] [WARN] [1762931483.872269374] [chassis_node]: Chassis не подключен
[distance_sensors_node-7] [ERROR] [1762931484.176274339] [distance_sensors_node]: Ошибка в цикле чтения датчиков: [Errno 5] Input/output error
[distance_sensors_node-7] [ERROR] [1762931485.180182716] [distance_sensors_node]: Ошибка в цикле чтения датчиков: [Errno 5] Input/output error
[distance_sensors_node-7] [ERROR] [1762931486.184896437] [distance_sensors_node]: Ошибка в цикле чтения датчиков: [Errno 5] Input/output error
[distance_sensors_node-7] [ERROR] [1762931487.189724103] [distance_sensors_node]: Ошибка в цикле чтения датчиков: [Errno 5] Input/output error
[distance_sensors_node-7] [ERROR] [1762931488.193149176] [distance_sensors_node]: Ошибка в цикле чтения датчиков: [Errno 5] Input/output error
[distance_sensors_node-7] [ERROR] [1762931489.196681305] [distance_sensors_node]: Ошибка в цикле чтения датчиков: [Errno 5] Input/output error
[distance_sensors_node-7] [ERROR] [1762931490.200273417] [distance_sensors_node]: Ошибка в цикле чтения датчиков: [Errno 5] Input/output error
[doa_node-8] [INFO] [1762931490.873466552] [doa_node]: DOA угол: 270
[distance_sensors_node-7] [ERROR] [1762931491.204051398] [distance_sensors_node]: Ошибка в цикле чтения датчиков: [Errno 5] Input/output error
[distance_sensors_node-7] [ERROR] [1762931492.207716252] [distance_sensors_node]: Ошибка в цикле чтения датчиков: [Errno 5] Input/output error
[distance_sensors_node-7] [ERROR] [1762931493.211309349] [distance_sensors_node]: Ошибка в цикле чтения датчиков: [Errno 5] Input/output error
[distance_sensors_node-7] [ERROR] [1762931494.214916837] [distance_sensors_node]: Ошибка в цикле чтения датчиков: [Errno 5] Input/output error
[distance_sensors_node-7] [ERROR] [1762931495.219338094] [distance_sensors_node]: Ошибка в цикле чтения датчиков: [Errno 5] Input/output error
[distance_sensors_node-7] [ERROR] [1762931496.223280766] [distance_sensors_node]: Ошибка в цикле чтения датчиков: [Errno 5] Input/output error
[distance_sensors_node-7] [ERROR] [1762931497.226866888] [distance_sensors_node]: Ошибка в цикле чтения датчиков: [Errno 5] Input/output error
[doa_node-8] [INFO] [1762931497.881511573] [doa_node]: DOA угол: 94
[chassis_node-6] [INFO] [1762931497.886166979] [chassis_node]: Получена голосовая команда: "HEAD:CENTER"
[chassis_node-6] [WARN] [1762931497.889309051] [chassis_node]: Chassis не подключен
[distance_sensors_node-7] [ERROR] [1762931498.230641269] [distance_sensors_node]: Ошибка в цикле чтения датчиков: [Errno 5] Input/output error
[distance_sensors_node-7] [ERROR] [1762931499.235169864] [distance_sensors_node]: Ошибка в цикле чтения датчиков: [Errno 5] Input/output error
[distance_sensors_node-7] [ERROR] [1762931500.240387692] [distance_sensors_node]: Ошибка в цикле чтения датчиков: [Errno 5] Input/output error
[distance_sensors_node-7] [ERROR] [1762931501.245370766] [distance_sensors_node]: Ошибка в цикле чтения датчиков: [Errno 5] Input/output error
[distance_sensors_node-7] [ERROR] [1762931502.250588821] [distance_sensors_node]: Ошибка в цикле чтения датчиков: [Errno 5] Input/output error
[distance_sensors_node-7] [ERROR] [1762931503.254631057] [distance_sensors_node]: Ошибка в цикле чтения датчиков: [Errno 5] Input/output error
[distance_sensors_node-7] [ERROR] [1762931504.258408502] [distance_sensors_node]: Ошибка в цикле чтения датчиков: [Errno 5] Input/output error
[doa_node-8] [INFO] [1762931504.892572131] [doa_node]: DOA угол: 90
[distance_sensors_node-7] [ERROR] [1762931505.262944440] [distance_sensors_node]: Ошибка в цикле чтения датчиков: [Errno 5] Input/output error
[distance_sensors_node-7] [ERROR] [1762931506.266576167] [distance_sensors_node]: Ошибка в цикле чтения датчиков: [Errno 5] Input/output error
[distance_sensors_node-7] [ERROR] [1762931507.270198137] [distance_sensors_node]: Ошибка в цикле чтения датчиков: [Errno 5] Input/output error
[distance_sensors_node-7] [ERROR] [1762931508.274176290] [distance_sensors_node]: Ошибка в цикле чтения датчиков: [Errno 5] Input/output error
[distance_sensors_node-7] [ERROR] [1762931509.278735196] [distance_sensors_node]: Ошибка в цикле чтения датчиков: [Errno 5] Input/output error
[distance_sensors_node-7] [ERROR] [1762931510.284280276] [distance_sensors_node]: Ошибка в цикле чтения датчиков: [Errno 5] Input/output error
[distance_sensors_node-7] [ERROR] [1762931511.288475208] [distance_sensors_node]: Ошибка в цикле чтения датчиков: [Errno 5] Input/output error
[doa_node-8] [INFO] [1762931511.899763031] [doa_node]: DOA угол: 261
[chassis_node-6] [INFO] [1762931511.904422603] [chassis_node]: Получена голосовая команда: "HEAD:LEFT"
[chassis_node-6] [WARN] [1762931511.908247630] [chassis_node]: Chassis не подключен
[distance_sensors_node-7] [ERROR] [1762931512.292172740] [distance_sensors_node]: Ошибка в цикле чтения датчиков: [Errno 5] Input/output error
[distance_sensors_node-7] [ERROR] [1762931513.296119845] [distance_sensors_node]: Ошибка в цикле чтения датчиков: [Errno 5] Input/output error
[distance_sensors_node-7] [ERROR] [1762931514.300312355] [distance_sensors_node]: Ошибка в цикле чтения датчиков: [Errno 5] Input/output error
[distance_sensors_node-7] [ERROR] [1762931515.304230074] [distance_sensors_node]: Ошибка в цикле чтения датчиков: [Errno 5] Input/output error
[distance_sensors_node-7] [ERROR] [1762931516.308230830] [distance_sensors_node]: Ошибка в цикле чтения датчиков: [Errno 5] Input/output error
[distance_sensors_node-7] [ERROR] [1762931517.313423888] [distance_sensors_node]: Ошибка в цикле чтения датчиков: [Errno 5] Input/output error
[doa_node-8] [INFO] [1762931518.905805016] [doa_node]: DOA угол: 90
[chassis_node-6] [INFO] [1762931518.909967076] [chassis_node]: Получена голосовая команда: "HEAD:CENTER"
[chassis_node-6] [WARN] [1762931518.913099186] [chassis_node]: Chassis не подключен
[distance_sensors_node-7] [ERROR] [1762931518.964958625] [distance_sensors_node]: Ошибка в цикле чтения датчиков: [Errno 5] Input/output error
[distance_sensors_node-7] [ERROR] [1762931519.968299877] [distance_sensors_node]: Ошибка в цикле чтения датчиков: [Errno 5] Input/output error
[distance_sensors_node-7] [ERROR] [1762931520.972010477] [distance_sensors_node]: Ошибка в цикле чтения датчиков: [Errno 5] Input/output error
[distance_sensors_node-7] [ERROR] [1762931521.975901391] [distance_sensors_node]: Ошибка в цикле чтения датчиков: [Errno 5] Input/output error
[distance_sensors_node-7] [ERROR] [1762931522.979826435] [distance_sensors_node]: Ошибка в цикле чтения датчиков: [Errno 5] Input/output error
[distance_sensors_node-7] [ERROR] [1762931523.983736482] [distance_sensors_node]: Ошибка в цикле чтения датчиков: [Errno 5] Input/output error
[distance_sensors_node-7] [ERROR] [1762931524.987905638] [distance_sensors_node]: Ошибка в цикле чтения датчиков: [Errno 5] Input/output error
[doa_node-8] [INFO] [1762931525.914340042] [doa_node]: DOA угол: 284
[chassis_node-6] [INFO] [1762931525.918713692] [chassis_node]: Получена голосовая команда: "HEAD:RIGHT"
[chassis_node-6] [WARN] [1762931525.924755322] [chassis_node]: Chassis не подключен
[distance_sensors_node-7] [ERROR] [1762931525.991973555] [distance_sensors_node]: Ошибка в цикле чтения датчиков: [Errno 5] Input/output error
[distance_sensors_node-7] [ERROR] [1762931526.996445988] [distance_sensors_node]: Ошибка в цикле чтения датчиков: [Errno 5] Input/output error
[distance_sensors_node-7] [ERROR] [1762931528.001286640] [distance_sensors_node]: Ошибка в цикле чтения датчиков: [Errno 5] Input/output error
[distance_sensors_node-7] [ERROR] [1762931529.004618719] [distance_sensors_node]: Ошибка в цикле чтения датчиков: [Errno 5] Input/output error
[distance_sensors_node-7] [ERROR] [1762931530.010343215] [distance_sensors_node]: Ошибка в цикле чтения датчиков: [Errno 5] Input/output error
[distance_sensors_node-7] [ERROR] [1762931531.014237197] [distance_sensors_node]: Ошибка в цикле чтения датчиков: [Errno 5] Input/output error
[distance_sensors_node-7] [ERROR] [1762931532.020398894] [distance_sensors_node]: Ошибка в цикле чтения датчиков: [Errno 5] Input/output error
[doa_node-8] [INFO] [1762931532.924078197] [doa_node]: DOA угол: 278
[distance_sensors_node-7] [ERROR] [1762931533.024341194] [distance_sensors_node]: Ошибка в цикле чтения датчиков: [Errno 5] Input/output error
[distance_sensors_node-7] [ERROR] [1762931534.028166274] [distance_sensors_node]: Ошибка в цикле чтения датчиков: [Errno 5] Input/output error
[distance_sensors_node-7] [ERROR] [1762931535.033280377] [distance_sensors_node]: Ошибка в цикле чтения датчиков: [Errno 5] Input/output error
[distance_sensors_node-7] [ERROR] [1762931536.036190989] [distance_sensors_node]: Ошибка в цикле чтения датчиков: [Errno 5] Input/output error
[distance_sensors_node-7] [ERROR] [1762931537.041516000] [distance_sensors_node]: Ошибка в цикле чтения датчиков: [Errno 5] Input/output error
[distance_sensors_node-7] [ERROR] [1762931538.045965004] [distance_sensors_node]: Ошибка в цикле чтения датчиков: [Errno 5] Input/output error
[distance_sensors_node-7] [ERROR] [1762931539.051204685] [distance_sensors_node]: Ошибка в цикле чтения датчиков: [Errno 5] Input/output error
[doa_node-8] [INFO] [1762931539.930050430] [doa_node]: DOA угол: 270
[distance_sensors_node-7] [ERROR] [1762931540.055306030] [distance_sensors_node]: Ошибка в цикле чтения датчиков: [Errno 5] Input/output error
[distance_sensors_node-7] [ERROR] [1762931541.059419301] [distance_sensors_node]: Ошибка в цикле чтения датчиков: [Errno 5] Input/output error
[distance_sensors_node-7] [ERROR] [1762931542.063266689] [distance_sensors_node]: Ошибка в цикле чтения датчиков: [Errno 5] Input/output error
[distance_sensors_node-7] [ERROR] [1762931543.067247891] [distance_sensors_node]: Ошибка в цикле чтения датчиков: [Errno 5] Input/output error
[distance_sensors_node-7] [ERROR] [1762931544.071165706] [distance_sensors_node]: Ошибка в цикле чтения датчиков: [Errno 5] Input/output error
[distance_sensors_node-7] [ERROR] [1762931545.075469796] [distance_sensors_node]: Ошибка в цикле чтения датчиков: [Errno 5] Input/output error
[distance_sensors_node-7] [ERROR] [1762931546.079782886] [distance_sensors_node]: Ошибка в цикле чтения датчиков: [Errno 5] Input/output error
[doa_node-8] [INFO] [1762931546.940608267] [doa_node]: DOA угол: 270
[distance_sensors_node-7] [ERROR] [1762931547.085206484] [distance_sensors_node]: Ошибка в цикле чтения датчиков: [Errno 5] Input/output error
[distance_sensors_node-7] [ERROR] [1762931548.089866221] [distance_sensors_node]: Ошибка в цикле чтения датчиков: [Errno 5] Input/output error
[distance_sensors_node-7] [ERROR] [1762931549.095839963] [distance_sensors_node]: Ошибка в цикле чтения датчиков: [Errno 5] Input/output error
[distance_sensors_node-7] [ERROR] [1762931550.100141504] [distance_sensors_node]: Ошибка в цикле чтения датчиков: [Errno 5] Input/output error
[distance_sensors_node-7] [ERROR] [1762931551.104337974] [distance_sensors_node]: Ошибка в цикле чтения датчиков: [Errno 5] Input/output error
[distance_sensors_node-7] [ERROR] [1762931552.109009494] [distance_sensors_node]: Ошибка в цикле чтения датчиков: [Errno 5] Input/output error
[distance_sensors_node-7] [ERROR] [1762931553.113138708] [distance_sensors_node]: Ошибка в цикле чтения датчиков: [Errno 5] Input/output error
[doa_node-8] [INFO] [1762931553.947955674] [doa_node]: DOA угол: 270
[distance_sensors_node-7] [ERROR] [1762931554.117909527] [distance_sensors_node]: Ошибка в цикле чтения датчиков: [Errno 5] Input/output error
[distance_sensors_node-7] [ERROR] [1762931555.121662804] [distance_sensors_node]: Ошибка в цикле чтения датчиков: [Errno 5] Input/output error
[distance_sensors_node-7] [ERROR] [1762931556.127463390] [distance_sensors_node]: Ошибка в цикле чтения датчиков: [Errno 5] Input/output error
[distance_sensors_node-7] [ERROR] [1762931557.131725571] [distance_sensors_node]: Ошибка в цикле чтения датчиков: [Errno 5] Input/output error
[distance_sensors_node-7] [ERROR] [1762931558.138622813] [distance_sensors_node]: Ошибка в цикле чтения датчиков: [Errno 5] Input/output error
[distance_sensors_node-7] [ERROR] [1762931559.144234850] [distance_sensors_node]: Ошибка в цикле чтения датчиков: [Errno 5] Input/output error
[distance_sensors_node-7] [ERROR] [1762931560.148521702] [distance_sensors_node]: Ошибка в цикле чтения датчиков: [Errno 5] Input/output error
[doa_node-8] [INFO] [1762931560.954563100] [doa_node]: DOA угол: 270
[distance_sensors_node-7] [ERROR] [1762931561.152240876] [distance_sensors_node]: Ошибка в цикле чтения датчиков: [Errno 5] Input/output error
[distance_sensors_node-7] [ERROR] [1762931562.156676802] [distance_sensors_node]: Ошибка в цикле чтения датчиков: [Errno 5] Input/output error
[distance_sensors_node-7] [ERROR] [1762931563.160967175] [distance_sensors_node]: Ошибка в цикле чтения датчиков: [Errno 5] Input/output error
[distance_sensors_node-7] [ERROR] [1762931564.164343469] [distance_sensors_node]: Ошибка в цикле чтения датчиков: [Errno 5] Input/output error
[distance_sensors_node-7] [ERROR] [1762931565.168288423] [distance_sensors_node]: Ошибка в цикле чтения датчиков: [Errno 5] Input/output error
[distance_sensors_node-7] [ERROR] [1762931566.171897013] [distance_sensors_node]: Ошибка в цикле чтения датчиков: [Errno 5] Input/output error
[distance_sensors_node-7] [ERROR] [1762931567.175797452] [distance_sensors_node]: Ошибка в цикле чтения датчиков: [Errno 5] Input/output error
[doa_node-8] [INFO] [1762931567.964344737] [doa_node]: DOA угол: 90
[chassis_node-6] [INFO] [1762931567.968127524] [chassis_node]: Получена голосовая команда: "HEAD:CENTER"
[chassis_node-6] [WARN] [1762931567.971403114] [chassis_node]: Chassis не подключен
[distance_sensors_node-7] [ERROR] [1762931568.180539345] [distance_sensors_node]: Ошибка в цикле чтения датчиков: [Errno 5] Input/output error
[distance_sensors_node-7] [ERROR] [1762931569.184153790] [distance_sensors_node]: Ошибка в цикле чтения датчиков: [Errno 5] Input/output error
[distance_sensors_node-7] [ERROR] [1762931570.188342582] [distance_sensors_node]: Ошибка в цикле чтения датчиков: [Errno 5] Input/output error
[distance_sensors_node-7] [ERROR] [1762931571.192974332] [distance_sensors_node]: Ошибка в цикле чтения датчиков: [Errno 5] Input/output error
[distance_sensors_node-7] [ERROR] [1762931572.197042646] [distance_sensors_node]: Ошибка в цикле чтения датчиков: [Errno 5] Input/output error
[distance_sensors_node-7] [ERROR] [1762931573.200272731] [distance_sensors_node]: Ошибка в цикле чтения датчиков: [Errno 5] Input/output error
[distance_sensors_node-7] [ERROR] [1762931574.205295907] [distance_sensors_node]: Ошибка в цикле чтения датчиков: [Errno 5] Input/output error
[doa_node-8] [INFO] [1762931574.972016557] [doa_node]: DOA угол: 55
[distance_sensors_node-7] [ERROR] [1762931575.209265837] [distance_sensors_node]: Ошибка в цикле чтения датчиков: [Errno 5] Input/output error
[distance_sensors_node-7] [ERROR] [1762931576.213799280] [distance_sensors_node]: Ошибка в цикле чтения датчиков: [Errno 5] Input/output error
[distance_sensors_node-7] [ERROR] [1762931577.219108789] [distance_sensors_node]: Ошибка в цикле чтения датчиков: [Errno 5] Input/output error
[distance_sensors_node-7] [ERROR] [1762931578.223366053] [distance_sensors_node]: Ошибка в цикле чтения датчиков: [Errno 5] Input/output error
[distance_sensors_node-7] [ERROR] [1762931579.228221015] [distance_sensors_node]: Ошибка в цикле чтения датчиков: [Errno 5] Input/output error
[distance_sensors_node-7] [ERROR] [1762931580.232020658] [distance_sensors_node]: Ошибка в цикле чтения датчиков: [Errno 5] Input/output error
[distance_sensors_node-7] [ERROR] [1762931581.235943633] [distance_sensors_node]: Ошибка в цикле чтения датчиков: [Errno 5] Input/output error
[doa_node-8] [INFO] [1762931581.980302952] [doa_node]: DOA угол: 302
[chassis_node-6] [INFO] [1762931581.984687472] [chassis_node]: Получена голосовая команда: "HEAD:RIGHT"
[chassis_node-6] [WARN] [1762931581.989064956] [chassis_node]: Chassis не подключен
[distance_sensors_node-7] [ERROR] [1762931582.239719908] [distance_sensors_node]: Ошибка в цикле чтения датчиков: [Errno 5] Input/output error
[distance_sensors_node-7] [ERROR] [1762931583.243722460] [distance_sensors_node]: Ошибка в цикле чтения датчиков: [Errno 5] Input/output error
[distance_sensors_node-7] [ERROR] [1762931584.247573810] [distance_sensors_node]: Ошибка в цикле чтения датчиков: [Errno 5] Input/output error
[distance_sensors_node-7] [ERROR] [1762931585.251736529] [distance_sensors_node]: Ошибка в цикле чтения датчиков: [Errno 5] Input/output error
[distance_sensors_node-7] [ERROR] [1762931586.256287855] [distance_sensors_node]: Ошибка в цикле чтения датчиков: [Errno 5] Input/output error
[distance_sensors_node-7] [ERROR] [1762931587.260513872] [distance_sensors_node]: Ошибка в цикле чтения датчиков: [Errno 5] Input/output error
[distance_sensors_node-7] [ERROR] [1762931588.264213637] [distance_sensors_node]: Ошибка в цикле чтения датчиков: [Errno 5] Input/output error
[doa_node-8] [INFO] [1762931589.004224589] [doa_node]: DOA угол: 321
[distance_sensors_node-7] [ERROR] [1762931589.270204579] [distance_sensors_node]: Ошибка в цикле чтения датчиков: [Errno 5] Input/output error
[distance_sensors_node-7] [ERROR] [1762931590.274499173] [distance_sensors_node]: Ошибка в цикле чтения датчиков: [Errno 5] Input/output error
[distance_sensors_node-7] [ERROR] [1762931591.278301293] [distance_sensors_node]: Ошибка в цикле чтения датчиков: [Errno 5] Input/output error
[distance_sensors_node-7] [ERROR] [1762931592.282421595] [distance_sensors_node]: Ошибка в цикле чтения датчиков: [Errno 5] Input/output error
[distance_sensors_node-7] [ERROR] [1762931593.286148458] [distance_sensors_node]: Ошибка в цикле чтения датчиков: [Errno 5] Input/output error
[distance_sensors_node-7] [ERROR] [1762931594.290297133] [distance_sensors_node]: Ошибка в цикле чтения датчиков: [Errno 5] Input/output error
[distance_sensors_node-7] [ERROR] [1762931595.294799601] [distance_sensors_node]: Ошибка в цикле чтения датчиков: [Errno 5] Input/output error
[doa_node-8] [INFO] [1762931596.012099798] [doa_node]: DOA угол: 217
[chassis_node-6] [INFO] [1762931596.016295062] [chassis_node]: Получена голосовая команда: "HEAD:LEFT"
[chassis_node-6] [WARN] [1762931596.019650151] [chassis_node]: Chassis не подключен
[distance_sensors_node-7] [ERROR] [1762931596.301661134] [distance_sensors_node]: Ошибка в цикле чтения датчиков: [Errno 5] Input/output error
[distance_sensors_node-7] [ERROR] [1762931597.305221949] [distance_sensors_node]: Ошибка в цикле чтения датчиков: [Errno 5] Input/output error
[distance_sensors_node-7] [ERROR] [1762931598.309070818] [distance_sensors_node]: Ошибка в цикле чтения датчиков: [Errno 5] Input/output error
[distance_sensors_node-7] [ERROR] [1762931599.313139925] [distance_sensors_node]: Ошибка в цикле чтения датчиков: [Errno 5] Input/output error
[distance_sensors_node-7] [ERROR] [1762931600.316620301] [distance_sensors_node]: Ошибка в цикле чтения датчиков: [Errno 5] Input/output error
[distance_sensors_node-7] [ERROR] [1762931601.320168047] [distance_sensors_node]: Ошибка в цикле чтения датчиков: [Errno 5] Input/output error
[distance_sensors_node-7] [ERROR] [1762931602.325513162] [distance_sensors_node]: Ошибка в цикле чтения датчиков: [Errno 5] Input/output error
[doa_node-8] [INFO] [1762931603.034207858] [doa_node]: DOA угол: 322
[chassis_node-6] [INFO] [1762931603.038502602] [chassis_node]: Получена голосовая команда: "HEAD:RIGHT"
[chassis_node-6] [WARN] [1762931603.043353729] [chassis_node]: Chassis не подключен
[distance_sensors_node-7] [ERROR] [1762931603.329372962] [distance_sensors_node]: Ошибка в цикле чтения датчиков: [Errno 5] Input/output error
[distance_sensors_node-7] [ERROR] [1762931604.332089333] [distance_sensors_node]: Ошибка в цикле чтения датчиков: [Errno 5] Input/output error
[distance_sensors_node-7] [ERROR] [1762931605.335798027] [distance_sensors_node]: Ошибка в цикле чтения датчиков: [Errno 5] Input/output error
[distance_sensors_node-7] [ERROR] [1762931606.339695349] [distance_sensors_node]: Ошибка в цикле чтения датчиков: [Errno 5] Input/output error
[distance_sensors_node-7] [ERROR] [1762931607.343784429] [distance_sensors_node]: Ошибка в цикле чтения датчиков: [Errno 5] Input/output error
[distance_sensors_node-7] [ERROR] [1762931608.347778086] [distance_sensors_node]: Ошибка в цикле чтения датчиков: [Errno 5] Input/output error
[distance_sensors_node-7] [ERROR] [1762931609.351457952] [distance_sensors_node]: Ошибка в цикле чтения датчиков: [Errno 5] Input/output error
[doa_node-8] [INFO] [1762931610.042163150] [doa_node]: DOA угол: 322
[distance_sensors_node-7] [ERROR] [1762931610.355388760] [distance_sensors_node]: Ошибка в цикле чтения датчиков: [Errno 5] Input/output error
[distance_sensors_node-7] [ERROR] [1762931611.359805174] [distance_sensors_node]: Ошибка в цикле чтения датчиков: [Errno 5] Input/output error
[distance_sensors_node-7] [ERROR] [1762931612.363682263] [distance_sensors_node]: Ошибка в цикле чтения датчиков: [Errno 5] Input/output error
[distance_sensors_node-7] [ERROR] [1762931613.367589335] [distance_sensors_node]: Ошибка в цикле чтения датчиков: [Errno 5] Input/output error
[distance_sensors_node-7] [ERROR] [1762931614.371508148] [distance_sensors_node]: Ошибка в цикле чтения датчиков: [Errno 5] Input/output error
[distance_sensors_node-7] [ERROR] [1762931615.375476684] [distance_sensors_node]: Ошибка в цикле чтения датчиков: [Errno 5] Input/output error
[distance_sensors_node-7] [ERROR] [1762931616.379305389] [distance_sensors_node]: Ошибка в цикле чтения датчиков: [Errno 5] Input/output error
[doa_node-8] [INFO] [1762931617.050118483] [doa_node]: DOA угол: 218
[chassis_node-6] [INFO] [1762931617.053400054] [chassis_node]: Получена голосовая команда: "HEAD:LEFT"
[chassis_node-6] [WARN] [1762931617.056242668] [chassis_node]: Chassis не подключен
[distance_sensors_node-7] [ERROR] [1762931617.383190891] [distance_sensors_node]: Ошибка в цикле чтения датчиков: [Errno 5] Input/output error
[distance_sensors_node-7] [ERROR] [1762931618.386976229] [distance_sensors_node]: Ошибка в цикле чтения датчиков: [Errno 5] Input/output error
[distance_sensors_node-7] [ERROR] [1762931619.392109663] [distance_sensors_node]: Ошибка в цикле чтения датчиков: [Errno 5] Input/output error
[distance_sensors_node-7] [ERROR] [1762931620.396307203] [distance_sensors_node]: Ошибка в цикле чтения датчиков: [Errno 5] Input/output error
[distance_sensors_node-7] [ERROR] [1762931621.400009045] [distance_sensors_node]: Ошибка в цикле чтения датчиков: [Errno 5] Input/output error
[distance_sensors_node-7] [ERROR] [1762931622.403772592] [distance_sensors_node]: Ошибка в цикле чтения датчиков: [Errno 5] Input/output error
[distance_sensors_node-7] [ERROR] [1762931623.408053597] [distance_sensors_node]: Ошибка в цикле чтения датчиков: [Errno 5] Input/output error
[doa_node-8] [INFO] [1762931624.058800920] [doa_node]: DOA угол: 218
[distance_sensors_node-7] [ERROR] [1762931624.412030458] [distance_sensors_node]: Ошибка в цикле чтения датчиков: [Errno 5] Input/output error
[distance_sensors_node-7] [ERROR] [1762931625.415898618] [distance_sensors_node]: Ошибка в цикле чтения датчиков: [Errno 5] Input/output error
[distance_sensors_node-7] [ERROR] [1762931626.419952481] [distance_sensors_node]: Ошибка в цикле чтения датчиков: [Errno 5] Input/output error
[distance_sensors_node-7] [ERROR] [1762931627.423920568] [distance_sensors_node]: Ошибка в цикле чтения датчиков: [Errno 5] Input/output error
[distance_sensors_node-7] [ERROR] [1762931628.427939730] [distance_sensors_node]: Ошибка в цикле чтения датчиков: [Errno 5] Input/output error
[distance_sensors_node-7] [ERROR] [1762931629.435356945] [distance_sensors_node]: Ошибка в цикле чтения датчиков: [Errno 5] Input/output error
[distance_sensors_node-7] [ERROR] [1762931630.441073348] [distance_sensors_node]: Ошибка в цикле чтения датчиков: [Errno 5] Input/output error
[doa_node-8] [INFO] [1762931631.070042033] [doa_node]: DOA угол: 217
[distance_sensors_node-7] [ERROR] [1762931631.445669914] [distance_sensors_node]: Ошибка в цикле чтения датчиков: [Errno 5] Input/output error
[distance_sensors_node-7] [ERROR] [1762931632.449871134] [distance_sensors_node]: Ошибка в цикле чтения датчиков: [Errno 5] Input/output error
[distance_sensors_node-7] [ERROR] [1762931633.455216563] [distance_sensors_node]: Ошибка в цикле чтения датчиков: [Errno 5] Input/output error
[distance_sensors_node-7] [ERROR] [1762931634.459337434] [distance_sensors_node]: Ошибка в цикле чтения датчиков: [Errno 5] Input/output error
[distance_sensors_node-7] [ERROR] [1762931635.463199958] [distance_sensors_node]: Ошибка в цикле чтения датчиков: [Errno 5] Input/output error
[distance_sensors_node-7] [ERROR] [1762931636.469237920] [distance_sensors_node]: Ошибка в цикле чтения датчиков: [Errno 5] Input/output error
[distance_sensors_node-7] [ERROR] [1762931637.472642988] [distance_sensors_node]: Ошибка в цикле чтения датчиков: [Errno 5] Input/output error
[doa_node-8] [INFO] [1762931638.074333249] [doa_node]: DOA угол: 90
[chassis_node-6] [INFO] [1762931638.079108543] [chassis_node]: Получена голосовая команда: "HEAD:CENTER"
[chassis_node-6] [WARN] [1762931638.084543959] [chassis_node]: Chassis не подключен
[distance_sensors_node-7] [ERROR] [1762931638.477826166] [distance_sensors_node]: Ошибка в цикле чтения датчиков: [Errno 5] Input/output error
[distance_sensors_node-7] [ERROR] [1762931639.481813064] [distance_sensors_node]: Ошибка в цикле чтения датчиков: [Errno 5] Input/output error
[distance_sensors_node-7] [ERROR] [1762931640.487066910] [distance_sensors_node]: Ошибка в цикле чтения датчиков: [Errno 5] Input/output error
[distance_sensors_node-7] [ERROR] [1762931641.491120475] [distance_sensors_node]: Ошибка в цикле чтения датчиков: [Errno 5] Input/output error
[distance_sensors_node-7] [ERROR] [1762931642.494744380] [distance_sensors_node]: Ошибка в цикле чтения датчиков: [Errno 5] Input/output error
[distance_sensors_node-7] [ERROR] [1762931643.498397675] [distance_sensors_node]: Ошибка в цикле чтения датчиков: [Errno 5] Input/output error
[distance_sensors_node-7] [ERROR] [1762931644.502421133] [distance_sensors_node]: Ошибка в цикле чтения датчиков: [Errno 5] Input/output error
[doa_node-8] [INFO] [1762931645.084220417] [doa_node]: DOA угол: 54
[distance_sensors_node-7] [ERROR] [1762931645.506468074] [distance_sensors_node]: Ошибка в цикле чтения датчиков: [Errno 5] Input/output error
[distance_sensors_node-7] [ERROR] [1762931646.510181630] [distance_sensors_node]: Ошибка в цикле чтения датчиков: [Errno 5] Input/output error
[distance_sensors_node-7] [ERROR] [1762931647.514178666] [distance_sensors_node]: Ошибка в цикле чтения датчиков: [Errno 5] Input/output error
[distance_sensors_node-7] [ERROR] [1762931648.517968595] [distance_sensors_node]: Ошибка в цикле чтения датчиков: [Errno 5] Input/output error
[distance_sensors_node-7] [ERROR] [1762931649.521731080] [distance_sensors_node]: Ошибка в цикле чтения датчиков: [Errno 5] Input/output error
[distance_sensors_node-7] [ERROR] [1762931650.525814470] [distance_sensors_node]: Ошибка в цикле чтения датчиков: [Errno 5] Input/output error
[distance_sensors_node-7] [ERROR] [1762931651.530619352] [distance_sensors_node]: Ошибка в цикле чтения датчиков: [Errno 5] Input/output error
[doa_node-8] [INFO] [1762931652.092329050] [doa_node]: DOA угол: 141
[distance_sensors_node-7] [ERROR] [1762931652.536560556] [distance_sensors_node]: Ошибка в цикле чтения датчиков: [Errno 5] Input/output error
[distance_sensors_node-7] [ERROR] [1762931653.540814651] [distance_sensors_node]: Ошибка в цикле чтения датчиков: [Errno 5] Input/output error
[distance_sensors_node-7] [ERROR] [1762931654.544094259] [distance_sensors_node]: Ошибка в цикле чтения датчиков: [Errno 5] Input/output error
[distance_sensors_node-7] [ERROR] [1762931655.547684883] [distance_sensors_node]: Ошибка в цикле чтения датчиков: [Errno 5] Input/output error
[distance_sensors_node-7] [ERROR] [1762931656.551937277] [distance_sensors_node]: Ошибка в цикле чтения датчиков: [Errno 5] Input/output error
[distance_sensors_node-7] [ERROR] [1762931657.555836048] [distance_sensors_node]: Ошибка в цикле чтения датчиков: [Errno 5] Input/output error
[distance_sensors_node-7] [ERROR] [1762931658.559500304] [distance_sensors_node]: Ошибка в цикле чтения датчиков: [Errno 5] Input/output error
[doa_node-8] [INFO] [1762931659.099923059] [doa_node]: DOA угол: 246
[chassis_node-6] [INFO] [1762931659.104755723] [chassis_node]: Получена голосовая команда: "HEAD:LEFT"
[chassis_node-6] [WARN] [1762931659.109814662] [chassis_node]: Chassis не подключен
[distance_sensors_node-7] [ERROR] [1762931659.563428354] [distance_sensors_node]: Ошибка в цикле чтения датчиков: [Errno 5] Input/output error
[distance_sensors_node-7] [ERROR] [1762931660.567698345] [distance_sensors_node]: Ошибка в цикле чтения датчиков: [Errno 5] Input/output error
[distance_sensors_node-7] [ERROR] [1762931661.571556176] [distance_sensors_node]: Ошибка в цикле чтения датчиков: [Errno 5] Input/output error
[distance_sensors_node-7] [ERROR] [1762931662.575544451] [distance_sensors_node]: Ошибка в цикле чтения датчиков: [Errno 5] Input/output error
[distance_sensors_node-7] [ERROR] [1762931663.579574764] [distance_sensors_node]: Ошибка в цикле чтения датчиков: [Errno 5] Input/output error
[distance_sensors_node-7] [ERROR] [1762931664.583561560] [distance_sensors_node]: Ошибка в цикле чтения датчиков: [Errno 5] Input/output error
[distance_sensors_node-7] [ERROR] [1762931665.587730317] [distance_sensors_node]: Ошибка в цикле чтения датчиков: [Errno 5] Input/output error
[doa_node-8] [INFO] [1762931666.109873482] [doa_node]: DOA угол: 270
[chassis_node-6] [INFO] [1762931666.116319849] [chassis_node]: Получена голосовая команда: "HEAD:RIGHT"
[chassis_node-6] [WARN] [1762931666.121551008] [chassis_node]: Chassis не подключен
[distance_sensors_node-7] [ERROR] [1762931666.593759627] [distance_sensors_node]: Ошибка в цикле чтения датчиков: [Errno 5] Input/output error
[distance_sensors_node-7] [ERROR] [1762931667.597591373] [distance_sensors_node]: Ошибка в цикле чтения датчиков: [Errno 5] Input/output error
[distance_sensors_node-7] [ERROR] [1762931668.601708282] [distance_sensors_node]: Ошибка в цикле чтения датчиков: [Errno 5] Input/output error
[distance_sensors_node-7] [ERROR] [1762931669.605381754] [distance_sensors_node]: Ошибка в цикле чтения датчиков: [Errno 5] Input/output error
[distance_sensors_node-7] [ERROR] [1762931670.609270279] [distance_sensors_node]: Ошибка в цикле чтения датчиков: [Errno 5] Input/output error
[distance_sensors_node-7] [ERROR] [1762931671.614617307] [distance_sensors_node]: Ошибка в цикле чтения датчиков: [Errno 5] Input/output error
[distance_sensors_node-7] [ERROR] [1762931672.618877849] [distance_sensors_node]: Ошибка в цикле чтения датчиков: [Errno 5] Input/output error
[doa_node-8] [INFO] [1762931673.130858362] [doa_node]: DOA угол: 232
[chassis_node-6] [INFO] [1762931673.135403807] [chassis_node]: Получена голосовая команда: "HEAD:LEFT"
[chassis_node-6] [WARN] [1762931673.139212595] [chassis_node]: Chassis не подключен
[distance_sensors_node-7] [ERROR] [1762931673.623333722] [distance_sensors_node]: Ошибка в цикле чтения датчиков: [Errno 5] Input/output error
[distance_sensors_node-7] [ERROR] [1762931674.627272733] [distance_sensors_node]: Ошибка в цикле чтения датчиков: [Errno 5] Input/output error
[distance_sensors_node-7] [ERROR] [1762931675.631158931] [distance_sensors_node]: Ошибка в цикле чтения датчиков: [Errno 5] Input/output error
[distance_sensors_node-7] [ERROR] [1762931676.634870983] [distance_sensors_node]: Ошибка в цикле чтения датчиков: [Errno 5] Input/output error
[distance_sensors_node-7] [ERROR] [1762931677.640741196] [distance_sensors_node]: Ошибка в цикле чтения датчиков: [Errno 5] Input/output error
[distance_sensors_node-7] [ERROR] [1762931678.644388252] [distance_sensors_node]: Ошибка в цикле чтения датчиков: [Errno 5] Input/output error
[distance_sensors_node-7] [ERROR] [1762931679.648025012] [distance_sensors_node]: Ошибка в цикле чтения датчиков: [Errno 5] Input/output error
[doa_node-8] [INFO] [1762931680.140329600] [doa_node]: DOA угол: 244
[distance_sensors_node-7] [ERROR] [1762931680.651867420] [distance_sensors_node]: Ошибка в цикле чтения датчиков: [Errno 5] Input/output error
[distance_sensors_node-7] [ERROR] [1762931681.655969084] [distance_sensors_node]: Ошибка в цикле чтения датчиков: [Errno 5] Input/output error
[distance_sensors_node-7] [ERROR] [1762931682.661050478] [distance_sensors_node]: Ошибка в цикле чтения датчиков: [Errno 5] Input/output error
[distance_sensors_node-7] [ERROR] [1762931683.665443493] [distance_sensors_node]: Ошибка в цикле чтения датчиков: [Errno 5] Input/output error
[distance_sensors_node-7] [ERROR] [1762931684.669353663] [distance_sensors_node]: Ошибка в цикле чтения датчиков: [Errno 5] Input/output error
[distance_sensors_node-7] [ERROR] [1762931685.673393758] [distance_sensors_node]: Ошибка в цикле чтения датчиков: [Errno 5] Input/output error
[distance_sensors_node-7] [ERROR] [1762931686.677100655] [distance_sensors_node]: Ошибка в цикле чтения датчиков: [Errno 5] Input/output error
[doa_node-8] [INFO] [1762931687.148451702] [doa_node]: DOA угол: 291
[chassis_node-6] [INFO] [1762931687.152076974] [chassis_node]: Получена голосовая команда: "HEAD:RIGHT"
[chassis_node-6] [WARN] [1762931687.154911514] [chassis_node]: Chassis не подключен
[distance_sensors_node-7] [ERROR] [1762931687.680895441] [distance_sensors_node]: Ошибка в цикле чтения датчиков: [Errno 5] Input/output error
[distance_sensors_node-7] [ERROR] [1762931688.684820374] [distance_sensors_node]: Ошибка в цикле чтения датчиков: [Errno 5] Input/output error
[distance_sensors_node-7] [ERROR] [1762931689.688935065] [distance_sensors_node]: Ошибка в цикле чтения датчиков: [Errno 5] Input/output error
[distance_sensors_node-7] [ERROR] [1762931690.693166904] [distance_sensors_node]: Ошибка в цикле чтения датчиков: [Errno 5] Input/output error
[distance_sensors_node-7] [ERROR] [1762931691.696193832] [distance_sensors_node]: Ошибка в цикле чтения датчиков: [Errno 5] Input/output error
[distance_sensors_node-7] [ERROR] [1762931692.700158195] [distance_sensors_node]: Ошибка в цикле чтения датчиков: [Errno 5] Input/output error
[distance_sensors_node-7] [ERROR] [1762931693.704801865] [distance_sensors_node]: Ошибка в цикле чтения датчиков: [Errno 5] Input/output error
[doa_node-8] [INFO] [1762931694.156213101] [doa_node]: DOA угол: 296
[distance_sensors_node-7] [ERROR] [1762931694.708638361] [distance_sensors_node]: Ошибка в цикле чтения датчиков: [Errno 5] Input/output error
[distance_sensors_node-7] [ERROR] [1762931695.712469062] [distance_sensors_node]: Ошибка в цикле чтения датчиков: [Errno 5] Input/output error
[distance_sensors_node-7] [ERROR] [1762931696.716258820] [distance_sensors_node]: Ошибка в цикле чтения датчиков: [Errno 5] Input/output error
[distance_sensors_node-7] [ERROR] [1762931697.719766767] [distance_sensors_node]: Ошибка в цикле чтения датчиков: [Errno 5] Input/output error
[distance_sensors_node-7] [ERROR] [1762931698.723655193] [distance_sensors_node]: Ошибка в цикле чтения датчиков: [Errno 5] Input/output error
[distance_sensors_node-7] [ERROR] [1762931699.727286233] [distance_sensors_node]: Ошибка в цикле чтения датчиков: [Errno 5] Input/output error
[distance_sensors_node-7] [ERROR] [1762931700.733575188] [distance_sensors_node]: Ошибка в цикле чтения датчиков: [Errno 5] Input/output error
[doa_node-8] [INFO] [1762931701.162716101] [doa_node]: DOA угол: 270
[distance_sensors_node-7] [ERROR] [1762931701.737891315] [distance_sensors_node]: Ошибка в цикле чтения датчиков: [Errno 5] Input/output error
[distance_sensors_node-7] [ERROR] [1762931702.741869095] [distance_sensors_node]: Ошибка в цикле чтения датчиков: [Errno 5] Input/output error
[distance_sensors_node-7] [ERROR] [1762931703.746050762] [distance_sensors_node]: Ошибка в цикле чтения датчиков: [Errno 5] Input/output error
[distance_sensors_node-7] [ERROR] [1762931704.750582945] [distance_sensors_node]: Ошибка в цикле чтения датчиков: [Errno 5] Input/output error
[distance_sensors_node-7] [ERROR] [1762931705.755795510] [distance_sensors_node]: Ошибка в цикле чтения датчиков: [Errno 5] Input/output error
[distance_sensors_node-7] [ERROR] [1762931706.765425226] [distance_sensors_node]: Ошибка в цикле чтения датчиков: [Errno 5] Input/output error
[distance_sensors_node-7] [ERROR] [1762931707.769725286] [distance_sensors_node]: Ошибка в цикле чтения датчиков: [Errno 5] Input/output error
[doa_node-8] [INFO] [1762931708.171211590] [doa_node]: DOA угол: 36
[chassis_node-6] [INFO] [1762931708.175606704] [chassis_node]: Получена голосовая команда: "HEAD:CENTER"
[chassis_node-6] [WARN] [1762931708.179584360] [chassis_node]: Chassis не подключен
[distance_sensors_node-7] [ERROR] [1762931708.773751553] [distance_sensors_node]: Ошибка в цикле чтения датчиков: [Errno 5] Input/output error
[distance_sensors_node-7] [ERROR] [1762931709.779744927] [distance_sensors_node]: Ошибка в цикле чтения датчиков: [Errno 5] Input/output error
[distance_sensors_node-7] [ERROR] [1762931710.786358535] [distance_sensors_node]: Ошибка в цикле чтения датчиков: [Errno 5] Input/output error
[distance_sensors_node-7] [ERROR] [1762931711.792768721] [distance_sensors_node]: Ошибка в цикле чтения датчиков: [Errno 5] Input/output error
[distance_sensors_node-7] [ERROR] [1762931712.799112169] [distance_sensors_node]: Ошибка в цикле чтения датчиков: [Errno 5] Input/output error
[distance_sensors_node-7] [ERROR] [1762931713.807318298] [distance_sensors_node]: Ошибка в цикле чтения датчиков: [Errno 5] Input/output error
[distance_sensors_node-7] [ERROR] [1762931714.812789035] [distance_sensors_node]: Ошибка в цикле чтения датчиков: [Errno 5] Input/output error
[doa_node-8] [INFO] [1762931715.196469445] [doa_node]: DOA угол: 299
[chassis_node-6] [INFO] [1762931715.202413948] [chassis_node]: Получена голосовая команда: "HEAD:RIGHT"
[chassis_node-6] [WARN] [1762931715.206831136] [chassis_node]: Chassis не подключен
[distance_sensors_node-7] [ERROR] [1762931715.817956129] [distance_sensors_node]: Ошибка в цикле чтения датчиков: [Errno 5] Input/output error
[distance_sensors_node-7] [ERROR] [1762931716.823765401] [distance_sensors_node]: Ошибка в цикле чтения датчиков: [Errno 5] Input/output error
[distance_sensors_node-7] [ERROR] [1762931717.829415362] [distance_sensors_node]: Ошибка в цикле чтения датчиков: [Errno 5] Input/output error
[distance_sensors_node-7] [ERROR] [1762931718.833385176] [distance_sensors_node]: Ошибка в цикле чтения датчиков: [Errno 5] Input/output error
[distance_sensors_node-7] [ERROR] [1762931719.837986948] [distance_sensors_node]: Ошибка в цикле чтения датчиков: [Errno 5] Input/output error
[distance_sensors_node-7] [ERROR] [1762931720.845157152] [distance_sensors_node]: Ошибка в цикле чтения датчиков: [Errno 5] Input/output error
[distance_sensors_node-7] [ERROR] [1762931721.848340479] [distance_sensors_node]: Ошибка в цикле чтения датчиков: [Errno 5] Input/output error
[doa_node-8] [INFO] [1762931722.219241305] [doa_node]: DOA угол: 299
[distance_sensors_node-7] [ERROR] [1762931722.852974494] [distance_sensors_node]: Ошибка в цикле чтения датчиков: [Errno 5] Input/output error
[distance_sensors_node-7] [ERROR] [1762931723.856695205] [distance_sensors_node]: Ошибка в цикле чтения датчиков: [Errno 5] Input/output error
[distance_sensors_node-7] [ERROR] [1762931724.860694137] [distance_sensors_node]: Ошибка в цикле чтения датчиков: [Errno 5] Input/output error
[distance_sensors_node-7] [ERROR] [1762931725.864733735] [distance_sensors_node]: Ошибка в цикле чтения датчиков: [Errno 5] Input/output error
[distance_sensors_node-7] [ERROR] [1762931726.870008820] [distance_sensors_node]: Ошибка в цикле чтения датчиков: [Errno 5] Input/output error
[distance_sensors_node-7] [ERROR] [1762931727.876638538] [distance_sensors_node]: Ошибка в цикле чтения датчиков: [Errno 5] Input/output error
[distance_sensors_node-7] [ERROR] [1762931728.880915062] [distance_sensors_node]: Ошибка в цикле чтения датчиков: [Errno 5] Input/output error
[doa_node-8] [INFO] [1762931729.229708100] [doa_node]: DOA угол: 300
[distance_sensors_node-7] [ERROR] [1762931729.884347339] [distance_sensors_node]: Ошибка в цикле чтения датчиков: [Errno 5] Input/output error
[distance_sensors_node-7] [ERROR] [1762931730.888532792] [distance_sensors_node]: Ошибка в цикле чтения датчиков: [Errno 5] Input/output error
[distance_sensors_node-7] [ERROR] [1762931731.893557015] [distance_sensors_node]: Ошибка в цикле чтения датчиков: [Errno 5] Input/output error
[distance_sensors_node-7] [ERROR] [1762931732.897519750] [distance_sensors_node]: Ошибка в цикле чтения датчиков: [Errno 5] Input/output error
[distance_sensors_node-7] [ERROR] [1762931733.901687300] [distance_sensors_node]: Ошибка в цикле чтения датчиков: [Errno 5] Input/output error
[distance_sensors_node-7] [ERROR] [1762931734.907301018] [distance_sensors_node]: Ошибка в цикле чтения датчиков: [Errno 5] Input/output error
[distance_sensors_node-7] [ERROR] [1762931735.911438588] [distance_sensors_node]: Ошибка в цикле чтения датчиков: [Errno 5] Input/output error
[doa_node-8] [INFO] [1762931736.235093651] [doa_node]: DOA угол: 118
[chassis_node-6] [INFO] [1762931736.239628967] [chassis_node]: Получена голосовая команда: "HEAD:CENTER"
[chassis_node-6] [WARN] [1762931736.243431255] [chassis_node]: Chassis не подключен
[distance_sensors_node-7] [ERROR] [1762931736.918728899] [distance_sensors_node]: Ошибка в цикле чтения датчиков: [Errno 5] Input/output error
[distance_sensors_node-7] [ERROR] [1762931737.924284028] [distance_sensors_node]: Ошибка в цикле чтения датчиков: [Errno 5] Input/output error
[distance_sensors_node-7] [ERROR] [1762931738.929143203] [distance_sensors_node]: Ошибка в цикле чтения датчиков: [Errno 5] Input/output error
[distance_sensors_node-7] [ERROR] [1762931739.934531743] [distance_sensors_node]: Ошибка в цикле чтения датчиков: [Errno 5] Input/output error
[distance_sensors_node-7] [ERROR] [1762931740.939403791] [distance_sensors_node]: Ошибка в цикле чтения датчиков: [Errno 5] Input/output error
[distance_sensors_node-7] [ERROR] [1762931741.944160877] [distance_sensors_node]: Ошибка в цикле чтения датчиков: [Errno 5] Input/output error
[distance_sensors_node-7] [ERROR] [1762931742.948874355] [distance_sensors_node]: Ошибка в цикле чтения датчиков: [Errno 5] Input/output error
[doa_node-8] [INFO] [1762931743.262459763] [doa_node]: DOA угол: 124
[distance_sensors_node-7] [ERROR] [1762931743.953115690] [distance_sensors_node]: Ошибка в цикле чтения датчиков: [Errno 5] Input/output error
[distance_sensors_node-7] [ERROR] [1762931744.957325397] [distance_sensors_node]: Ошибка в цикле чтения датчиков: [Errno 5] Input/output error
[distance_sensors_node-7] [ERROR] [1762931745.962140265] [distance_sensors_node]: Ошибка в цикле чтения датчиков: [Errno 5] Input/output error
[distance_sensors_node-7] [ERROR] [1762931746.967424387] [distance_sensors_node]: Ошибка в цикле чтения датчиков: [Errno 5] Input/output error
[distance_sensors_node-7] [ERROR] [1762931747.971612653] [distance_sensors_node]: Ошибка в цикле чтения датчиков: [Errno 5] Input/output error
[distance_sensors_node-7] [ERROR] [1762931748.975671347] [distance_sensors_node]: Ошибка в цикле чтения датчиков: [Errno 5] Input/output error
[distance_sensors_node-7] [ERROR] [1762931749.979290640] [distance_sensors_node]: Ошибка в цикле чтения датчиков: [Errno 5] Input/output error
[doa_node-8] [INFO] [1762931750.269944326] [doa_node]: DOA угол: 127
[distance_sensors_node-7] [ERROR] [1762931750.983305133] [distance_sensors_node]: Ошибка в цикле чтения датчиков: [Errno 5] Input/output error
[distance_sensors_node-7] [ERROR] [1762931751.987527273] [distance_sensors_node]: Ошибка в цикле чтения датчиков: [Errno 5] Input/output error
[distance_sensors_node-7] [ERROR] [1762931752.992868993] [distance_sensors_node]: Ошибка в цикле чтения датчиков: [Errno 5] Input/output error
[distance_sensors_node-7] [ERROR] [1762931753.996759305] [distance_sensors_node]: Ошибка в цикле чтения датчиков: [Errno 5] Input/output error
[distance_sensors_node-7] [ERROR] [1762931755.000462509] [distance_sensors_node]: Ошибка в цикле чтения датчиков: [Errno 5] Input/output error
[distance_sensors_node-7] [ERROR] [1762931756.004566894] [distance_sensors_node]: Ошибка в цикле чтения датчиков: [Errno 5] Input/output error
[distance_sensors_node-7] [ERROR] [1762931757.008113120] [distance_sensors_node]: Ошибка в цикле чтения датчиков: [Errno 5] Input/output error
[doa_node-8] [INFO] [1762931757.276246503] [doa_node]: DOA угол: 126
[distance_sensors_node-7] [ERROR] [1762931758.011994973] [distance_sensors_node]: Ошибка в цикле чтения датчиков: [Errno 5] Input/output error
[distance_sensors_node-7] [ERROR] [1762931759.016390913] [distance_sensors_node]: Ошибка в цикле чтения датчиков: [Errno 5] Input/output error
[distance_sensors_node-7] [ERROR] [1762931760.021912859] [distance_sensors_node]: Ошибка в цикле чтения датчиков: [Errno 5] Input/output error
[distance_sensors_node-7] [ERROR] [1762931761.029557929] [distance_sensors_node]: Ошибка в цикле чтения датчиков: [Errno 5] Input/output error
[distance_sensors_node-7] [ERROR] [1762931762.039171254] [distance_sensors_node]: Ошибка в цикле чтения датчиков: [Errno 5] Input/output error
[distance_sensors_node-7] [ERROR] [1762931763.044664963] [distance_sensors_node]: Ошибка в цикле чтения датчиков: [Errno 5] Input/output error
[distance_sensors_node-7] [ERROR] [1762931764.048319953] [distance_sensors_node]: Ошибка в цикле чтения датчиков: [Errno 5] Input/output error
[doa_node-8] [INFO] [1762931764.285125379] [doa_node]: DOA угол: 251
[chassis_node-6] [INFO] [1762931764.290812052] [chassis_node]: Получена голосовая команда: "HEAD:LEFT"
[chassis_node-6] [WARN] [1762931764.295002928] [chassis_node]: Chassis не подключен
[distance_sensors_node-7] [ERROR] [1762931765.053560944] [distance_sensors_node]: Ошибка в цикле чтения датчиков: [Errno 5] Input/output error
[distance_sensors_node-7] [ERROR] [1762931766.058240054] [distance_sensors_node]: Ошибка в цикле чтения датчиков: [Errno 5] Input/output error
[distance_sensors_node-7] [ERROR] [1762931767.063326049] [distance_sensors_node]: Ошибка в цикле чтения датчиков: [Errno 5] Input/output error
[distance_sensors_node-7] [ERROR] [1762931768.067646405] [distance_sensors_node]: Ошибка в цикле чтения датчиков: [Errno 5] Input/output error
[distance_sensors_node-7] [ERROR] [1762931769.071812894] [distance_sensors_node]: Ошибка в цикле чтения датчиков: [Errno 5] Input/output error
[distance_sensors_node-7] [ERROR] [1762931770.076119679] [distance_sensors_node]: Ошибка в цикле чтения датчиков: [Errno 5] Input/output error
[distance_sensors_node-7] [ERROR] [1762931771.081507210] [distance_sensors_node]: Ошибка в цикле чтения датчиков: [Errno 5] Input/output error
[doa_node-8] [INFO] [1762931771.308407904] [doa_node]: DOA угол: 109
[chassis_node-6] [INFO] [1762931771.314462073] [chassis_node]: Получена голосовая команда: "HEAD:CENTER"
[chassis_node-6] [WARN] [1762931771.318516135] [chassis_node]: Chassis не подключен
[distance_sensors_node-7] [ERROR] [1762931772.086068679] [distance_sensors_node]: Ошибка в цикле чтения датчиков: [Errno 5] Input/output error
[distance_sensors_node-7] [ERROR] [1762931773.090536020] [distance_sensors_node]: Ошибка в цикле чтения датчиков: [Errno 5] Input/output error
[distance_sensors_node-7] [ERROR] [1762931774.094258018] [distance_sensors_node]: Ошибка в цикле чтения датчиков: [Errno 5] Input/output error
[distance_sensors_node-7] [ERROR] [1762931775.098195849] [distance_sensors_node]: Ошибка в цикле чтения датчиков: [Errno 5] Input/output error
[distance_sensors_node-7] [ERROR] [1762931776.102128587] [distance_sensors_node]: Ошибка в цикле чтения датчиков: [Errno 5] Input/output error
[distance_sensors_node-7] [ERROR] [1762931777.105810422] [distance_sensors_node]: Ошибка в цикле чтения датчиков: [Errno 5] Input/output error
[distance_sensors_node-7] [ERROR] [1762931778.110442155] [distance_sensors_node]: Ошибка в цикле чтения датчиков: [Errno 5] Input/output error
[doa_node-8] [INFO] [1762931778.332739720] [doa_node]: DOA угол: 270
[chassis_node-6] [INFO] [1762931778.336235585] [chassis_node]: Получена голосовая команда: "HEAD:RIGHT"
[chassis_node-6] [WARN] [1762931778.339138273] [chassis_node]: Chassis не подключен
[distance_sensors_node-7] [ERROR] [1762931779.117794448] [distance_sensors_node]: Ошибка в цикле чтения датчиков: [Errno 5] Input/output error
[distance_sensors_node-7] [ERROR] [1762931780.125387887] [distance_sensors_node]: Ошибка в цикле чтения датчиков: [Errno 5] Input/output error
[distance_sensors_node-7] [ERROR] [1762931781.132183503] [distance_sensors_node]: Ошибка в цикле чтения датчиков: [Errno 5] Input/output error
[distance_sensors_node-7] [ERROR] [1762931782.139648038] [distance_sensors_node]: Ошибка в цикле чтения датчиков: [Errno 5] Input/output error
[distance_sensors_node-7] [ERROR] [1762931783.146457545] [distance_sensors_node]: Ошибка в цикле чтения датчиков: [Errno 5] Input/output error
[distance_sensors_node-7] [ERROR] [1762931784.154310170] [distance_sensors_node]: Ошибка в цикле чтения датчиков: [Errno 5] Input/output error
[distance_sensors_node-7] [ERROR] [1762931785.161140696] [distance_sensors_node]: Ошибка в цикле чтения датчиков: [Errno 5] Input/output error
[doa_node-8] [INFO] [1762931785.341547893] [doa_node]: DOA угол: 55
[chassis_node-6] [INFO] [1762931785.348805788] [chassis_node]: Получена голосовая команда: "HEAD:CENTER"
[chassis_node-6] [WARN] [1762931785.353886597] [chassis_node]: Chassis не подключен
[distance_sensors_node-7] [ERROR] [1762931786.167807393] [distance_sensors_node]: Ошибка в цикле чтения датчиков: [Errno 5] Input/output error
[distance_sensors_node-7] [ERROR] [1762931787.175445874] [distance_sensors_node]: Ошибка в цикле чтения датчиков: [Errno 5] Input/output error
[distance_sensors_node-7] [ERROR] [1762931788.182013870] [distance_sensors_node]: Ошибка в цикле чтения датчиков: [Errno 5] Input/output error
[distance_sensors_node-7] [ERROR] [1762931789.190267327] [distance_sensors_node]: Ошибка в цикле чтения датчиков: [Errno 5] Input/output error
[distance_sensors_node-7] [ERROR] [1762931790.197483984] [distance_sensors_node]: Ошибка в цикле чтения датчиков: [Errno 5] Input/output error
[distance_sensors_node-7] [ERROR] [1762931791.205406354] [distance_sensors_node]: Ошибка в цикле чтения датчиков: [Errno 5] Input/output error
[distance_sensors_node-7] [ERROR] [1762931792.213621593] [distance_sensors_node]: Ошибка в цикле чтения датчиков: [Errno 5] Input/output error
[doa_node-8] [INFO] [1762931792.351929145] [doa_node]: DOA угол: 115
[distance_sensors_node-7] [ERROR] [1762931793.221949034] [distance_sensors_node]: Ошибка в цикле чтения датчиков: [Errno 5] Input/output error
[distance_sensors_node-7] [ERROR] [1762931794.230383809] [distance_sensors_node]: Ошибка в цикле чтения датчиков: [Errno 5] Input/output error
[distance_sensors_node-7] [ERROR] [1762931795.238302646] [distance_sensors_node]: Ошибка в цикле чтения датчиков: [Errno 5] Input/output error
[distance_sensors_node-7] [ERROR] [1762931796.245780138] [distance_sensors_node]: Ошибка в цикле чтения датчиков: [Errno 5] Input/output error
[distance_sensors_node-7] [ERROR] [1762931797.249910151] [distance_sensors_node]: Ошибка в цикле чтения датчиков: [Errno 5] Input/output error
[distance_sensors_node-7] [ERROR] [1762931798.257047741] [distance_sensors_node]: Ошибка в цикле чтения датчиков: [Errno 5] Input/output error
[distance_sensors_node-7] [ERROR] [1762931799.264696733] [distance_sensors_node]: Ошибка в цикле чтения датчиков: [Errno 5] Input/output error
[doa_node-8] [INFO] [1762931799.374584773] [doa_node]: DOA угол: 102
[distance_sensors_node-7] [ERROR] [1762931800.271558254] [distance_sensors_node]: Ошибка в цикле чтения датчиков: [Errno 5] Input/output error
[distance_sensors_node-7] [ERROR] [1762931801.279261747] [distance_sensors_node]: Ошибка в цикле чтения датчиков: [Errno 5] Input/output error
[distance_sensors_node-7] [ERROR] [1762931802.287037425] [distance_sensors_node]: Ошибка в цикле чтения датчиков: [Errno 5] Input/output error
[distance_sensors_node-7] [ERROR] [1762931803.294978139] [distance_sensors_node]: Ошибка в цикле чтения датчиков: [Errno 5] Input/output error
[distance_sensors_node-7] [ERROR] [1762931804.301904958] [distance_sensors_node]: Ошибка в цикле чтения датчиков: [Errno 5] Input/output error
[distance_sensors_node-7] [ERROR] [1762931805.309290162] [distance_sensors_node]: Ошибка в цикле чтения датчиков: [Errno 5] Input/output error
[distance_sensors_node-7] [ERROR] [1762931806.317041437] [distance_sensors_node]: Ошибка в цикле чтения датчиков: [Errno 5] Input/output error
[doa_node-8] [INFO] [1762931806.381467298] [doa_node]: DOA угол: 90
[distance_sensors_node-7] [ERROR] [1762931807.324372828] [distance_sensors_node]: Ошибка в цикле чтения датчиков: [Errno 5] Input/output error
[distance_sensors_node-7] [ERROR] [1762931808.332279158] [distance_sensors_node]: Ошибка в цикле чтения датчиков: [Errno 5] Input/output error
[distance_sensors_node-7] [ERROR] [1762931809.338016848] [distance_sensors_node]: Ошибка в цикле чтения датчиков: [Errno 5] Input/output error
[distance_sensors_node-7] [ERROR] [1762931810.344523344] [distance_sensors_node]: Ошибка в цикле чтения датчиков: [Errno 5] Input/output error
[distance_sensors_node-7] [ERROR] [1762931811.351444354] [distance_sensors_node]: Ошибка в цикле чтения датчиков: [Errno 5] Input/output error
[distance_sensors_node-7] [ERROR] [1762931812.359385409] [distance_sensors_node]: Ошибка в цикле чтения датчиков: [Errno 5] Input/output error
[distance_sensors_node-7] [ERROR] [1762931813.366892100] [distance_sensors_node]: Ошибка в цикле чтения датчиков: [Errno 5] Input/output error
[doa_node-8] [INFO] [1762931813.388695618] [doa_node]: DOA угол: 270
[chassis_node-6] [INFO] [1762931813.394080868] [chassis_node]: Получена голосовая команда: "HEAD:RIGHT"
[chassis_node-6] [WARN] [1762931813.398598722] [chassis_node]: Chassis не подключен
[distance_sensors_node-7] [ERROR] [1762931814.373742910] [distance_sensors_node]: Ошибка в цикле чтения датчиков: [Errno 5] Input/output error
[distance_sensors_node-7] [ERROR] [1762931815.379869582] [distance_sensors_node]: Ошибка в цикле чтения датчиков: [Errno 5] Input/output error
[distance_sensors_node-7] [ERROR] [1762931816.383971056] [distance_sensors_node]: Ошибка в цикле чтения датчиков: [Errno 5] Input/output error
[distance_sensors_node-7] [ERROR] [1762931817.391628118] [distance_sensors_node]: Ошибка в цикле чтения датчиков: [Errno 5] Input/output error
[distance_sensors_node-7] [ERROR] [1762931818.399861156] [distance_sensors_node]: Ошибка в цикле чтения датчиков: [Errno 5] Input/output error
[distance_sensors_node-7] [ERROR] [1762931819.408061325] [distance_sensors_node]: Ошибка в цикле чтения датчиков: [Errno 5] Input/output error
[doa_node-8] [INFO] [1762931820.398984163] [doa_node]: DOA угол: 270
[distance_sensors_node-7] [ERROR] [1762931820.412357115] [distance_sensors_node]: Ошибка в цикле чтения датчиков: [Errno 5] Input/output error
[distance_sensors_node-7] [ERROR] [1762931821.419584556] [distance_sensors_node]: Ошибка в цикле чтения датчиков: [Errno 5] Input/output error
[distance_sensors_node-7] [ERROR] [1762931822.427349065] [distance_sensors_node]: Ошибка в цикле чтения датчиков: [Errno 5] Input/output error
[distance_sensors_node-7] [ERROR] [1762931823.435061502] [distance_sensors_node]: Ошибка в цикле чтения датчиков: [Errno 5] Input/output error
[distance_sensors_node-7] [ERROR] [1762931824.441994634] [distance_sensors_node]: Ошибка в цикле чтения датчиков: [Errno 5] Input/output error
[distance_sensors_node-7] [ERROR] [1762931825.448828972] [distance_sensors_node]: Ошибка в цикле чтения датчиков: [Errno 5] Input/output error
[distance_sensors_node-7] [ERROR] [1762931826.456106009] [distance_sensors_node]: Ошибка в цикле чтения датчиков: [Errno 5] Input/output error
[doa_node-8] [INFO] [1762931827.423110749] [doa_node]: DOA угол: 102
[chassis_node-6] [INFO] [1762931827.432133049] [chassis_node]: Получена голосовая команда: "HEAD:CENTER"
[chassis_node-6] [WARN] [1762931827.436335647] [chassis_node]: Chassis не подключен
[distance_sensors_node-7] [ERROR] [1762931827.460336676] [distance_sensors_node]: Ошибка в цикле чтения датчиков: [Errno 5] Input/output error
[distance_sensors_node-7] [ERROR] [1762931828.467930544] [distance_sensors_node]: Ошибка в цикле чтения датчиков: [Errno 5] Input/output error
[distance_sensors_node-7] [ERROR] [1762931829.475641245] [distance_sensors_node]: Ошибка в цикле чтения датчиков: [Errno 5] Input/output error
[distance_sensors_node-7] [ERROR] [1762931830.483492631] [distance_sensors_node]: Ошибка в цикле чтения датчиков: [Errno 5] Input/output error
[distance_sensors_node-7] [ERROR] [1762931831.491238425] [distance_sensors_node]: Ошибка в цикле чтения датчиков: [Errno 5] Input/output error
[distance_sensors_node-7] [ERROR] [1762931832.499061868] [distance_sensors_node]: Ошибка в цикле чтения датчиков: [Errno 5] Input/output error
[distance_sensors_node-7] [ERROR] [1762931833.506866108] [distance_sensors_node]: Ошибка в цикле чтения датчиков: [Errno 5] Input/output error
[doa_node-8] [INFO] [1762931834.446530586] [doa_node]: DOA угол: 261
[chassis_node-6] [INFO] [1762931834.452189130] [chassis_node]: Получена голосовая команда: "HEAD:LEFT"
[chassis_node-6] [WARN] [1762931834.456710780] [chassis_node]: Chassis не подключен
[distance_sensors_node-7] [ERROR] [1762931834.514710552] [distance_sensors_node]: Ошибка в цикле чтения датчиков: [Errno 5] Input/output error
[distance_sensors_node-7] [ERROR] [1762931835.522785476] [distance_sensors_node]: Ошибка в цикле чтения датчиков: [Errno 5] Input/output error
[distance_sensors_node-7] [ERROR] [1762931836.530700384] [distance_sensors_node]: Ошибка в цикле чтения датчиков: [Errno 5] Input/output error
[distance_sensors_node-7] [ERROR] [1762931837.538452850] [distance_sensors_node]: Ошибка в цикле чтения датчиков: [Errno 5] Input/output error
[distance_sensors_node-7] [ERROR] [1762931838.546162966] [distance_sensors_node]: Ошибка в цикле чтения датчиков: [Errno 5] Input/output error
[distance_sensors_node-7] [ERROR] [1762931839.552939686] [distance_sensors_node]: Ошибка в цикле чтения датчиков: [Errno 5] Input/output error
[distance_sensors_node-7] [ERROR] [1762931840.560476175] [distance_sensors_node]: Ошибка в цикле чтения датчиков: [Errno 5] Input/output error
[doa_node-8] [INFO] [1762931841.457099837] [doa_node]: DOA угол: 246
[distance_sensors_node-7] [ERROR] [1762931841.568400402] [distance_sensors_node]: Ошибка в цикле чтения датчиков: [Errno 5] Input/output error
[distance_sensors_node-7] [ERROR] [1762931842.575367085] [distance_sensors_node]: Ошибка в цикле чтения датчиков: [Errno 5] Input/output error
[distance_sensors_node-7] [ERROR] [1762931843.582275343] [distance_sensors_node]: Ошибка в цикле чтения датчиков: [Errno 5] Input/output error
[distance_sensors_node-7] [ERROR] [1762931844.585997881] [distance_sensors_node]: Ошибка в цикле чтения датчиков: [Errno 5] Input/output error
[distance_sensors_node-7] [ERROR] [1762931845.593364154] [distance_sensors_node]: Ошибка в цикле чтения датчиков: [Errno 5] Input/output error
[distance_sensors_node-7] [ERROR] [1762931846.600291767] [distance_sensors_node]: Ошибка в цикле чтения датчиков: [Errno 5] Input/output error
[distance_sensors_node-7] [ERROR] [1762931847.607089178] [distance_sensors_node]: Ошибка в цикле чтения датчиков: [Errno 5] Input/output error
[doa_node-8] [INFO] [1762931848.479310191] [doa_node]: DOA угол: 270
[chassis_node-6] [INFO] [1762931848.486096314] [chassis_node]: Получена голосовая команда: "HEAD:RIGHT"
[chassis_node-6] [WARN] [1762931848.489354775] [chassis_node]: Chassis не подключен
[distance_sensors_node-7] [ERROR] [1762931848.612755881] [distance_sensors_node]: Ошибка в цикле чтения датчиков: [Errno 5] Input/output error
[distance_sensors_node-7] [ERROR] [1762931849.619951808] [distance_sensors_node]: Ошибка в цикле чтения датчиков: [Errno 5] Input/output error
[distance_sensors_node-7] [ERROR] [1762931850.626919238] [distance_sensors_node]: Ошибка в цикле чтения датчиков: [Errno 5] Input/output error
[distance_sensors_node-7] [ERROR] [1762931851.634475050] [distance_sensors_node]: Ошибка в цикле чтения датчиков: [Errno 5] Input/output error
[distance_sensors_node-7] [ERROR] [1762931852.641684701] [distance_sensors_node]: Ошибка в цикле чтения датчиков: [Errno 5] Input/output error
[distance_sensors_node-7] [ERROR] [1762931853.648647596] [distance_sensors_node]: Ошибка в цикле чтения датчиков: [Errno 5] Input/output error
[distance_sensors_node-7] [ERROR] [1762931854.656357039] [distance_sensors_node]: Ошибка в цикле чтения датчиков: [Errno 5] Input/output error
[doa_node-8] [INFO] [1762931855.503303061] [doa_node]: DOA угол: 127
[chassis_node-6] [INFO] [1762931855.511923495] [chassis_node]: Получена голосовая команда: "HEAD:CENTER"
[chassis_node-6] [WARN] [1762931855.516040928] [chassis_node]: Chassis не подключен
[distance_sensors_node-7] [ERROR] [1762931855.663254381] [distance_sensors_node]: Ошибка в цикле чтения датчиков: [Errno 5] Input/output error
[distance_sensors_node-7] [ERROR] [1762931856.670557978] [distance_sensors_node]: Ошибка в цикле чтения датчиков: [Errno 5] Input/output error
[distance_sensors_node-7] [ERROR] [1762931857.677519728] [distance_sensors_node]: Ошибка в цикле чтения датчиков: [Errno 5] Input/output error
[distance_sensors_node-7] [ERROR] [1762931858.684285889] [distance_sensors_node]: Ошибка в цикле чтения датчиков: [Errno 5] Input/output error
[distance_sensors_node-7] [ERROR] [1762931859.691115994] [distance_sensors_node]: Ошибка в цикле чтения датчиков: [Errno 5] Input/output error
[distance_sensors_node-7] [ERROR] [1762931860.697952507] [distance_sensors_node]: Ошибка в цикле чтения датчиков: [Errno 5] Input/output error
[distance_sensors_node-7] [ERROR] [1762931861.705664640] [distance_sensors_node]: Ошибка в цикле чтения датчиков: [Errno 5] Input/output error
[doa_node-8] [INFO] [1762931862.527209413] [doa_node]: DOA угол: 90
[distance_sensors_node-7] [ERROR] [1762931862.713474051] [distance_sensors_node]: Ошибка в цикле чтения датчиков: [Errno 5] Input/output error
[distance_sensors_node-7] [ERROR] [1762931863.717614283] [distance_sensors_node]: Ошибка в цикле чтения датчиков: [Errno 5] Input/output error
[distance_sensors_node-7] [ERROR] [1762931864.724585168] [distance_sensors_node]: Ошибка в цикле чтения датчиков: [Errno 5] Input/output error
[distance_sensors_node-7] [ERROR] [1762931865.731011431] [distance_sensors_node]: Ошибка в цикле чтения датчиков: [Errno 5] Input/output error
[distance_sensors_node-7] [ERROR] [1762931866.738778900] [distance_sensors_node]: Ошибка в цикле чтения датчиков: [Errno 5] Input/output error
[distance_sensors_node-7] [ERROR] [1762931867.745394921] [distance_sensors_node]: Ошибка в цикле чтения датчиков: [Errno 5] Input/output error
[distance_sensors_node-7] [ERROR] [1762931868.753185355] [distance_sensors_node]: Ошибка в цикле чтения датчиков: [Errno 5] Input/output error
[doa_node-8] [INFO] [1762931869.537273040] [doa_node]: DOA угол: 59
[distance_sensors_node-7] [ERROR] [1762931869.760899679] [distance_sensors_node]: Ошибка в цикле чтения датчиков: [Errno 5] Input/output error
[distance_sensors_node-7] [ERROR] [1762931870.768677078] [distance_sensors_node]: Ошибка в цикле чтения датчиков: [Errno 5] Input/output error
[distance_sensors_node-7] [ERROR] [1762931871.776667474] [distance_sensors_node]: Ошибка в цикле чтения датчиков: [Errno 5] Input/output error
[distance_sensors_node-7] [ERROR] [1762931872.784189451] [distance_sensors_node]: Ошибка в цикле чтения датчиков: [Errno 5] Input/output error
[distance_sensors_node-7] [ERROR] [1762931873.792025258] [distance_sensors_node]: Ошибка в цикле чтения датчиков: [Errno 5] Input/output error
[distance_sensors_node-7] [ERROR] [1762931874.799893399] [distance_sensors_node]: Ошибка в цикле чтения датчиков: [Errno 5] Input/output error
[distance_sensors_node-7] [ERROR] [1762931875.807775966] [distance_sensors_node]: Ошибка в цикле чтения датчиков: [Errno 5] Input/output error
[doa_node-8] [INFO] [1762931876.558322794] [doa_node]: DOA угол: 53
[distance_sensors_node-7] [ERROR] [1762931876.815644498] [distance_sensors_node]: Ошибка в цикле чтения датчиков: [Errno 5] Input/output error
[distance_sensors_node-7] [ERROR] [1762931877.823427882] [distance_sensors_node]: Ошибка в цикле чтения датчиков: [Errno 5] Input/output error
[distance_sensors_node-7] [ERROR] [1762931878.831351600] [distance_sensors_node]: Ошибка в цикле чтения датчиков: [Errno 5] Input/output error
[distance_sensors_node-7] [ERROR] [1762931879.838961580] [distance_sensors_node]: Ошибка в цикле чтения датчиков: [Errno 5] Input/output error
[distance_sensors_node-7] [ERROR] [1762931880.846615302] [distance_sensors_node]: Ошибка в цикле чтения датчиков: [Errno 5] Input/output error
[distance_sensors_node-7] [ERROR] [1762931881.854875647] [distance_sensors_node]: Ошибка в цикле чтения датчиков: [Errno 5] Input/output error
[distance_sensors_node-7] [ERROR] [1762931882.862665943] [distance_sensors_node]: Ошибка в цикле чтения датчиков: [Errno 5] Input/output error
[doa_node-8] [INFO] [1762931883.567281949] [doa_node]: DOA угол: 246
[chassis_node-6] [INFO] [1762931883.573920759] [chassis_node]: Получена голосовая команда: "HEAD:LEFT"
[chassis_node-6] [WARN] [1762931883.577313367] [chassis_node]: Chassis не подключен
[distance_sensors_node-7] [ERROR] [1762931883.869595009] [distance_sensors_node]: Ошибка в цикле чтения датчиков: [Errno 5] Input/output error
[distance_sensors_node-7] [ERROR] [1762931884.877139976] [distance_sensors_node]: Ошибка в цикле чтения датчиков: [Errno 5] Input/output error
[distance_sensors_node-7] [ERROR] [1762931885.880939339] [distance_sensors_node]: Ошибка в цикле чтения датчиков: [Errno 5] Input/output error
[distance_sensors_node-7] [ERROR] [1762931886.884837999] [distance_sensors_node]: Ошибка в цикле чтения датчиков: [Errno 5] Input/output error
[distance_sensors_node-7] [ERROR] [1762931887.888891713] [distance_sensors_node]: Ошибка в цикле чтения датчиков: [Errno 5] Input/output error
[distance_sensors_node-7] [ERROR] [1762931888.892932113] [distance_sensors_node]: Ошибка в цикле чтения датчиков: [Errno 5] Input/output error
[distance_sensors_node-7] [ERROR] [1762931889.899628019] [distance_sensors_node]: Ошибка в цикле чтения датчиков: [Errno 5] Input/output error
[doa_node-8] [INFO] [1762931890.590351416] [doa_node]: DOA угол: 232
[distance_sensors_node-7] [ERROR] [1762931890.904675964] [distance_sensors_node]: Ошибка в цикле чтения датчиков: [Errno 5] Input/output error
[distance_sensors_node-7] [ERROR] [1762931891.909351859] [distance_sensors_node]: Ошибка в цикле чтения датчиков: [Errno 5] Input/output error
[distance_sensors_node-7] [ERROR] [1762931892.914318751] [distance_sensors_node]: Ошибка в цикле чтения датчиков: [Errno 5] Input/output error
[distance_sensors_node-7] [ERROR] [1762931893.918922629] [distance_sensors_node]: Ошибка в цикле чтения датчиков: [Errno 5] Input/output error
[distance_sensors_node-7] [ERROR] [1762931894.922618204] [distance_sensors_node]: Ошибка в цикле чтения датчиков: [Errno 5] Input/output error
[distance_sensors_node-7] [ERROR] [1762931895.926353706] [distance_sensors_node]: Ошибка в цикле чтения датчиков: [Errno 5] Input/output error
[distance_sensors_node-7] [ERROR] [1762931896.930255835] [distance_sensors_node]: Ошибка в цикле чтения датчиков: [Errno 5] Input/output error
[doa_node-8] [INFO] [1762931897.597512625] [doa_node]: DOA угол: 240
[distance_sensors_node-7] [ERROR] [1762931897.935716910] [distance_sensors_node]: Ошибка в цикле чтения датчиков: [Errno 5] Input/output error
[distance_sensors_node-7] [ERROR] [1762931898.939911463] [distance_sensors_node]: Ошибка в цикле чтения датчиков: [Errno 5] Input/output error
[distance_sensors_node-7] [ERROR] [1762931899.943851594] [distance_sensors_node]: Ошибка в цикле чтения датчиков: [Errno 5] Input/output error
[distance_sensors_node-7] [ERROR] [1762931900.947439564] [distance_sensors_node]: Ошибка в цикле чтения датчиков: [Errno 5] Input/output error
[distance_sensors_node-7] [ERROR] [1762931901.951146940] [distance_sensors_node]: Ошибка в цикле чтения датчиков: [Errno 5] Input/output error
[distance_sensors_node-7] [ERROR] [1762931902.955232682] [distance_sensors_node]: Ошибка в цикле чтения датчиков: [Errno 5] Input/output error
[distance_sensors_node-7] [ERROR] [1762931903.959220353] [distance_sensors_node]: Ошибка в цикле чтения датчиков: [Errno 5] Input/output error
[doa_node-8] [INFO] [1762931904.605469784] [doa_node]: DOA угол: 302
[chassis_node-6] [INFO] [1762931904.609429422] [chassis_node]: Получена голосовая команда: "HEAD:RIGHT"
[chassis_node-6] [WARN] [1762931904.612767753] [chassis_node]: Chassis не подключен
[distance_sensors_node-7] [ERROR] [1762931904.963332763] [distance_sensors_node]: Ошибка в цикле чтения датчиков: [Errno 5] Input/output error
[distance_sensors_node-7] [ERROR] [1762931905.967366879] [distance_sensors_node]: Ошибка в цикле чтения датчиков: [Errno 5] Input/output error
[distance_sensors_node-7] [ERROR] [1762931906.971392606] [distance_sensors_node]: Ошибка в цикле чтения датчиков: [Errno 5] Input/output error
[distance_sensors_node-7] [ERROR] [1762931907.975105746] [distance_sensors_node]: Ошибка в цикле чтения датчиков: [Errno 5] Input/output error
[distance_sensors_node-7] [ERROR] [1762931908.979251566] [distance_sensors_node]: Ошибка в цикле чтения датчиков: [Errno 5] Input/output error
[distance_sensors_node-7] [ERROR] [1762931909.983177667] [distance_sensors_node]: Ошибка в цикле чтения датчиков: [Errno 5] Input/output error
[distance_sensors_node-7] [ERROR] [1762931910.987040066] [distance_sensors_node]: Ошибка в цикле чтения датчиков: [Errno 5] Input/output error
[doa_node-8] [INFO] [1762931911.613414642] [doa_node]: DOA угол: 237
[chassis_node-6] [INFO] [1762931911.617210653] [chassis_node]: Получена голосовая команда: "HEAD:LEFT"
[chassis_node-6] [WARN] [1762931911.620213191] [chassis_node]: Chassis не подключен
[distance_sensors_node-7] [ERROR] [1762931911.990744856] [distance_sensors_node]: Ошибка в цикле чтения датчиков: [Errno 5] Input/output error
[distance_sensors_node-7] [ERROR] [1762931912.994579127] [distance_sensors_node]: Ошибка в цикле чтения датчиков: [Errno 5] Input/output error
[distance_sensors_node-7] [ERROR] [1762931913.999790049] [distance_sensors_node]: Ошибка в цикле чтения датчиков: [Errno 5] Input/output error
[distance_sensors_node-7] [ERROR] [1762931915.005110025] [distance_sensors_node]: Ошибка в цикле чтения датчиков: [Errno 5] Input/output error
[distance_sensors_node-7] [ERROR] [1762931916.010467225] [distance_sensors_node]: Ошибка в цикле чтения датчиков: [Errno 5] Input/output error
[distance_sensors_node-7] [ERROR] [1762931917.014446163] [distance_sensors_node]: Ошибка в цикле чтения датчиков: [Errno 5] Input/output error
[distance_sensors_node-7] [ERROR] [1762931918.018251364] [distance_sensors_node]: Ошибка в цикле чтения датчиков: [Errno 5] Input/output error
[doa_node-8] [INFO] [1762931918.619452223] [doa_node]: DOA угол: 36
[chassis_node-6] [INFO] [1762931918.623196216] [chassis_node]: Получена голосовая команда: "HEAD:CENTER"
[chassis_node-6] [WARN] [1762931918.626154533] [chassis_node]: Chassis не подключен
[distance_sensors_node-7] [ERROR] [1762931919.022045973] [distance_sensors_node]: Ошибка в цикле чтения датчиков: [Errno 5] Input/output error
[distance_sensors_node-7] [ERROR] [1762931920.027650579] [distance_sensors_node]: Ошибка в цикле чтения датчиков: [Errno 5] Input/output error
[distance_sensors_node-7] [ERROR] [1762931921.031641520] [distance_sensors_node]: Ошибка в цикле чтения датчиков: [Errno 5] Input/output error
[distance_sensors_node-7] [ERROR] [1762931922.035864718] [distance_sensors_node]: Ошибка в цикле чтения датчиков: [Errno 5] Input/output error
[distance_sensors_node-7] [ERROR] [1762931923.039735236] [distance_sensors_node]: Ошибка в цикле чтения датчиков: [Errno 5] Input/output error
[distance_sensors_node-7] [ERROR] [1762931924.043550959] [distance_sensors_node]: Ошибка в цикле чтения датчиков: [Errno 5] Input/output error
[distance_sensors_node-7] [ERROR] [1762931925.047151370] [distance_sensors_node]: Ошибка в цикле чтения датчиков: [Errno 5] Input/output error
[doa_node-8] [INFO] [1762931925.627997974] [doa_node]: DOA угол: 30
[distance_sensors_node-7] [ERROR] [1762931926.050996464] [distance_sensors_node]: Ошибка в цикле чтения датчиков: [Errno 5] Input/output error
[distance_sensors_node-7] [ERROR] [1762931927.056094489] [distance_sensors_node]: Ошибка в цикле чтения датчиков: [Errno 5] Input/output error
[distance_sensors_node-7] [ERROR] [1762931928.060061490] [distance_sensors_node]: Ошибка в цикле чтения датчиков: [Errno 5] Input/output error
[distance_sensors_node-7] [ERROR] [1762931929.063973697] [distance_sensors_node]: Ошибка в цикле чтения датчиков: [Errno 5] Input/output error
[distance_sensors_node-7] [ERROR] [1762931930.067614296] [distance_sensors_node]: Ошибка в цикле чтения датчиков: [Errno 5] Input/output error
[distance_sensors_node-7] [ERROR] [1762931931.071293118] [distance_sensors_node]: Ошибка в цикле чтения датчиков: [Errno 5] Input/output error
[distance_sensors_node-7] [ERROR] [1762931932.075310084] [distance_sensors_node]: Ошибка в цикле чтения датчиков: [Errno 5] Input/output error
[doa_node-8] [INFO] [1762931932.636063002] [doa_node]: DOA угол: 217
[chassis_node-6] [INFO] [1762931932.640714206] [chassis_node]: Получена голосовая команда: "HEAD:LEFT"
[chassis_node-6] [WARN] [1762931932.644560402] [chassis_node]: Chassis не подключен
[distance_sensors_node-7] [ERROR] [1762931933.079517605] [distance_sensors_node]: Ошибка в цикле чтения датчиков: [Errno 5] Input/output error
[distance_sensors_node-7] [ERROR] [1762931934.084394155] [distance_sensors_node]: Ошибка в цикле чтения датчиков: [Errno 5] Input/output error
[distance_sensors_node-7] [ERROR] [1762931935.088223903] [distance_sensors_node]: Ошибка в цикле чтения датчиков: [Errno 5] Input/output error
[distance_sensors_node-7] [ERROR] [1762931936.092305242] [distance_sensors_node]: Ошибка в цикле чтения датчиков: [Errno 5] Input/output error
[distance_sensors_node-7] [ERROR] [1762931937.096127825] [distance_sensors_node]: Ошибка в цикле чтения датчиков: [Errno 5] Input/output error
[distance_sensors_node-7] [ERROR] [1762931938.100019834] [distance_sensors_node]: Ошибка в цикле чтения датчиков: [Errno 5] Input/output error
[distance_sensors_node-7] [ERROR] [1762931939.103765160] [distance_sensors_node]: Ошибка в цикле чтения датчиков: [Errno 5] Input/output error
[doa_node-8] [INFO] [1762931939.644531576] [doa_node]: DOA угол: 270
[chassis_node-6] [INFO] [1762931939.651763824] [chassis_node]: Получена голосовая команда: "HEAD:RIGHT"
[chassis_node-6] [WARN] [1762931939.656394139] [chassis_node]: Chassis не подключен
[distance_sensors_node-7] [ERROR] [1762931940.109419371] [distance_sensors_node]: Ошибка в цикле чтения датчиков: [Errno 5] Input/output error
[distance_sensors_node-7] [ERROR] [1762931941.113969985] [distance_sensors_node]: Ошибка в цикле чтения датчиков: [Errno 5] Input/output error
[distance_sensors_node-7] [ERROR] [1762931942.118666543] [distance_sensors_node]: Ошибка в цикле чтения датчиков: [Errno 5] Input/output error
[distance_sensors_node-7] [ERROR] [1762931943.122550962] [distance_sensors_node]: Ошибка в цикле чтения датчиков: [Errno 5] Input/output error
[distance_sensors_node-7] [ERROR] [1762931944.126374087] [distance_sensors_node]: Ошибка в цикле чтения датчиков: [Errno 5] Input/output error
[distance_sensors_node-7] [ERROR] [1762931945.132319391] [distance_sensors_node]: Ошибка в цикле чтения датчиков: [Errno 5] Input/output error
[distance_sensors_node-7] [ERROR] [1762931946.138182696] [distance_sensors_node]: Ошибка в цикле чтения датчиков: [Errno 5] Input/output error
[doa_node-8] [INFO] [1762931946.651744936] [doa_node]: DOA угол: 143
[chassis_node-6] [INFO] [1762931946.655500670] [chassis_node]: Получена голосовая команда: "HEAD:CENTER"
[chassis_node-6] [WARN] [1762931946.658520486] [chassis_node]: Chassis не подключен
[distance_sensors_node-7] [ERROR] [1762931947.141140000] [distance_sensors_node]: Ошибка в цикле чтения датчиков: [Errno 5] Input/output error
[distance_sensors_node-7] [ERROR] [1762931948.148712712] [distance_sensors_node]: Ошибка в цикле чтения датчиков: [Errno 5] Input/output error
[distance_sensors_node-7] [ERROR] [1762931949.155566952] [distance_sensors_node]: Ошибка в цикле чтения датчиков: [Errno 5] Input/output error
[distance_sensors_node-7] [ERROR] [1762931950.163104074] [distance_sensors_node]: Ошибка в цикле чтения датчиков: [Errno 5] Input/output error
[distance_sensors_node-7] [ERROR] [1762931951.170294478] [distance_sensors_node]: Ошибка в цикле чтения датчиков: [Errno 5] Input/output error
[distance_sensors_node-7] [ERROR] [1762931952.177564826] [distance_sensors_node]: Ошибка в цикле чтения датчиков: [Errno 5] Input/output error
[distance_sensors_node-7] [ERROR] [1762931953.184567455] [distance_sensors_node]: Ошибка в цикле чтения датчиков: [Errno 5] Input/output error
[doa_node-8] [INFO] [1762931953.663496367] [doa_node]: DOA угол: 36
[distance_sensors_node-7] [ERROR] [1762931954.192080265] [distance_sensors_node]: Ошибка в цикле чтения датчиков: [Errno 5] Input/output error
[distance_sensors_node-7] [ERROR] [1762931955.199892608] [distance_sensors_node]: Ошибка в цикле чтения датчиков: [Errno 5] Input/output error
[distance_sensors_node-7] [ERROR] [1762931956.207777544] [distance_sensors_node]: Ошибка в цикле чтения датчиков: [Errno 5] Input/output error
[distance_sensors_node-7] [ERROR] [1762931957.215548834] [distance_sensors_node]: Ошибка в цикле чтения датчиков: [Errno 5] Input/output error
[distance_sensors_node-7] [ERROR] [1762931958.223513567] [distance_sensors_node]: Ошибка в цикле чтения датчиков: [Errno 5] Input/output error
[distance_sensors_node-7] [ERROR] [1762931959.231314820] [distance_sensors_node]: Ошибка в цикле чтения датчиков: [Errno 5] Input/output error
[distance_sensors_node-7] [ERROR] [1762931960.239022464] [distance_sensors_node]: Ошибка в цикле чтения датчиков: [Errno 5] Input/output error
[doa_node-8] [INFO] [1762931960.687896233] [doa_node]: DOA угол: 36
[distance_sensors_node-7] [ERROR] [1762931961.246517945] [distance_sensors_node]: Ошибка в цикле чтения датчиков: [Errno 5] Input/output error
[distance_sensors_node-7] [ERROR] [1762931962.254222961] [distance_sensors_node]: Ошибка в цикле чтения датчиков: [Errno 5] Input/output error
[distance_sensors_node-7] [ERROR] [1762931963.261618666] [distance_sensors_node]: Ошибка в цикле чтения датчиков: [Errno 5] Input/output error
[distance_sensors_node-7] [ERROR] [1762931964.268416657] [distance_sensors_node]: Ошибка в цикле чтения датчиков: [Errno 5] Input/output error
[distance_sensors_node-7] [ERROR] [1762931965.276309858] [distance_sensors_node]: Ошибка в цикле чтения датчиков: [Errno 5] Input/output error
[distance_sensors_node-7] [ERROR] [1762931966.283723157] [distance_sensors_node]: Ошибка в цикле чтения датчиков: [Errno 5] Input/output error
[distance_sensors_node-7] [ERROR] [1762931967.290713073] [distance_sensors_node]: Ошибка в цикле чтения датчиков: [Errno 5] Input/output error
[doa_node-8] [INFO] [1762931967.711893745] [doa_node]: DOA угол: 325
[chassis_node-6] [INFO] [1762931967.720449866] [chassis_node]: Получена голосовая команда: "HEAD:RIGHT"
[chassis_node-6] [WARN] [1762931967.723814586] [chassis_node]: Chassis не подключен
[distance_sensors_node-7] [ERROR] [1762931968.295047188] [distance_sensors_node]: Ошибка в цикле чтения датчиков: [Errno 5] Input/output error
[distance_sensors_node-7] [ERROR] [1762931969.302775801] [distance_sensors_node]: Ошибка в цикле чтения датчиков: [Errno 5] Input/output error
[distance_sensors_node-7] [ERROR] [1762931970.311184295] [distance_sensors_node]: Ошибка в цикле чтения датчиков: [Errno 5] Input/output error
[distance_sensors_node-7] [ERROR] [1762931971.319408458] [distance_sensors_node]: Ошибка в цикле чтения датчиков: [Errno 5] Input/output error
[distance_sensors_node-7] [ERROR] [1762931972.326564227] [distance_sensors_node]: Ошибка в цикле чтения датчиков: [Errno 5] Input/output error
[distance_sensors_node-7] [ERROR] [1762931973.334081937] [distance_sensors_node]: Ошибка в цикле чтения датчиков: [Errno 5] Input/output error
[distance_sensors_node-7] [ERROR] [1762931974.340242960] [distance_sensors_node]: Ошибка в цикле чтения датчиков: [Errno 5] Input/output error
[doa_node-8] [INFO] [1762931974.735328423] [doa_node]: DOA угол: 34
[chassis_node-6] [INFO] [1762931974.743144516] [chassis_node]: Получена голосовая команда: "HEAD:CENTER"
[chassis_node-6] [WARN] [1762931974.747937033] [chassis_node]: Chassis не подключен
[distance_sensors_node-7] [ERROR] [1762931975.347132919] [distance_sensors_node]: Ошибка в цикле чтения датчиков: [Errno 5] Input/output error
[distance_sensors_node-7] [ERROR] [1762931976.355073663] [distance_sensors_node]: Ошибка в цикле чтения датчиков: [Errno 5] Input/output error
[distance_sensors_node-7] [ERROR] [1762931977.362745596] [distance_sensors_node]: Ошибка в цикле чтения датчиков: [Errno 5] Input/output error
[distance_sensors_node-7] [ERROR] [1762931978.370648860] [distance_sensors_node]: Ошибка в цикле чтения датчиков: [Errno 5] Input/output error
[distance_sensors_node-7] [ERROR] [1762931979.377544932] [distance_sensors_node]: Ошибка в цикле чтения датчиков: [Errno 5] Input/output error
[distance_sensors_node-7] [ERROR] [1762931980.385772971] [distance_sensors_node]: Ошибка в цикле чтения датчиков: [Errno 5] Input/output error
[distance_sensors_node-7] [ERROR] [1762931981.394168102] [distance_sensors_node]: Ошибка в цикле чтения датчиков: [Errno 5] Input/output error
[doa_node-8] [INFO] [1762931981.758782111] [doa_node]: DOA угол: 124
[distance_sensors_node-7] [ERROR] [1762931982.402575251] [distance_sensors_node]: Ошибка в цикле чтения датчиков: [Errno 5] Input/output error
[distance_sensors_node-7] [ERROR] [1762931983.409954098] [distance_sensors_node]: Ошибка в цикле чтения датчиков: [Errno 5] Input/output error
[distance_sensors_node-7] [ERROR] [1762931984.416930617] [distance_sensors_node]: Ошибка в цикле чтения датчиков: [Errno 5] Input/output error
[distance_sensors_node-7] [ERROR] [1762931985.425246992] [distance_sensors_node]: Ошибка в цикле чтения датчиков: [Errno 5] Input/output error
[distance_sensors_node-7] [ERROR] [1762931986.433047187] [distance_sensors_node]: Ошибка в цикле чтения датчиков: [Errno 5] Input/output error
[distance_sensors_node-7] [ERROR] [1762931987.436989485] [distance_sensors_node]: Ошибка в цикле чтения датчиков: [Errno 5] Input/output error
[distance_sensors_node-7] [ERROR] [1762931988.444698090] [distance_sensors_node]: Ошибка в цикле чтения датчиков: [Errno 5] Input/output error
[doa_node-8] [INFO] [1762931988.768801006] [doa_node]: DOA угол: 143
[distance_sensors_node-7] [ERROR] [1762931989.452585842] [distance_sensors_node]: Ошибка в цикле чтения датчиков: [Errno 5] Input/output error
[distance_sensors_node-7] [ERROR] [1762931990.460346374] [distance_sensors_node]: Ошибка в цикле чтения датчиков: [Errno 5] Input/output error
[distance_sensors_node-7] [ERROR] [1762931991.467212825] [distance_sensors_node]: Ошибка в цикле чтения датчиков: [Errno 5] Input/output error
[distance_sensors_node-7] [ERROR] [1762931992.474109979] [distance_sensors_node]: Ошибка в цикле чтения датчиков: [Errno 5] Input/output error
[distance_sensors_node-7] [ERROR] [1762931993.481842273] [distance_sensors_node]: Ошибка в цикле чтения датчиков: [Errno 5] Input/output error
[distance_sensors_node-7] [ERROR] [1762931994.488765446] [distance_sensors_node]: Ошибка в цикле чтения датчиков: [Errno 5] Input/output error
[distance_sensors_node-7] [ERROR] [1762931995.494977148] [distance_sensors_node]: Ошибка в цикле чтения датчиков: [Errno 5] Input/output error
[doa_node-8] [INFO] [1762931995.791047284] [doa_node]: DOA угол: 215
[chassis_node-6] [INFO] [1762931995.796540015] [chassis_node]: Получена голосовая команда: "HEAD:LEFT"
[chassis_node-6] [WARN] [1762931995.800327804] [chassis_node]: Chassis не подключен
[distance_sensors_node-7] [ERROR] [1762931996.502696332] [distance_sensors_node]: Ошибка в цикле чтения датчиков: [Errno 5] Input/output error
[distance_sensors_node-7] [ERROR] [1762931997.509545860] [distance_sensors_node]: Ошибка в цикле чтения датчиков: [Errno 5] Input/output error
[distance_sensors_node-7] [ERROR] [1762931998.516943660] [distance_sensors_node]: Ошибка в цикле чтения датчиков: [Errno 5] Input/output error
[distance_sensors_node-7] [ERROR] [1762931999.524558477] [distance_sensors_node]: Ошибка в цикле чтения датчиков: [Errno 5] Input/output error
[distance_sensors_node-7] [ERROR] [1762932000.532422680] [distance_sensors_node]: Ошибка в цикле чтения датчиков: [Errno 5] Input/output error
[distance_sensors_node-7] [ERROR] [1762932001.539734890] [distance_sensors_node]: Ошибка в цикле чтения датчиков: [Errno 5] Input/output error
[distance_sensors_node-7] [ERROR] [1762932002.547229710] [distance_sensors_node]: Ошибка в цикле чтения датчиков: [Errno 5] Input/output error
[doa_node-8] [INFO] [1762932002.799929359] [doa_node]: DOA угол: 321
[chassis_node-6] [INFO] [1762932002.805500108] [chassis_node]: Получена голосовая команда: "HEAD:RIGHT"
[chassis_node-6] [WARN] [1762932002.809041733] [chassis_node]: Chassis не подключен
[distance_sensors_node-7] [ERROR] [1762932003.554932861] [distance_sensors_node]: Ошибка в цикле чтения датчиков: [Errno 5] Input/output error
[distance_sensors_node-7] [ERROR] [1762932004.562013613] [distance_sensors_node]: Ошибка в цикле чтения датчиков: [Errno 5] Input/output error
[distance_sensors_node-7] [ERROR] [1762932005.569778764] [distance_sensors_node]: Ошибка в цикле чтения датчиков: [Errno 5] Input/output error
[distance_sensors_node-7] [ERROR] [1762932006.573752128] [distance_sensors_node]: Ошибка в цикле чтения датчиков: [Errno 5] Input/output error
[distance_sensors_node-7] [ERROR] [1762932007.581757926] [distance_sensors_node]: Ошибка в цикле чтения датчиков: [Errno 5] Input/output error
[distance_sensors_node-7] [ERROR] [1762932008.588835828] [distance_sensors_node]: Ошибка в цикле чтения датчиков: [Errno 5] Input/output error
[distance_sensors_node-7] [ERROR] [1762932009.595597531] [distance_sensors_node]: Ошибка в цикле чтения датчиков: [Errno 5] Input/output error
[doa_node-8] [INFO] [1762932009.809910652] [doa_node]: DOA угол: 214
[chassis_node-6] [INFO] [1762932009.815370180] [chassis_node]: Получена голосовая команда: "HEAD:LEFT"
[chassis_node-6] [WARN] [1762932009.819069099] [chassis_node]: Chassis не подключен
[distance_sensors_node-7] [ERROR] [1762932010.602687230] [distance_sensors_node]: Ошибка в цикле чтения датчиков: [Errno 5] Input/output error
[distance_sensors_node-7] [ERROR] [1762932011.609533896] [distance_sensors_node]: Ошибка в цикле чтения датчиков: [Errno 5] Input/output error
[distance_sensors_node-7] [ERROR] [1762932012.617048203] [distance_sensors_node]: Ошибка в цикле чтения датчиков: [Errno 5] Input/output error
[distance_sensors_node-7] [ERROR] [1762932013.624779804] [distance_sensors_node]: Ошибка в цикле чтения датчиков: [Errno 5] Input/output error
[distance_sensors_node-7] [ERROR] [1762932014.630987386] [distance_sensors_node]: Ошибка в цикле чтения датчиков: [Errno 5] Input/output error
[distance_sensors_node-7] [ERROR] [1762932015.638039533] [distance_sensors_node]: Ошибка в цикле чтения датчиков: [Errno 5] Input/output error
[distance_sensors_node-7] [ERROR] [1762932016.645406640] [distance_sensors_node]: Ошибка в цикле чтения датчиков: [Errno 5] Input/output error
[doa_node-8] [INFO] [1762932016.831324967] [doa_node]: DOA угол: 214
[distance_sensors_node-7] [ERROR] [1762932017.653028337] [distance_sensors_node]: Ошибка в цикле чтения датчиков: [Errno 5] Input/output error
[distance_sensors_node-7] [ERROR] [1762932018.660531332] [distance_sensors_node]: Ошибка в цикле чтения датчиков: [Errno 5] Input/output error
[distance_sensors_node-7] [ERROR] [1762932019.667478464] [distance_sensors_node]: Ошибка в цикле чтения датчиков: [Errno 5] Input/output error
[distance_sensors_node-7] [ERROR] [1762932020.674288821] [distance_sensors_node]: Ошибка в цикле чтения датчиков: [Errno 5] Input/output error
[distance_sensors_node-7] [ERROR] [1762932021.681088215] [distance_sensors_node]: Ошибка в цикле чтения датчиков: [Errno 5] Input/output error
[distance_sensors_node-7] [ERROR] [1762932022.688820747] [distance_sensors_node]: Ошибка в цикле чтения датчиков: [Errno 5] Input/output error
[distance_sensors_node-7] [ERROR] [1762932023.695801529] [distance_sensors_node]: Ошибка в цикле чтения датчиков: [Errno 5] Input/output error
[doa_node-8] [INFO] [1762932023.839889349] [doa_node]: DOA угол: 145
[chassis_node-6] [INFO] [1762932023.845573153] [chassis_node]: Получена голосовая команда: "HEAD:CENTER"
[chassis_node-6] [WARN] [1762932023.849569957] [chassis_node]: Chassis не подключен
[distance_sensors_node-7] [ERROR] [1762932024.703493895] [distance_sensors_node]: Ошибка в цикле чтения датчиков: [Errno 5] Input/output error
[distance_sensors_node-7] [ERROR] [1762932025.711304724] [distance_sensors_node]: Ошибка в цикле чтения датчиков: [Errno 5] Input/output error
[distance_sensors_node-7] [ERROR] [1762932026.718516912] [distance_sensors_node]: Ошибка в цикле чтения датчиков: [Errno 5] Input/output error
[distance_sensors_node-7] [ERROR] [1762932027.726175577] [distance_sensors_node]: Ошибка в цикле чтения датчиков: [Errno 5] Input/output error
[distance_sensors_node-7] [ERROR] [1762932028.733588079] [distance_sensors_node]: Ошибка в цикле чтения датчиков: [Errno 5] Input/output error
[distance_sensors_node-7] [ERROR] [1762932029.739629579] [distance_sensors_node]: Ошибка в цикле чтения датчиков: [Errno 5] Input/output error
[distance_sensors_node-7] [ERROR] [1762932030.746659864] [distance_sensors_node]: Ошибка в цикле чтения датчиков: [Errno 5] Input/output error
[doa_node-8] [INFO] [1762932030.847441640] [doa_node]: DOA угол: 143
[distance_sensors_node-7] [ERROR] [1762932031.754242514] [distance_sensors_node]: Ошибка в цикле чтения датчиков: [Errno 5] Input/output error
[distance_sensors_node-7] [ERROR] [1762932032.762014421] [distance_sensors_node]: Ошибка в цикле чтения датчиков: [Errno 5] Input/output error
[distance_sensors_node-7] [ERROR] [1762932033.768940024] [distance_sensors_node]: Ошибка в цикле чтения датчиков: [Errno 5] Input/output error
[distance_sensors_node-7] [ERROR] [1762932034.772581110] [distance_sensors_node]: Ошибка в цикле чтения датчиков: [Errno 5] Input/output error
[distance_sensors_node-7] [ERROR] [1762932035.780090559] [distance_sensors_node]: Ошибка в цикле чтения датчиков: [Errno 5] Input/output error
[distance_sensors_node-7] [ERROR] [1762932036.787867579] [distance_sensors_node]: Ошибка в цикле чтения датчиков: [Errno 5] Input/output error
[distance_sensors_node-7] [ERROR] [1762932037.795878116] [distance_sensors_node]: Ошибка в цикле чтения датчиков: [Errno 5] Input/output error
[doa_node-8] [INFO] [1762932037.858374806] [doa_node]: DOA угол: 37
[distance_sensors_node-7] [ERROR] [1762932038.802823666] [distance_sensors_node]: Ошибка в цикле чтения датчиков: [Errno 5] Input/output error
[distance_sensors_node-7] [ERROR] [1762932039.810699020] [distance_sensors_node]: Ошибка в цикле чтения датчиков: [Errno 5] Input/output error
[distance_sensors_node-7] [ERROR] [1762932040.818535838] [distance_sensors_node]: Ошибка в цикле чтения датчиков: [Errno 5] Input/output error
[distance_sensors_node-7] [ERROR] [1762932041.826230862] [distance_sensors_node]: Ошибка в цикле чтения датчиков: [Errno 5] Input/output error
[distance_sensors_node-7] [ERROR] [1762932042.833081396] [distance_sensors_node]: Ошибка в цикле чтения датчиков: [Errno 5] Input/output error
[distance_sensors_node-7] [ERROR] [1762932043.840897753] [distance_sensors_node]: Ошибка в цикле чтения датчиков: [Errno 5] Input/output error
[distance_sensors_node-7] [ERROR] [1762932044.846719356] [distance_sensors_node]: Ошибка в цикле чтения датчиков: [Errno 5] Input/output error
[doa_node-8] [INFO] [1762932044.880292720] [doa_node]: DOA угол: 214
[chassis_node-6] [INFO] [1762932044.886222984] [chassis_node]: Получена голосовая команда: "HEAD:LEFT"
[chassis_node-6] [WARN] [1762932044.889923329] [chassis_node]: Chassis не подключен
[distance_sensors_node-7] [ERROR] [1762932045.853739223] [distance_sensors_node]: Ошибка в цикле чтения датчиков: [Errno 5] Input/output error
[distance_sensors_node-7] [ERROR] [1762932046.860982737] [distance_sensors_node]: Ошибка в цикле чтения датчиков: [Errno 5] Input/output error
[distance_sensors_node-7] [ERROR] [1762932047.867797089] [distance_sensors_node]: Ошибка в цикле чтения датчиков: [Errno 5] Input/output error
[distance_sensors_node-7] [ERROR] [1762932048.874601201] [distance_sensors_node]: Ошибка в цикле чтения датчиков: [Errno 5] Input/output error
[distance_sensors_node-7] [ERROR] [1762932049.881593534] [distance_sensors_node]: Ошибка в цикле чтения датчиков: [Errno 5] Input/output error
[distance_sensors_node-7] [ERROR] [1762932050.889399413] [distance_sensors_node]: Ошибка в цикле чтения датчиков: [Errno 5] Input/output error
[doa_node-8] [INFO] [1762932051.890188616] [doa_node]: DOA угол: 107
[distance_sensors_node-7] [ERROR] [1762932051.895302537] [distance_sensors_node]: Ошибка в цикле чтения датчиков: [Errno 5] Input/output error
[chassis_node-6] [INFO] [1762932051.896001233] [chassis_node]: Получена голосовая команда: "HEAD:CENTER"
[chassis_node-6] [WARN] [1762932051.900097814] [chassis_node]: Chassis не подключен
[distance_sensors_node-7] [ERROR] [1762932052.902155836] [distance_sensors_node]: Ошибка в цикле чтения датчиков: [Errno 5] Input/output error
[distance_sensors_node-7] [ERROR] [1762932053.906232687] [distance_sensors_node]: Ошибка в цикле чтения датчиков: [Errno 5] Input/output error
[distance_sensors_node-7] [ERROR] [1762932054.910823402] [distance_sensors_node]: Ошибка в цикле чтения датчиков: [Errno 5] Input/output error
[distance_sensors_node-7] [ERROR] [1762932055.918665117] [distance_sensors_node]: Ошибка в цикле чтения датчиков: [Errno 5] Input/output error
[distance_sensors_node-7] [ERROR] [1762932056.926166391] [distance_sensors_node]: Ошибка в цикле чтения датчиков: [Errno 5] Input/output error
[distance_sensors_node-7] [ERROR] [1762932057.933815313] [distance_sensors_node]: Ошибка в цикле чтения датчиков: [Errno 5] Input/output error
[doa_node-8] [INFO] [1762932058.911557642] [doa_node]: DOA угол: 38
[distance_sensors_node-7] [ERROR] [1762932058.940423951] [distance_sensors_node]: Ошибка в цикле чтения датчиков: [Errno 5] Input/output error
[distance_sensors_node-7] [ERROR] [1762932059.948530053] [distance_sensors_node]: Ошибка в цикле чтения датчиков: [Errno 5] Input/output error
[distance_sensors_node-7] [ERROR] [1762932060.956711656] [distance_sensors_node]: Ошибка в цикле чтения датчиков: [Errno 5] Input/output error
[distance_sensors_node-7] [ERROR] [1762932061.964543799] [distance_sensors_node]: Ошибка в цикле чтения датчиков: [Errno 5] Input/output error
[distance_sensors_node-7] [ERROR] [1762932062.973973684] [distance_sensors_node]: Ошибка в цикле чтения датчиков: [Errno 5] Input/output error
[distance_sensors_node-7] [ERROR] [1762932063.982256694] [distance_sensors_node]: Ошибка в цикле чтения датчиков: [Errno 5] Input/output error
[distance_sensors_node-7] [ERROR] [1762932064.989396069] [distance_sensors_node]: Ошибка в цикле чтения датчиков: [Errno 5] Input/output error
[doa_node-8] [INFO] [1762932065.920587098] [doa_node]: DOA угол: 323
[chassis_node-6] [INFO] [1762932065.926444733] [chassis_node]: Получена голосовая команда: "HEAD:RIGHT"
[chassis_node-6] [WARN] [1762932065.930965291] [chassis_node]: Chassis не подключен
[distance_sensors_node-7] [ERROR] [1762932065.997647673] [distance_sensors_node]: Ошибка в цикле чтения датчиков: [Errno 5] Input/output error
[distance_sensors_node-7] [ERROR] [1762932067.005294729] [distance_sensors_node]: Ошибка в цикле чтения датчиков: [Errno 5] Input/output error
[distance_sensors_node-7] [ERROR] [1762932068.010858291] [distance_sensors_node]: Ошибка в цикле чтения датчиков: [Errno 5] Input/output error
[distance_sensors_node-7] [ERROR] [1762932069.019200821] [distance_sensors_node]: Ошибка в цикле чтения датчиков: [Errno 5] Input/output error
[distance_sensors_node-7] [ERROR] [1762932070.027439076] [distance_sensors_node]: Ошибка в цикле чтения датчиков: [Errno 5] Input/output error
[distance_sensors_node-7] [ERROR] [1762932071.035349964] [distance_sensors_node]: Ошибка в цикле чтения датчиков: [Errno 5] Input/output error
[distance_sensors_node-7] [ERROR] [1762932072.042679266] [distance_sensors_node]: Ошибка в цикле чтения датчиков: [Errno 5] Input/output error
[doa_node-8] [INFO] [1762932072.930262830] [doa_node]: DOA угол: 258
[chassis_node-6] [INFO] [1762932072.936096557] [chassis_node]: Получена голосовая команда: "HEAD:LEFT"
[chassis_node-6] [WARN] [1762932072.940295230] [chassis_node]: Chassis не подключен
[distance_sensors_node-7] [ERROR] [1762932073.049094340] [distance_sensors_node]: Ошибка в цикле чтения датчиков: [Errno 5] Input/output error
[distance_sensors_node-7] [ERROR] [1762932074.057237171] [distance_sensors_node]: Ошибка в цикле чтения датчиков: [Errno 5] Input/output error
[distance_sensors_node-7] [ERROR] [1762932075.064394755] [distance_sensors_node]: Ошибка в цикле чтения датчиков: [Errno 5] Input/output error
[distance_sensors_node-7] [ERROR] [1762932076.072997119] [distance_sensors_node]: Ошибка в цикле чтения датчиков: [Errno 5] Input/output error
[distance_sensors_node-7] [ERROR] [1762932077.079103216] [distance_sensors_node]: Ошибка в цикле чтения датчиков: [Errno 5] Input/output error
[distance_sensors_node-7] [ERROR] [1762932078.087298512] [distance_sensors_node]: Ошибка в цикле чтения датчиков: [Errno 5] Input/output error
[distance_sensors_node-7] [ERROR] [1762932079.095188293] [distance_sensors_node]: Ошибка в цикле чтения датчиков: [Errno 5] Input/output error
[doa_node-8] [INFO] [1762932079.951506320] [doa_node]: DOA угол: 265
[distance_sensors_node-7] [ERROR] [1762932080.103531273] [distance_sensors_node]: Ошибка в цикле чтения датчиков: [Errno 5] Input/output error
[distance_sensors_node-7] [ERROR] [1762932081.111927235] [distance_sensors_node]: Ошибка в цикле чтения датчиков: [Errno 5] Input/output error
[distance_sensors_node-7] [ERROR] [1762932082.116287781] [distance_sensors_node]: Ошибка в цикле чтения датчиков: [Errno 5] Input/output error
[distance_sensors_node-7] [ERROR] [1762932083.123633978] [distance_sensors_node]: Ошибка в цикле чтения датчиков: [Errno 5] Input/output error
[distance_sensors_node-7] [ERROR] [1762932084.130763400] [distance_sensors_node]: Ошибка в цикле чтения датчиков: [Errno 5] Input/output error
[distance_sensors_node-7] [ERROR] [1762932085.138653462] [distance_sensors_node]: Ошибка в цикле чтения датчиков: [Errno 5] Input/output error
[distance_sensors_node-7] [ERROR] [1762932086.146659726] [distance_sensors_node]: Ошибка в цикле чтения датчиков: [Errno 5] Input/output error
[doa_node-8] [INFO] [1762932086.959427656] [doa_node]: DOA угол: 63
[chassis_node-6] [INFO] [1762932086.965069127] [chassis_node]: Получена голосовая команда: "HEAD:CENTER"
[chassis_node-6] [WARN] [1762932086.969443520] [chassis_node]: Chassis не подключен
[distance_sensors_node-7] [ERROR] [1762932087.154479698] [distance_sensors_node]: Ошибка в цикле чтения датчиков: [Errno 5] Input/output error
[distance_sensors_node-7] [ERROR] [1762932088.160830371] [distance_sensors_node]: Ошибка в цикле чтения датчиков: [Errno 5] Input/output error
[distance_sensors_node-7] [ERROR] [1762932089.166234131] [distance_sensors_node]: Ошибка в цикле чтения датчиков: [Errno 5] Input/output error
[distance_sensors_node-7] [ERROR] [1762932090.170737217] [distance_sensors_node]: Ошибка в цикле чтения датчиков: [Errno 5] Input/output error
[distance_sensors_node-7] [ERROR] [1762932091.177544072] [distance_sensors_node]: Ошибка в цикле чтения датчиков: [Errno 5] Input/output error
[distance_sensors_node-7] [ERROR] [1762932092.185241065] [distance_sensors_node]: Ошибка в цикле чтения датчиков: [Errno 5] Input/output error
[distance_sensors_node-7] [ERROR] [1762932093.193350665] [distance_sensors_node]: Ошибка в цикле чтения датчиков: [Errno 5] Input/output error
[doa_node-8] [INFO] [1762932093.969334141] [doa_node]: DOA угол: 290
[chassis_node-6] [INFO] [1762932093.975026241] [chassis_node]: Получена голосовая команда: "HEAD:RIGHT"
[chassis_node-6] [WARN] [1762932093.979228951] [chassis_node]: Chassis не подключен
[distance_sensors_node-7] [ERROR] [1762932094.200804903] [distance_sensors_node]: Ошибка в цикле чтения датчиков: [Errno 5] Input/output error
[distance_sensors_node-7] [ERROR] [1762932095.209197946] [distance_sensors_node]: Ошибка в цикле чтения датчиков: [Errno 5] Input/output error
[distance_sensors_node-7] [ERROR] [1762932096.217386139] [distance_sensors_node]: Ошибка в цикле чтения датчиков: [Errno 5] Input/output error
[distance_sensors_node-7] [ERROR] [1762932097.224707676] [distance_sensors_node]: Ошибка в цикле чтения датчиков: [Errno 5] Input/output error
[distance_sensors_node-7] [ERROR] [1762932098.232591911] [distance_sensors_node]: Ошибка в цикле чтения датчиков: [Errno 5] Input/output error
[distance_sensors_node-7] [ERROR] [1762932099.240594719] [distance_sensors_node]: Ошибка в цикле чтения датчиков: [Errno 5] Input/output error
[distance_sensors_node-7] [ERROR] [1762932100.248417955] [distance_sensors_node]: Ошибка в цикле чтения датчиков: [Errno 5] Input/output error
[doa_node-8] [INFO] [1762932100.988999664] [doa_node]: DOA угол: 258
[chassis_node-6] [INFO] [1762932100.993039080] [chassis_node]: Получена голосовая команда: "HEAD:LEFT"
[chassis_node-6] [WARN] [1762932100.996712926] [chassis_node]: Chassis не подключен
[distance_sensors_node-7] [ERROR] [1762932101.256264155] [distance_sensors_node]: Ошибка в цикле чтения датчиков: [Errno 5] Input/output error
[distance_sensors_node-7] [ERROR] [1762932102.264392870] [distance_sensors_node]: Ошибка в цикле чтения датчиков: [Errno 5] Input/output error
[distance_sensors_node-7] [ERROR] [1762932103.272626640] [distance_sensors_node]: Ошибка в цикле чтения датчиков: [Errno 5] Input/output error
[distance_sensors_node-7] [ERROR] [1762932104.279867256] [distance_sensors_node]: Ошибка в цикле чтения датчиков: [Errno 5] Input/output error
[distance_sensors_node-7] [ERROR] [1762932105.287839493] [distance_sensors_node]: Ошибка в цикле чтения датчиков: [Errno 5] Input/output error
[distance_sensors_node-7] [ERROR] [1762932106.296098468] [distance_sensors_node]: Ошибка в цикле чтения датчиков: [Errno 5] Input/output error
[distance_sensors_node-7] [ERROR] [1762932107.304395183] [distance_sensors_node]: Ошибка в цикле чтения датчиков: [Errno 5] Input/output error
[doa_node-8] [INFO] [1762932108.002120898] [doa_node]: DOA угол: 110
[chassis_node-6] [INFO] [1762932108.009454664] [chassis_node]: Получена голосовая команда: "HEAD:CENTER"
[chassis_node-6] [WARN] [1762932108.013096639] [chassis_node]: Chassis не подключен
[distance_sensors_node-7] [ERROR] [1762932108.312555031] [distance_sensors_node]: Ошибка в цикле чтения датчиков: [Errno 5] Input/output error
[distance_sensors_node-7] [ERROR] [1762932109.320726489] [distance_sensors_node]: Ошибка в цикле чтения датчиков: [Errno 5] Input/output error
[distance_sensors_node-7] [ERROR] [1762932110.324585888] [distance_sensors_node]: Ошибка в цикле чтения датчиков: [Errno 5] Input/output error
[distance_sensors_node-7] [ERROR] [1762932111.332530925] [distance_sensors_node]: Ошибка в цикле чтения датчиков: [Errno 5] Input/output error
[distance_sensors_node-7] [ERROR] [1762932112.340724292] [distance_sensors_node]: Ошибка в цикле чтения датчиков: [Errno 5] Input/output error
[distance_sensors_node-7] [ERROR] [1762932113.345238110] [distance_sensors_node]: Ошибка в цикле чтения датчиков: [Errno 5] Input/output error
[distance_sensors_node-7] [ERROR] [1762932114.351663333] [distance_sensors_node]: Ошибка в цикле чтения датчиков: [Errno 5] Input/output error
[doa_node-8] [INFO] [1762932115.020793941] [doa_node]: DOA угол: 305
[chassis_node-6] [INFO] [1762932115.025347609] [chassis_node]: Получена голосовая команда: "HEAD:RIGHT"
[chassis_node-6] [WARN] [1762932115.029566004] [chassis_node]: Chassis не подключен
[distance_sensors_node-7] [ERROR] [1762932115.358847102] [distance_sensors_node]: Ошибка в цикле чтения датчиков: [Errno 5] Input/output error
[distance_sensors_node-7] [ERROR] [1762932116.367207247] [distance_sensors_node]: Ошибка в цикле чтения датчиков: [Errno 5] Input/output error
[distance_sensors_node-7] [ERROR] [1762932117.375410505] [distance_sensors_node]: Ошибка в цикле чтения датчиков: [Errno 5] Input/output error
[distance_sensors_node-7] [ERROR] [1762932118.383633301] [distance_sensors_node]: Ошибка в цикле чтения датчиков: [Errno 5] Input/output error
[distance_sensors_node-7] [ERROR] [1762932119.391788468] [distance_sensors_node]: Ошибка в цикле чтения датчиков: [Errno 5] Input/output error
[distance_sensors_node-7] [ERROR] [1762932120.399543011] [distance_sensors_node]: Ошибка в цикле чтения датчиков: [Errno 5] Input/output error
[distance_sensors_node-7] [ERROR] [1762932121.406755246] [distance_sensors_node]: Ошибка в цикле чтения датчиков: [Errno 5] Input/output error
[doa_node-8] [INFO] [1762932122.032683863] [doa_node]: DOA угол: 322
[distance_sensors_node-7] [ERROR] [1762932122.414097368] [distance_sensors_node]: Ошибка в цикле чтения датчиков: [Errno 5] Input/output error
[distance_sensors_node-7] [ERROR] [1762932123.422214019] [distance_sensors_node]: Ошибка в цикле чтения датчиков: [Errno 5] Input/output error
[distance_sensors_node-7] [ERROR] [1762932124.430850127] [distance_sensors_node]: Ошибка в цикле чтения датчиков: [Errno 5] Input/output error
[distance_sensors_node-7] [ERROR] [1762932125.438090179] [distance_sensors_node]: Ошибка в цикле чтения датчиков: [Errno 5] Input/output error
[distance_sensors_node-7] [ERROR] [1762932126.443949839] [distance_sensors_node]: Ошибка в цикле чтения датчиков: [Errno 5] Input/output error
[distance_sensors_node-7] [ERROR] [1762932127.452165879] [distance_sensors_node]: Ошибка в цикле чтения датчиков: [Errno 5] Input/output error
[distance_sensors_node-7] [ERROR] [1762932128.460361957] [distance_sensors_node]: Ошибка в цикле чтения датчиков: [Errno 5] Input/output error
[doa_node-8] [INFO] [1762932129.038670654] [doa_node]: DOA угол: 322
[distance_sensors_node-7] [ERROR] [1762932129.465941011] [distance_sensors_node]: Ошибка в цикле чтения датчиков: [Errno 5] Input/output error
[distance_sensors_node-7] [ERROR] [1762932130.474052777] [distance_sensors_node]: Ошибка в цикле чтения датчиков: [Errno 5] Input/output error
[distance_sensors_node-7] [ERROR] [1762932131.482436150] [distance_sensors_node]: Ошибка в цикле чтения датчиков: [Errno 5] Input/output error
[distance_sensors_node-7] [ERROR] [1762932132.489104859] [distance_sensors_node]: Ошибка в цикле чтения датчиков: [Errno 5] Input/output error
[distance_sensors_node-7] [ERROR] [1762932133.496741205] [distance_sensors_node]: Ошибка в цикле чтения датчиков: [Errno 5] Input/output error
[distance_sensors_node-7] [ERROR] [1762932134.504859583] [distance_sensors_node]: Ошибка в цикле чтения датчиков: [Errno 5] Input/output error
[distance_sensors_node-7] [ERROR] [1762932135.512029343] [distance_sensors_node]: Ошибка в цикле чтения датчиков: [Errno 5] Input/output error
[doa_node-8] [INFO] [1762932136.050229308] [doa_node]: DOA угол: 322
[distance_sensors_node-7] [ERROR] [1762932136.520343220] [distance_sensors_node]: Ошибка в цикле чтения датчиков: [Errno 5] Input/output error
[distance_sensors_node-7] [ERROR] [1762932137.528488636] [distance_sensors_node]: Ошибка в цикле чтения датчиков: [Errno 5] Input/output error
[distance_sensors_node-7] [ERROR] [1762932138.532349177] [distance_sensors_node]: Ошибка в цикле чтения датчиков: [Errno 5] Input/output error
[distance_sensors_node-7] [ERROR] [1762932139.539426403] [distance_sensors_node]: Ошибка в цикле чтения датчиков: [Errno 5] Input/output error
[distance_sensors_node-7] [ERROR] [1762932140.547059641] [distance_sensors_node]: Ошибка в цикле чтения датчиков: [Errno 5] Input/output error
[distance_sensors_node-7] [ERROR] [1762932141.555309150] [distance_sensors_node]: Ошибка в цикле чтения датчиков: [Errno 5] Input/output error
[distance_sensors_node-7] [ERROR] [1762932142.562517765] [distance_sensors_node]: Ошибка в цикле чтения датчиков: [Errno 5] Input/output error
[doa_node-8] [INFO] [1762932143.057806457] [doa_node]: DOA угол: 214
[chassis_node-6] [INFO] [1762932143.063132172] [chassis_node]: Получена голосовая команда: "HEAD:LEFT"
[chassis_node-6] [WARN] [1762932143.067151514] [chassis_node]: Chassis не подключен
[distance_sensors_node-7] [ERROR] [1762932143.570622295] [distance_sensors_node]: Ошибка в цикле чтения датчиков: [Errno 5] Input/output error
[distance_sensors_node-7] [ERROR] [1762932144.577084234] [distance_sensors_node]: Ошибка в цикле чтения датчиков: [Errno 5] Input/output error
[distance_sensors_node-7] [ERROR] [1762932145.585401411] [distance_sensors_node]: Ошибка в цикле чтения датчиков: [Errno 5] Input/output error
[distance_sensors_node-7] [ERROR] [1762932146.592710637] [distance_sensors_node]: Ошибка в цикле чтения датчиков: [Errno 5] Input/output error
[distance_sensors_node-7] [ERROR] [1762932147.598753341] [distance_sensors_node]: Ошибка в цикле чтения датчиков: [Errno 5] Input/output error
[distance_sensors_node-7] [ERROR] [1762932148.607314035] [distance_sensors_node]: Ошибка в цикле чтения датчиков: [Errno 5] Input/output error
[distance_sensors_node-7] [ERROR] [1762932149.613150150] [distance_sensors_node]: Ошибка в цикле чтения датчиков: [Errno 5] Input/output error
[doa_node-8] [INFO] [1762932150.066393725] [doa_node]: DOA угол: 35
[chassis_node-6] [INFO] [1762932150.075321102] [chassis_node]: Получена голосовая команда: "HEAD:CENTER"
[chassis_node-6] [WARN] [1762932150.080201711] [chassis_node]: Chassis не подключен
[distance_sensors_node-7] [ERROR] [1762932150.621036982] [distance_sensors_node]: Ошибка в цикле чтения датчиков: [Errno 5] Input/output error
[distance_sensors_node-7] [ERROR] [1762932151.627014744] [distance_sensors_node]: Ошибка в цикле чтения датчиков: [Errno 5] Input/output error
[distance_sensors_node-7] [ERROR] [1762932152.631126547] [distance_sensors_node]: Ошибка в цикле чтения датчиков: [Errno 5] Input/output error
[distance_sensors_node-7] [ERROR] [1762932153.638934271] [distance_sensors_node]: Ошибка в цикле чтения датчиков: [Errno 5] Input/output error
[distance_sensors_node-7] [ERROR] [1762932154.647229081] [distance_sensors_node]: Ошибка в цикле чтения датчиков: [Errno 5] Input/output error
[distance_sensors_node-7] [ERROR] [1762932155.655562225] [distance_sensors_node]: Ошибка в цикле чтения датчиков: [Errno 5] Input/output error
[distance_sensors_node-7] [ERROR] [1762932156.663240451] [distance_sensors_node]: Ошибка в цикле чтения датчиков: [Errno 5] Input/output error
[doa_node-8] [INFO] [1762932157.088997368] [doa_node]: DOA угол: 35
[distance_sensors_node-7] [ERROR] [1762932157.670483460] [distance_sensors_node]: Ошибка в цикле чтения датчиков: [Errno 5] Input/output error
[distance_sensors_node-7] [ERROR] [1762932158.677627193] [distance_sensors_node]: Ошибка в цикле чтения датчиков: [Errno 5] Input/output error
[distance_sensors_node-7] [ERROR] [1762932159.684941666] [distance_sensors_node]: Ошибка в цикле чтения датчиков: [Errno 5] Input/output error
[distance_sensors_node-7] [ERROR] [1762932160.692716707] [distance_sensors_node]: Ошибка в цикле чтения датчиков: [Errno 5] Input/output error
[distance_sensors_node-7] [ERROR] [1762932161.701385868] [distance_sensors_node]: Ошибка в цикле чтения датчиков: [Errno 5] Input/output error
[distance_sensors_node-7] [ERROR] [1762932162.708674657] [distance_sensors_node]: Ошибка в цикле чтения датчиков: [Errno 5] Input/output error
[distance_sensors_node-7] [ERROR] [1762932163.716844584] [distance_sensors_node]: Ошибка в цикле чтения датчиков: [Errno 5] Input/output error
[doa_node-8] [INFO] [1762932164.111884195] [doa_node]: DOA угол: 321
[chassis_node-6] [INFO] [1762932164.117287743] [chassis_node]: Получена голосовая команда: "HEAD:RIGHT"
[chassis_node-6] [WARN] [1762932164.121249345] [chassis_node]: Chassis не подключен
[distance_sensors_node-7] [ERROR] [1762932164.725292026] [distance_sensors_node]: Ошибка в цикле чтения датчиков: [Errno 5] Input/output error
[distance_sensors_node-7] [ERROR] [1762932165.734180594] [distance_sensors_node]: Ошибка в цикле чтения датчиков: [Errno 5] Input/output error
[distance_sensors_node-7] [ERROR] [1762932166.738080887] [distance_sensors_node]: Ошибка в цикле чтения датчиков: [Errno 5] Input/output error
[distance_sensors_node-7] [ERROR] [1762932167.743479273] [distance_sensors_node]: Ошибка в цикле чтения датчиков: [Errno 5] Input/output error
[distance_sensors_node-7] [ERROR] [1762932168.750604789] [distance_sensors_node]: Ошибка в цикле чтения датчиков: [Errno 5] Input/output error
[distance_sensors_node-7] [ERROR] [1762932169.758387963] [distance_sensors_node]: Ошибка в цикле чтения датчиков: [Errno 5] Input/output error
[distance_sensors_node-7] [ERROR] [1762932170.766359488] [distance_sensors_node]: Ошибка в цикле чтения датчиков: [Errno 5] Input/output error
[doa_node-8] [INFO] [1762932171.120893112] [doa_node]: DOA угол: 38
[chassis_node-6] [INFO] [1762932171.126917505] [chassis_node]: Получена голосовая команда: "HEAD:CENTER"
[chassis_node-6] [WARN] [1762932171.130760793] [chassis_node]: Chassis не подключен
[distance_sensors_node-7] [ERROR] [1762932171.774684398] [distance_sensors_node]: Ошибка в цикле чтения датчиков: [Errno 5] Input/output error
[distance_sensors_node-7] [ERROR] [1762932172.782922661] [distance_sensors_node]: Ошибка в цикле чтения датчиков: [Errno 5] Input/output error
[distance_sensors_node-7] [ERROR] [1762932173.791274442] [distance_sensors_node]: Ошибка в цикле чтения датчиков: [Errno 5] Input/output error
[distance_sensors_node-7] [ERROR] [1762932174.799534409] [distance_sensors_node]: Ошибка в цикле чтения датчиков: [Errno 5] Input/output error
[distance_sensors_node-7] [ERROR] [1762932175.807211902] [distance_sensors_node]: Ошибка в цикле чтения датчиков: [Errno 5] Input/output error
[distance_sensors_node-7] [ERROR] [1762932176.814883655] [distance_sensors_node]: Ошибка в цикле чтения датчиков: [Errno 5] Input/output error
[distance_sensors_node-7] [ERROR] [1762932177.823101235] [distance_sensors_node]: Ошибка в цикле чтения датчиков: [Errno 5] Input/output error
[doa_node-8] [INFO] [1762932178.130079603] [doa_node]: DOA угол: 37
[distance_sensors_node-7] [ERROR] [1762932178.831339704] [distance_sensors_node]: Ошибка в цикле чтения датчиков: [Errno 5] Input/output error
[distance_sensors_node-7] [ERROR] [1762932179.838241023] [distance_sensors_node]: Ошибка в цикле чтения датчиков: [Errno 5] Input/output error
[distance_sensors_node-7] [ERROR] [1762932180.846149293] [distance_sensors_node]: Ошибка в цикле чтения датчиков: [Errno 5] Input/output error
[distance_sensors_node-7] [ERROR] [1762932181.850636882] [distance_sensors_node]: Ошибка в цикле чтения датчиков: [Errno 5] Input/output error
[distance_sensors_node-7] [ERROR] [1762932182.858666522] [distance_sensors_node]: Ошибка в цикле чтения датчиков: [Errno 5] Input/output error
[distance_sensors_node-7] [ERROR] [1762932183.866867586] [distance_sensors_node]: Ошибка в цикле чтения датчиков: [Errno 5] Input/output error
[distance_sensors_node-7] [ERROR] [1762932184.874651026] [distance_sensors_node]: Ошибка в цикле чтения датчиков: [Errno 5] Input/output error
[doa_node-8] [INFO] [1762932185.138222458] [doa_node]: DOA угол: 38
[distance_sensors_node-7] [ERROR] [1762932185.878391625] [distance_sensors_node]: Ошибка в цикле чтения датчиков: [Errno 5] Input/output error
[distance_sensors_node-7] [ERROR] [1762932186.883774927] [distance_sensors_node]: Ошибка в цикле чтения датчиков: [Errno 5] Input/output error
[distance_sensors_node-7] [ERROR] [1762932187.890906301] [distance_sensors_node]: Ошибка в цикле чтения датчиков: [Errno 5] Input/output error
[distance_sensors_node-7] [ERROR] [1762932188.899310125] [distance_sensors_node]: Ошибка в цикле чтения датчиков: [Errno 5] Input/output error
[distance_sensors_node-7] [ERROR] [1762932189.904448449] [distance_sensors_node]: Ошибка в цикле чтения датчиков: [Errno 5] Input/output error
[distance_sensors_node-7] [ERROR] [1762932190.911894507] [distance_sensors_node]: Ошибка в цикле чтения датчиков: [Errno 5] Input/output error
[distance_sensors_node-7] [ERROR] [1762932191.924229785] [distance_sensors_node]: Ошибка в цикле чтения датчиков: [Errno 5] Input/output error
[doa_node-8] [INFO] [1762932192.147013881] [doa_node]: DOA угол: 33
[distance_sensors_node-7] [ERROR] [1762932192.933507081] [distance_sensors_node]: Ошибка в цикле чтения датчиков: [Errno 5] Input/output error
[distance_sensors_node-7] [ERROR] [1762932193.940761216] [distance_sensors_node]: Ошибка в цикле чтения датчиков: [Errno 5] Input/output error
[distance_sensors_node-7] [ERROR] [1762932194.948056258] [distance_sensors_node]: Ошибка в цикле чтения датчиков: [Errno 5] Input/output error
[distance_sensors_node-7] [ERROR] [1762932195.956204976] [distance_sensors_node]: Ошибка в цикле чтения датчиков: [Errno 5] Input/output error
[distance_sensors_node-7] [ERROR] [1762932196.964345787] [distance_sensors_node]: Ошибка в цикле чтения датчиков: [Errno 5] Input/output error
[distance_sensors_node-7] [ERROR] [1762932197.972017251] [distance_sensors_node]: Ошибка в цикле чтения датчиков: [Errno 5] Input/output error
[distance_sensors_node-7] [ERROR] [1762932198.980135952] [distance_sensors_node]: Ошибка в цикле чтения датчиков: [Errno 5] Input/output error
[doa_node-8] [INFO] [1762932199.168945502] [doa_node]: DOA угол: 34
[distance_sensors_node-7] [ERROR] [1762932199.988689037] [distance_sensors_node]: Ошибка в цикле чтения датчиков: [Errno 5] Input/output error
[distance_sensors_node-7] [ERROR] [1762932200.996895090] [distance_sensors_node]: Ошибка в цикле чтения датчиков: [Errno 5] Input/output error
[distance_sensors_node-7] [ERROR] [1762932202.005087920] [distance_sensors_node]: Ошибка в цикле чтения датчиков: [Errno 5] Input/output error
[distance_sensors_node-7] [ERROR] [1762932203.013134846] [distance_sensors_node]: Ошибка в цикле чтения датчиков: [Errno 5] Input/output error
[distance_sensors_node-7] [ERROR] [1762932204.021143587] [distance_sensors_node]: Ошибка в цикле чтения датчиков: [Errno 5] Input/output error
[distance_sensors_node-7] [ERROR] [1762932205.024579993] [distance_sensors_node]: Ошибка в цикле чтения датчиков: [Errno 5] Input/output error
[distance_sensors_node-7] [ERROR] [1762932206.032775899] [distance_sensors_node]: Ошибка в цикле чтения датчиков: [Errno 5] Input/output error
[doa_node-8] [INFO] [1762932206.179472275] [doa_node]: DOA угол: 321
[chassis_node-6] [INFO] [1762932206.184389588] [chassis_node]: Получена голосовая команда: "HEAD:RIGHT"
[chassis_node-6] [WARN] [1762932206.187699938] [chassis_node]: Chassis не подключен
[distance_sensors_node-7] [ERROR] [1762932207.040349554] [distance_sensors_node]: Ошибка в цикле чтения датчиков: [Errno 5] Input/output error
[distance_sensors_node-7] [ERROR] [1762932208.047523436] [distance_sensors_node]: Ошибка в цикле чтения датчиков: [Errno 5] Input/output error
[distance_sensors_node-7] [ERROR] [1762932209.055690306] [distance_sensors_node]: Ошибка в цикле чтения датчиков: [Errno 5] Input/output error
[distance_sensors_node-7] [ERROR] [1762932210.063860585] [distance_sensors_node]: Ошибка в цикле чтения датчиков: [Errno 5] Input/output error
[distance_sensors_node-7] [ERROR] [1762932211.072362767] [distance_sensors_node]: Ошибка в цикле чтения датчиков: [Errno 5] Input/output error
[distance_sensors_node-7] [ERROR] [1762932212.080644434] [distance_sensors_node]: Ошибка в цикле чтения датчиков: [Errno 5] Input/output error
[distance_sensors_node-7] [ERROR] [1762932213.087156288] [distance_sensors_node]: Ошибка в цикле чтения датчиков: [Errno 5] Input/output error
[doa_node-8] [INFO] [1762932213.198465764] [doa_node]: DOA угол: 217
[chassis_node-6] [INFO] [1762932213.203352281] [chassis_node]: Получена голосовая команда: "HEAD:LEFT"
[chassis_node-6] [WARN] [1762932213.207842080] [chassis_node]: Chassis не подключен
[distance_sensors_node-7] [ERROR] [1762932214.091580483] [distance_sensors_node]: Ошибка в цикле чтения датчиков: [Errno 5] Input/output error
[distance_sensors_node-7] [ERROR] [1762932215.098942976] [distance_sensors_node]: Ошибка в цикле чтения датчиков: [Errno 5] Input/output error
[distance_sensors_node-7] [ERROR] [1762932216.107414420] [distance_sensors_node]: Ошибка в цикле чтения датчиков: [Errno 5] Input/output error
[distance_sensors_node-7] [ERROR] [1762932217.115290742] [distance_sensors_node]: Ошибка в цикле чтения датчиков: [Errno 5] Input/output error
[distance_sensors_node-7] [ERROR] [1762932218.122707384] [distance_sensors_node]: Ошибка в цикле чтения датчиков: [Errno 5] Input/output error
[distance_sensors_node-7] [ERROR] [1762932219.130856962] [distance_sensors_node]: Ошибка в цикле чтения датчиков: [Errno 5] Input/output error
[distance_sensors_node-7] [ERROR] [1762932220.139669663] [distance_sensors_node]: Ошибка в цикле чтения датчиков: [Errno 5] Input/output error
[doa_node-8] [INFO] [1762932220.208167343] [doa_node]: DOA угол: 323
[chassis_node-6] [INFO] [1762932220.214730118] [chassis_node]: Получена голосовая команда: "HEAD:RIGHT"
[chassis_node-6] [WARN] [1762932220.219408082] [chassis_node]: Chassis не подключен
[distance_sensors_node-7] [ERROR] [1762932221.147031844] [distance_sensors_node]: Ошибка в цикле чтения датчиков: [Errno 5] Input/output error
[distance_sensors_node-7] [ERROR] [1762932222.155724269] [distance_sensors_node]: Ошибка в цикле чтения датчиков: [Errno 5] Input/output error
[distance_sensors_node-7] [ERROR] [1762932223.164067031] [distance_sensors_node]: Ошибка в цикле чтения датчиков: [Errno 5] Input/output error
[distance_sensors_node-7] [ERROR] [1762932224.172300444] [distance_sensors_node]: Ошибка в цикле чтения датчиков: [Errno 5] Input/output error
[distance_sensors_node-7] [ERROR] [1762932225.180138287] [distance_sensors_node]: Ошибка в цикле чтения датчиков: [Errno 5] Input/output error
[distance_sensors_node-7] [ERROR] [1762932226.188259221] [distance_sensors_node]: Ошибка в цикле чтения датчиков: [Errno 5] Input/output error
[distance_sensors_node-7] [ERROR] [1762932227.196238878] [distance_sensors_node]: Ошибка в цикле чтения датчиков: [Errno 5] Input/output error
[doa_node-8] [INFO] [1762932227.213978930] [doa_node]: DOA угол: 323
[distance_sensors_node-7] [ERROR] [1762932228.204443089] [distance_sensors_node]: Ошибка в цикле чтения датчиков: [Errno 5] Input/output error
[distance_sensors_node-7] [ERROR] [1762932229.210811284] [distance_sensors_node]: Ошибка в цикле чтения датчиков: [Errno 5] Input/output error
[distance_sensors_node-7] [ERROR] [1762932230.219195142] [distance_sensors_node]: Ошибка в цикле чтения датчиков: [Errno 5] Input/output error
[distance_sensors_node-7] [ERROR] [1762932231.226658492] [distance_sensors_node]: Ошибка в цикле чтения датчиков: [Errno 5] Input/output error
[distance_sensors_node-7] [ERROR] [1762932232.234038139] [distance_sensors_node]: Ошибка в цикле чтения датчиков: [Errno 5] Input/output error
[distance_sensors_node-7] [ERROR] [1762932233.238801892] [distance_sensors_node]: Ошибка в цикле чтения датчиков: [Errno 5] Input/output error
[doa_node-8] [INFO] [1762932234.227803033] [doa_node]: DOA угол: 325
[distance_sensors_node-7] [ERROR] [1762932234.246685738] [distance_sensors_node]: Ошибка в цикле чтения датчиков: [Errno 5] Input/output error
[distance_sensors_node-7] [ERROR] [1762932235.254838804] [distance_sensors_node]: Ошибка в цикле чтения датчиков: [Errno 5] Input/output error
[distance_sensors_node-7] [ERROR] [1762932236.258896640] [distance_sensors_node]: Ошибка в цикле чтения датчиков: [Errno 5] Input/output error
[distance_sensors_node-7] [ERROR] [1762932237.266537639] [distance_sensors_node]: Ошибка в цикле чтения датчиков: [Errno 5] Input/output error
[distance_sensors_node-7] [ERROR] [1762932238.274349635] [distance_sensors_node]: Ошибка в цикле чтения датчиков: [Errno 5] Input/output error
[distance_sensors_node-7] [ERROR] [1762932239.282198317] [distance_sensors_node]: Ошибка в цикле чтения датчиков: [Errno 5] Input/output error
[distance_sensors_node-7] [ERROR] [1762932240.289140676] [distance_sensors_node]: Ошибка в цикле чтения датчиков: [Errno 5] Input/output error
[doa_node-8] [INFO] [1762932241.246569319] [doa_node]: DOA угол: 322
[distance_sensors_node-7] [ERROR] [1762932241.292432338] [distance_sensors_node]: Ошибка в цикле чтения датчиков: [Errno 5] Input/output error
[distance_sensors_node-7] [ERROR] [1762932242.300120004] [distance_sensors_node]: Ошибка в цикле чтения датчиков: [Errno 5] Input/output error
[distance_sensors_node-7] [ERROR] [1762932243.305006704] [distance_sensors_node]: Ошибка в цикле чтения датчиков: [Errno 5] Input/output error
[distance_sensors_node-7] [ERROR] [1762932244.312642445] [distance_sensors_node]: Ошибка в цикле чтения датчиков: [Errno 5] Input/output error
[distance_sensors_node-7] [ERROR] [1762932245.320409001] [distance_sensors_node]: Ошибка в цикле чтения датчиков: [Errno 5] Input/output error
[distance_sensors_node-7] [ERROR] [1762932246.328208334] [distance_sensors_node]: Ошибка в цикле чтения датчиков: [Errno 5] Input/output error
[distance_sensors_node-7] [ERROR] [1762932247.333040516] [distance_sensors_node]: Ошибка в цикле чтения датчиков: [Errno 5] Input/output error
[doa_node-8] [INFO] [1762932248.257570916] [doa_node]: DOA угол: 307
[distance_sensors_node-7] [ERROR] [1762932248.339308905] [distance_sensors_node]: Ошибка в цикле чтения датчиков: [Errno 5] Input/output error
[distance_sensors_node-7] [ERROR] [1762932249.346021548] [distance_sensors_node]: Ошибка в цикле чтения датчиков: [Errno 5] Input/output error
[distance_sensors_node-7] [ERROR] [1762932250.354106398] [distance_sensors_node]: Ошибка в цикле чтения датчиков: [Errno 5] Input/output error
[distance_sensors_node-7] [ERROR] [1762932251.358519013] [distance_sensors_node]: Ошибка в цикле чтения датчиков: [Errno 5] Input/output error
[distance_sensors_node-7] [ERROR] [1762932252.364096133] [distance_sensors_node]: Ошибка в цикле чтения датчиков: [Errno 5] Input/output error
[distance_sensors_node-7] [ERROR] [1762932253.368301585] [distance_sensors_node]: Ошибка в цикле чтения датчиков: [Errno 5] Input/output error
[distance_sensors_node-7] [ERROR] [1762932254.372267576] [distance_sensors_node]: Ошибка в цикле чтения датчиков: [Errno 5] Input/output error
[doa_node-8] [INFO] [1762932255.277442000] [doa_node]: DOA угол: 307
[distance_sensors_node-7] [ERROR] [1762932255.376978560] [distance_sensors_node]: Ошибка в цикле чтения датчиков: [Errno 5] Input/output error
[distance_sensors_node-7] [ERROR] [1762932256.380104914] [distance_sensors_node]: Ошибка в цикле чтения датчиков: [Errno 5] Input/output error
[distance_sensors_node-7] [ERROR] [1762932257.383842428] [distance_sensors_node]: Ошибка в цикле чтения датчиков: [Errno 5] Input/output error
[distance_sensors_node-7] [ERROR] [1762932258.387494258] [distance_sensors_node]: Ошибка в цикле чтения датчиков: [Errno 5] Input/output error
[distance_sensors_node-7] [ERROR] [1762932259.393073510] [distance_sensors_node]: Ошибка в цикле чтения датчиков: [Errno 5] Input/output error
[distance_sensors_node-7] [ERROR] [1762932260.396587361] [distance_sensors_node]: Ошибка в цикле чтения датчиков: [Errno 5] Input/output error
[distance_sensors_node-7] [ERROR] [1762932261.400322247] [distance_sensors_node]: Ошибка в цикле чтения датчиков: [Errno 5] Input/output error
[doa_node-8] [INFO] [1762932262.287095462] [doa_node]: DOA угол: 231
[chassis_node-6] [INFO] [1762932262.291304339] [chassis_node]: Получена голосовая команда: "HEAD:LEFT"
[chassis_node-6] [WARN] [1762932262.295700602] [chassis_node]: Chassis не подключен
[distance_sensors_node-7] [ERROR] [1762932262.407677775] [distance_sensors_node]: Ошибка в цикле чтения датчиков: [Errno 5] Input/output error
[distance_sensors_node-7] [ERROR] [1762932263.415643724] [distance_sensors_node]: Ошибка в цикле чтения датчиков: [Errno 5] Input/output error
[distance_sensors_node-7] [ERROR] [1762932264.422709775] [distance_sensors_node]: Ошибка в цикле чтения датчиков: [Errno 5] Input/output error
[distance_sensors_node-7] [ERROR] [1762932265.429580848] [distance_sensors_node]: Ошибка в цикле чтения датчиков: [Errno 5] Input/output error
[distance_sensors_node-7] [ERROR] [1762932266.436326459] [distance_sensors_node]: Ошибка в цикле чтения датчиков: [Errno 5] Input/output error
[distance_sensors_node-7] [ERROR] [1762932267.443153607] [distance_sensors_node]: Ошибка в цикле чтения датчиков: [Errno 5] Input/output error
[distance_sensors_node-7] [ERROR] [1762932268.447915020] [distance_sensors_node]: Ошибка в цикле чтения датчиков: [Errno 5] Input/output error
[doa_node-8] [INFO] [1762932269.296745958] [doa_node]: DOA угол: 303
[chassis_node-6] [INFO] [1762932269.301961879] [chassis_node]: Получена голосовая команда: "HEAD:RIGHT"
[chassis_node-6] [WARN] [1762932269.306216792] [chassis_node]: Chassis не подключен
[distance_sensors_node-7] [ERROR] [1762932269.452787655] [distance_sensors_node]: Ошибка в цикле чтения датчиков: [Errno 5] Input/output error
[distance_sensors_node-7] [ERROR] [1762932270.456259991] [distance_sensors_node]: Ошибка в цикле чтения датчиков: [Errno 5] Input/output error
[distance_sensors_node-7] [ERROR] [1762932271.460701131] [distance_sensors_node]: Ошибка в цикле чтения датчиков: [Errno 5] Input/output error
[distance_sensors_node-7] [ERROR] [1762932272.467761389] [distance_sensors_node]: Ошибка в цикле чтения датчиков: [Errno 5] Input/output error
[distance_sensors_node-7] [ERROR] [1762932273.471651851] [distance_sensors_node]: Ошибка в цикле чтения датчиков: [Errno 5] Input/output error
[distance_sensors_node-7] [ERROR] [1762932274.477273385] [distance_sensors_node]: Ошибка в цикле чтения датчиков: [Errno 5] Input/output error
[distance_sensors_node-7] [ERROR] [1762932275.481954913] [distance_sensors_node]: Ошибка в цикле чтения датчиков: [Errno 5] Input/output error
[doa_node-8] [INFO] [1762932276.318761457] [doa_node]: DOA угол: 233
[chassis_node-6] [INFO] [1762932276.323855490] [chassis_node]: Получена голосовая команда: "HEAD:LEFT"
[chassis_node-6] [WARN] [1762932276.328241624] [chassis_node]: Chassis не подключен
[distance_sensors_node-7] [ERROR] [1762932276.486904882] [distance_sensors_node]: Ошибка в цикле чтения датчиков: [Errno 5] Input/output error
[distance_sensors_node-7] [ERROR] [1762932277.491373616] [distance_sensors_node]: Ошибка в цикле чтения датчиков: [Errno 5] Input/output error
[distance_sensors_node-7] [ERROR] [1762932278.497518757] [distance_sensors_node]: Ошибка в цикле чтения датчиков: [Errno 5] Input/output error
[distance_sensors_node-7] [ERROR] [1762932279.502437821] [distance_sensors_node]: Ошибка в цикле чтения датчиков: [Errno 5] Input/output error
[distance_sensors_node-7] [ERROR] [1762932280.510214869] [distance_sensors_node]: Ошибка в цикле чтения датчиков: [Errno 5] Input/output error
[distance_sensors_node-7] [ERROR] [1762932281.518102806] [distance_sensors_node]: Ошибка в цикле чтения датчиков: [Errno 5] Input/output error
[distance_sensors_node-7] [ERROR] [1762932282.526017761] [distance_sensors_node]: Ошибка в цикле чтения датчиков: [Errno 5] Input/output error
[doa_node-8] [INFO] [1762932283.331579245] [doa_node]: DOA угол: 306
[chassis_node-6] [INFO] [1762932283.336840869] [chassis_node]: Получена голосовая команда: "HEAD:RIGHT"
[chassis_node-6] [WARN] [1762932283.341285502] [chassis_node]: Chassis не подключен
[distance_sensors_node-7] [ERROR] [1762932283.532223273] [distance_sensors_node]: Ошибка в цикле чтения датчиков: [Errno 5] Input/output error
[distance_sensors_node-7] [ERROR] [1762932284.539979971] [distance_sensors_node]: Ошибка в цикле чтения датчиков: [Errno 5] Input/output error
[distance_sensors_node-7] [ERROR] [1762932285.547629245] [distance_sensors_node]: Ошибка в цикле чтения датчиков: [Errno 5] Input/output error
[distance_sensors_node-7] [ERROR] [1762932286.553391986] [distance_sensors_node]: Ошибка в цикле чтения датчиков: [Errno 5] Input/output error
[distance_sensors_node-7] [ERROR] [1762932287.561177129] [distance_sensors_node]: Ошибка в цикле чтения датчиков: [Errno 5] Input/output error
[distance_sensors_node-7] [ERROR] [1762932288.568053415] [distance_sensors_node]: Ошибка в цикле чтения датчиков: [Errno 5] Input/output error
[distance_sensors_node-7] [ERROR] [1762932289.575017573] [distance_sensors_node]: Ошибка в цикле чтения датчиков: [Errno 5] Input/output error
[doa_node-8] [INFO] [1762932290.350797707] [doa_node]: DOA угол: 303
[distance_sensors_node-7] [ERROR] [1762932290.583095947] [distance_sensors_node]: Ошибка в цикле чтения датчиков: [Errno 5] Input/output error
[distance_sensors_node-7] [ERROR] [1762932291.587136488] [distance_sensors_node]: Ошибка в цикле чтения датчиков: [Errno 5] Input/output error
[distance_sensors_node-7] [ERROR] [1762932292.594599119] [distance_sensors_node]: Ошибка в цикле чтения датчиков: [Errno 5] Input/output error
[distance_sensors_node-7] [ERROR] [1762932293.598393000] [distance_sensors_node]: Ошибка в цикле чтения датчиков: [Errno 5] Input/output error
[distance_sensors_node-7] [ERROR] [1762932294.602017571] [distance_sensors_node]: Ошибка в цикле чтения датчиков: [Errno 5] Input/output error
[distance_sensors_node-7] [ERROR] [1762932295.609937065] [distance_sensors_node]: Ошибка в цикле чтения датчиков: [Errno 5] Input/output error
[distance_sensors_node-7] [ERROR] [1762932296.615116343] [distance_sensors_node]: Ошибка в цикле чтения датчиков: [Errno 5] Input/output error
[doa_node-8] [INFO] [1762932297.359850723] [doa_node]: DOA угол: 320
[distance_sensors_node-7] [ERROR] [1762932297.623180075] [distance_sensors_node]: Ошибка в цикле чтения датчиков: [Errno 5] Input/output error
[distance_sensors_node-7] [ERROR] [1762932298.630514288] [distance_sensors_node]: Ошибка в цикле чтения датчиков: [Errno 5] Input/output error
[distance_sensors_node-7] [ERROR] [1762932299.634715701] [distance_sensors_node]: Ошибка в цикле чтения датчиков: [Errno 5] Input/output error
[distance_sensors_node-7] [ERROR] [1762932300.642347390] [distance_sensors_node]: Ошибка в цикле чтения датчиков: [Errno 5] Input/output error
[distance_sensors_node-7] [ERROR] [1762932301.650223203] [distance_sensors_node]: Ошибка в цикле чтения датчиков: [Errno 5] Input/output error
[distance_sensors_node-7] [ERROR] [1762932302.654949588] [distance_sensors_node]: Ошибка в цикле чтения датчиков: [Errno 5] Input/output error
[distance_sensors_node-7] [ERROR] [1762932303.662724756] [distance_sensors_node]: Ошибка в цикле чтения датчиков: [Errno 5] Input/output error
[doa_node-8] [INFO] [1762932304.369615598] [doa_node]: DOA угол: 321
[distance_sensors_node-7] [ERROR] [1762932304.670620386] [distance_sensors_node]: Ошибка в цикле чтения датчиков: [Errno 5] Input/output error
[distance_sensors_node-7] [ERROR] [1762932305.675354086] [distance_sensors_node]: Ошибка в цикле чтения датчиков: [Errno 5] Input/output error
[distance_sensors_node-7] [ERROR] [1762932306.683032184] [distance_sensors_node]: Ошибка в цикле чтения датчиков: [Errno 5] Input/output error
[distance_sensors_node-7] [ERROR] [1762932307.687806477] [distance_sensors_node]: Ошибка в цикле чтения датчиков: [Errno 5] Input/output error
[distance_sensors_node-7] [ERROR] [1762932308.694627465] [distance_sensors_node]: Ошибка в цикле чтения датчиков: [Errno 5] Input/output error
[distance_sensors_node-7] [ERROR] [1762932309.702282249] [distance_sensors_node]: Ошибка в цикле чтения датчиков: [Errno 5] Input/output error
[distance_sensors_node-7] [ERROR] [1762932310.706746050] [distance_sensors_node]: Ошибка в цикле чтения датчиков: [Errno 5] Input/output error
[doa_node-8] [INFO] [1762932311.379652960] [doa_node]: DOA угол: 36
[chassis_node-6] [INFO] [1762932311.385231558] [chassis_node]: Получена голосовая команда: "HEAD:CENTER"
[chassis_node-6] [WARN] [1762932311.388651501] [chassis_node]: Chassis не подключен
[distance_sensors_node-7] [ERROR] [1762932311.714405520] [distance_sensors_node]: Ошибка в цикле чтения датчиков: [Errno 5] Input/output error
[distance_sensors_node-7] [ERROR] [1762932312.722228801] [distance_sensors_node]: Ошибка в цикле чтения датчиков: [Errno 5] Input/output error
[distance_sensors_node-7] [ERROR] [1762932313.730093230] [distance_sensors_node]: Ошибка в цикле чтения датчиков: [Errno 5] Input/output error
[distance_sensors_node-7] [ERROR] [1762932314.737821144] [distance_sensors_node]: Ошибка в цикле чтения датчиков: [Errno 5] Input/output error
[distance_sensors_node-7] [ERROR] [1762932315.744514858] [distance_sensors_node]: Ошибка в цикле чтения датчиков: [Errno 5] Input/output error
[distance_sensors_node-7] [ERROR] [1762932316.752225958] [distance_sensors_node]: Ошибка в цикле чтения датчиков: [Errno 5] Input/output error
[distance_sensors_node-7] [ERROR] [1762932317.759888780] [distance_sensors_node]: Ошибка в цикле чтения датчиков: [Errno 5] Input/output error
[doa_node-8] [INFO] [1762932318.397994711] [doa_node]: DOA угол: 322
[chassis_node-6] [INFO] [1762932318.402271969] [chassis_node]: Получена голосовая команда: "HEAD:RIGHT"
[chassis_node-6] [WARN] [1762932318.406773703] [chassis_node]: Chassis не подключен
[distance_sensors_node-7] [ERROR] [1762932318.764491540] [distance_sensors_node]: Ошибка в цикле чтения датчиков: [Errno 5] Input/output error
[distance_sensors_node-7] [ERROR] [1762932319.772197510] [distance_sensors_node]: Ошибка в цикле чтения датчиков: [Errno 5] Input/output error
[distance_sensors_node-7] [ERROR] [1762932320.779864740] [distance_sensors_node]: Ошибка в цикле чтения датчиков: [Errno 5] Input/output error
[distance_sensors_node-7] [ERROR] [1762932321.785559605] [distance_sensors_node]: Ошибка в цикле чтения датчиков: [Errno 5] Input/output error
[distance_sensors_node-7] [ERROR] [1762932322.793282111] [distance_sensors_node]: Ошибка в цикле чтения датчиков: [Errno 5] Input/output error
[distance_sensors_node-7] [ERROR] [1762932323.798296602] [distance_sensors_node]: Ошибка в цикле чтения датчиков: [Errno 5] Input/output error
[distance_sensors_node-7] [ERROR] [1762932324.806023885] [distance_sensors_node]: Ошибка в цикле чтения датчиков: [Errno 5] Input/output error
[doa_node-8] [INFO] [1762932325.409597321] [doa_node]: DOA угол: 142
[chassis_node-6] [INFO] [1762932325.415660095] [chassis_node]: Получена голосовая команда: "HEAD:CENTER"
[chassis_node-6] [WARN] [1762932325.419559547] [chassis_node]: Chassis не подключен
[distance_sensors_node-7] [ERROR] [1762932325.812240719] [distance_sensors_node]: Ошибка в цикле чтения датчиков: [Errno 5] Input/output error
[distance_sensors_node-7] [ERROR] [1762932326.819929632] [distance_sensors_node]: Ошибка в цикле чтения датчиков: [Errno 5] Input/output error
[distance_sensors_node-7] [ERROR] [1762932327.823764240] [distance_sensors_node]: Ошибка в цикле чтения датчиков: [Errno 5] Input/output error
[distance_sensors_node-7] [ERROR] [1762932328.828126743] [distance_sensors_node]: Ошибка в цикле чтения датчиков: [Errno 5] Input/output error
[distance_sensors_node-7] [ERROR] [1762932329.835081356] [distance_sensors_node]: Ошибка в цикле чтения датчиков: [Errno 5] Input/output error
[distance_sensors_node-7] [ERROR] [1762932330.842284740] [distance_sensors_node]: Ошибка в цикле чтения датчиков: [Errno 5] Input/output error
[distance_sensors_node-7] [ERROR] [1762932331.849800747] [distance_sensors_node]: Ошибка в цикле чтения датчиков: [Errno 5] Input/output error
[doa_node-8] [INFO] [1762932332.419486461] [doa_node]: DOA угол: 141
[distance_sensors_node-7] [ERROR] [1762932332.857102536] [distance_sensors_node]: Ошибка в цикле чтения датчиков: [Errno 5] Input/output error
[distance_sensors_node-7] [ERROR] [1762932333.860809199] [distance_sensors_node]: Ошибка в цикле чтения датчиков: [Errno 5] Input/output error
[distance_sensors_node-7] [ERROR] [1762932334.867875492] [distance_sensors_node]: Ошибка в цикле чтения датчиков: [Errno 5] Input/output error
[distance_sensors_node-7] [ERROR] [1762932335.874923765] [distance_sensors_node]: Ошибка в цикле чтения датчиков: [Errno 5] Input/output error
[distance_sensors_node-7] [ERROR] [1762932336.882772243] [distance_sensors_node]: Ошибка в цикле чтения датчиков: [Errno 5] Input/output error
[distance_sensors_node-7] [ERROR] [1762932337.887451549] [distance_sensors_node]: Ошибка в цикле чтения датчиков: [Errno 5] Input/output error
[distance_sensors_node-7] [ERROR] [1762932338.895571834] [distance_sensors_node]: Ошибка в цикле чтения датчиков: [Errno 5] Input/output error
[doa_node-8] [INFO] [1762932339.440884128] [doa_node]: DOA угол: 142
[distance_sensors_node-7] [ERROR] [1762932339.902162874] [distance_sensors_node]: Ошибка в цикле чтения датчиков: [Errno 5] Input/output error
[distance_sensors_node-7] [ERROR] [1762932340.910217159] [distance_sensors_node]: Ошибка в цикле чтения датчиков: [Errno 5] Input/output error
[distance_sensors_node-7] [ERROR] [1762932341.917914044] [distance_sensors_node]: Ошибка в цикле чтения датчиков: [Errno 5] Input/output error
[distance_sensors_node-7] [ERROR] [1762932342.922557550] [distance_sensors_node]: Ошибка в цикле чтения датчиков: [Errno 5] Input/output error
[distance_sensors_node-7] [ERROR] [1762932343.928214162] [distance_sensors_node]: Ошибка в цикле чтения датчиков: [Errno 5] Input/output error
[distance_sensors_node-7] [ERROR] [1762932344.936097743] [distance_sensors_node]: Ошибка в цикле чтения датчиков: [Errno 5] Input/output error
[distance_sensors_node-7] [ERROR] [1762932345.943882863] [distance_sensors_node]: Ошибка в цикле чтения датчиков: [Errno 5] Input/output error
[doa_node-8] [INFO] [1762932346.448098517] [doa_node]: DOA угол: 215
[chassis_node-6] [INFO] [1762932346.453864967] [chassis_node]: Получена голосовая команда: "HEAD:LEFT"
[chassis_node-6] [WARN] [1762932346.458612698] [chassis_node]: Chassis не подключен
[distance_sensors_node-7] [ERROR] [1762932346.951481801] [distance_sensors_node]: Ошибка в цикле чтения датчиков: [Errno 5] Input/output error
[distance_sensors_node-7] [ERROR] [1762932347.957784062] [distance_sensors_node]: Ошибка в цикле чтения датчиков: [Errno 5] Input/output error
[distance_sensors_node-7] [ERROR] [1762932348.964463665] [distance_sensors_node]: Ошибка в цикле чтения датчиков: [Errno 5] Input/output error
[distance_sensors_node-7] [ERROR] [1762932349.972363315] [distance_sensors_node]: Ошибка в цикле чтения датчиков: [Errno 5] Input/output error
[distance_sensors_node-7] [ERROR] [1762932350.979996544] [distance_sensors_node]: Ошибка в цикле чтения датчиков: [Errno 5] Input/output error
[distance_sensors_node-7] [ERROR] [1762932351.987864303] [distance_sensors_node]: Ошибка в цикле чтения датчиков: [Errno 5] Input/output error
[distance_sensors_node-7] [ERROR] [1762932352.994824710] [distance_sensors_node]: Ошибка в цикле чтения датчиков: [Errno 5] Input/output error
[doa_node-8] [INFO] [1762932353.456746628] [doa_node]: DOA угол: 35
[chassis_node-6] [INFO] [1762932353.462807091] [chassis_node]: Получена голосовая команда: "HEAD:CENTER"
[chassis_node-6] [WARN] [1762932353.466964631] [chassis_node]: Chassis не подключен
[distance_sensors_node-7] [ERROR] [1762932354.003135865] [distance_sensors_node]: Ошибка в цикле чтения датчиков: [Errno 5] Input/output error
[distance_sensors_node-7] [ERROR] [1762932355.011228339] [distance_sensors_node]: Ошибка в цикле чтения датчиков: [Errno 5] Input/output error
[distance_sensors_node-7] [ERROR] [1762932356.018616066] [distance_sensors_node]: Ошибка в цикле чтения датчиков: [Errno 5] Input/output error
[distance_sensors_node-7] [ERROR] [1762932357.026509893] [distance_sensors_node]: Ошибка в цикле чтения датчиков: [Errno 5] Input/output error
[distance_sensors_node-7] [ERROR] [1762932358.034059837] [distance_sensors_node]: Ошибка в цикле чтения датчиков: [Errno 5] Input/output error
[distance_sensors_node-7] [ERROR] [1762932359.041824830] [distance_sensors_node]: Ошибка в цикле чтения датчиков: [Errno 5] Input/output error
[distance_sensors_node-7] [ERROR] [1762932360.049581248] [distance_sensors_node]: Ошибка в цикле чтения датчиков: [Errno 5] Input/output error
[doa_node-8] [INFO] [1762932360.481571136] [doa_node]: DOA угол: 37
[distance_sensors_node-7] [ERROR] [1762932361.057118502] [distance_sensors_node]: Ошибка в цикле чтения датчиков: [Errno 5] Input/output error
[distance_sensors_node-7] [ERROR] [1762932362.065358833] [distance_sensors_node]: Ошибка в цикле чтения датчиков: [Errno 5] Input/output error
[distance_sensors_node-7] [ERROR] [1762932363.072537129] [distance_sensors_node]: Ошибка в цикле чтения датчиков: [Errno 5] Input/output error
[distance_sensors_node-7] [ERROR] [1762932364.080818529] [distance_sensors_node]: Ошибка в цикле чтения датчиков: [Errno 5] Input/output error
[distance_sensors_node-7] [ERROR] [1762932365.084727799] [distance_sensors_node]: Ошибка в цикле чтения датчиков: [Errno 5] Input/output error
[distance_sensors_node-7] [ERROR] [1762932366.088415886] [distance_sensors_node]: Ошибка в цикле чтения датчиков: [Errno 5] Input/output error
[distance_sensors_node-7] [ERROR] [1762932367.096110961] [distance_sensors_node]: Ошибка в цикле чтения датчиков: [Errno 5] Input/output error
[doa_node-8] [INFO] [1762932367.505465138] [doa_node]: DOA угол: 322
[chassis_node-6] [INFO] [1762932367.513047588] [chassis_node]: Получена голосовая команда: "HEAD:RIGHT"
[chassis_node-6] [WARN] [1762932367.517311905] [chassis_node]: Chassis не подключен
[distance_sensors_node-7] [ERROR] [1762932368.103867828] [distance_sensors_node]: Ошибка в цикле чтения датчиков: [Errno 5] Input/output error
[distance_sensors_node-7] [ERROR] [1762932369.110753787] [distance_sensors_node]: Ошибка в цикле чтения датчиков: [Errno 5] Input/output error
[distance_sensors_node-7] [ERROR] [1762932370.116020315] [distance_sensors_node]: Ошибка в цикле чтения датчиков: [Errno 5] Input/output error
[distance_sensors_node-7] [ERROR] [1762932371.122993157] [distance_sensors_node]: Ошибка в цикле чтения датчиков: [Errno 5] Input/output error
[distance_sensors_node-7] [ERROR] [1762932372.130916607] [distance_sensors_node]: Ошибка в цикле чтения датчиков: [Errno 5] Input/output error
[distance_sensors_node-7] [ERROR] [1762932373.137404622] [distance_sensors_node]: Ошибка в цикле чтения датчиков: [Errno 5] Input/output error
[distance_sensors_node-7] [ERROR] [1762932374.145122979] [distance_sensors_node]: Ошибка в цикле чтения датчиков: [Errno 5] Input/output error
[doa_node-8] [INFO] [1762932374.529743280] [doa_node]: DOA угол: 38
[chassis_node-6] [INFO] [1762932374.537303417] [chassis_node]: Получена голосовая команда: "HEAD:CENTER"
[chassis_node-6] [WARN] [1762932374.540827602] [chassis_node]: Chassis не подключен
[distance_sensors_node-7] [ERROR] [1762932375.148916528] [distance_sensors_node]: Ошибка в цикле чтения датчиков: [Errno 5] Input/output error
[distance_sensors_node-7] [ERROR] [1762932376.156375517] [distance_sensors_node]: Ошибка в цикле чтения датчиков: [Errno 5] Input/output error
[distance_sensors_node-7] [ERROR] [1762932377.163818319] [distance_sensors_node]: Ошибка в цикле чтения датчиков: [Errno 5] Input/output error
[distance_sensors_node-7] [ERROR] [1762932378.170709815] [distance_sensors_node]: Ошибка в цикле чтения датчиков: [Errno 5] Input/output error
[distance_sensors_node-7] [ERROR] [1762932379.178556085] [distance_sensors_node]: Ошибка в цикле чтения датчиков: [Errno 5] Input/output error
[distance_sensors_node-7] [ERROR] [1762932380.186296023] [distance_sensors_node]: Ошибка в цикле чтения датчиков: [Errno 5] Input/output error
[distance_sensors_node-7] [ERROR] [1762932381.193008905] [distance_sensors_node]: Ошибка в цикле чтения датчиков: [Errno 5] Input/output error
[doa_node-8] [INFO] [1762932381.538683585] [doa_node]: DOA угол: 308
[chassis_node-6] [INFO] [1762932381.545253632] [chassis_node]: Получена голосовая команда: "HEAD:RIGHT"
[chassis_node-6] [WARN] [1762932381.548336938] [chassis_node]: Chassis не подключен
[distance_sensors_node-7] [ERROR] [1762932382.196033900] [distance_sensors_node]: Ошибка в цикле чтения датчиков: [Errno 5] Input/output error
[distance_sensors_node-7] [ERROR] [1762932383.200431715] [distance_sensors_node]: Ошибка в цикле чтения датчиков: [Errno 5] Input/output error
[distance_sensors_node-7] [ERROR] [1762932384.204770178] [distance_sensors_node]: Ошибка в цикле чтения датчиков: [Errno 5] Input/output error
[distance_sensors_node-7] [ERROR] [1762932385.208744868] [distance_sensors_node]: Ошибка в цикле чтения датчиков: [Errno 5] Input/output error
[distance_sensors_node-7] [ERROR] [1762932386.215026674] [distance_sensors_node]: Ошибка в цикле чтения датчиков: [Errno 5] Input/output error
[distance_sensors_node-7] [ERROR] [1762932387.222929814] [distance_sensors_node]: Ошибка в цикле чтения датчиков: [Errno 5] Input/output error
[distance_sensors_node-7] [ERROR] [1762932388.233526636] [distance_sensors_node]: Ошибка в цикле чтения датчиков: [Errno 5] Input/output error
[doa_node-8] [INFO] [1762932388.560878310] [doa_node]: DOA угол: 321
[distance_sensors_node-7] [ERROR] [1762932389.238054730] [distance_sensors_node]: Ошибка в цикле чтения датчиков: [Errno 5] Input/output error
[distance_sensors_node-7] [ERROR] [1762932390.243182384] [distance_sensors_node]: Ошибка в цикле чтения датчиков: [Errno 5] Input/output error
[distance_sensors_node-7] [ERROR] [1762932391.248572992] [distance_sensors_node]: Ошибка в цикле чтения датчиков: [Errno 5] Input/output error
[distance_sensors_node-7] [ERROR] [1762932392.252357965] [distance_sensors_node]: Ошибка в цикле чтения датчиков: [Errno 5] Input/output error
[distance_sensors_node-7] [ERROR] [1762932393.256447354] [distance_sensors_node]: Ошибка в цикле чтения датчиков: [Errno 5] Input/output error
[distance_sensors_node-7] [ERROR] [1762932394.260135342] [distance_sensors_node]: Ошибка в цикле чтения датчиков: [Errno 5] Input/output error
[distance_sensors_node-7] [ERROR] [1762932395.264223152] [distance_sensors_node]: Ошибка в цикле чтения датчиков: [Errno 5] Input/output error
[doa_node-8] [INFO] [1762932395.567745764] [doa_node]: DOA угол: 321
[distance_sensors_node-7] [ERROR] [1762932396.269582452] [distance_sensors_node]: Ошибка в цикле чтения датчиков: [Errno 5] Input/output error
[distance_sensors_node-7] [ERROR] [1762932397.274780956] [distance_sensors_node]: Ошибка в цикле чтения датчиков: [Errno 5] Input/output error
[distance_sensors_node-7] [ERROR] [1762932398.280388689] [distance_sensors_node]: Ошибка в цикле чтения датчиков: [Errno 5] Input/output error
[distance_sensors_node-7] [ERROR] [1762932399.283904426] [distance_sensors_node]: Ошибка в цикле чтения датчиков: [Errno 5] Input/output error
[distance_sensors_node-7] [ERROR] [1762932400.287444122] [distance_sensors_node]: Ошибка в цикле чтения датчиков: [Errno 5] Input/output error
[distance_sensors_node-7] [ERROR] [1762932401.291006112] [distance_sensors_node]: Ошибка в цикле чтения датчиков: [Errno 5] Input/output error
[distance_sensors_node-7] [ERROR] [1762932402.294567172] [distance_sensors_node]: Ошибка в цикле чтения датчиков: [Errno 5] Input/output error
[doa_node-8] [INFO] [1762932402.572994186] [doa_node]: DOA угол: 216
[chassis_node-6] [INFO] [1762932402.576367098] [chassis_node]: Получена голосовая команда: "HEAD:LEFT"
[chassis_node-6] [WARN] [1762932402.579452275] [chassis_node]: Chassis не подключен
[distance_sensors_node-7] [ERROR] [1762932403.298411557] [distance_sensors_node]: Ошибка в цикле чтения датчиков: [Errno 5] Input/output error
[distance_sensors_node-7] [ERROR] [1762932404.301962204] [distance_sensors_node]: Ошибка в цикле чтения датчиков: [Errno 5] Input/output error
[distance_sensors_node-7] [ERROR] [1762932405.305491219] [distance_sensors_node]: Ошибка в цикле чтения датчиков: [Errno 5] Input/output error
[distance_sensors_node-7] [ERROR] [1762932406.309129247] [distance_sensors_node]: Ошибка в цикле чтения датчиков: [Errno 5] Input/output error
[distance_sensors_node-7] [ERROR] [1762932407.312649553] [distance_sensors_node]: Ошибка в цикле чтения датчиков: [Errno 5] Input/output error
[distance_sensors_node-7] [ERROR] [1762932408.315991822] [distance_sensors_node]: Ошибка в цикле чтения датчиков: [Errno 5] Input/output error
[distance_sensors_node-7] [ERROR] [1762932409.319542972] [distance_sensors_node]: Ошибка в цикле чтения датчиков: [Errno 5] Input/output error
[doa_node-8] [INFO] [1762932409.581019938] [doa_node]: DOA угол: 126
[chassis_node-6] [INFO] [1762932409.584500367] [chassis_node]: Получена голосовая команда: "HEAD:CENTER"
[chassis_node-6] [WARN] [1762932409.587688746] [chassis_node]: Chassis не подключен
[distance_sensors_node-7] [ERROR] [1762932410.323346151] [distance_sensors_node]: Ошибка в цикле чтения датчиков: [Errno 5] Input/output error
[distance_sensors_node-7] [ERROR] [1762932411.326868388] [distance_sensors_node]: Ошибка в цикле чтения датчиков: [Errno 5] Input/output error
[distance_sensors_node-7] [ERROR] [1762932412.329671859] [distance_sensors_node]: Ошибка в цикле чтения датчиков: [Errno 5] Input/output error
[distance_sensors_node-7] [ERROR] [1762932413.333162738] [distance_sensors_node]: Ошибка в цикле чтения датчиков: [Errno 5] Input/output error
[distance_sensors_node-7] [ERROR] [1762932414.336652484] [distance_sensors_node]: Ошибка в цикле чтения датчиков: [Errno 5] Input/output error
[distance_sensors_node-7] [ERROR] [1762932415.340216948] [distance_sensors_node]: Ошибка в цикле чтения датчиков: [Errno 5] Input/output error
[distance_sensors_node-7] [ERROR] [1762932416.343870573] [distance_sensors_node]: Ошибка в цикле чтения датчиков: [Errno 5] Input/output error
[doa_node-8] [INFO] [1762932416.590806938] [doa_node]: DOA угол: 243
[chassis_node-6] [INFO] [1762932416.594226109] [chassis_node]: Получена голосовая команда: "HEAD:LEFT"
[chassis_node-6] [WARN] [1762932416.597036867] [chassis_node]: Chassis не подключен
[distance_sensors_node-7] [ERROR] [1762932417.347409864] [distance_sensors_node]: Ошибка в цикле чтения датчиков: [Errno 5] Input/output error
[distance_sensors_node-7] [ERROR] [1762932418.350982947] [distance_sensors_node]: Ошибка в цикле чтения датчиков: [Errno 5] Input/output error
[distance_sensors_node-7] [ERROR] [1762932419.354557545] [distance_sensors_node]: Ошибка в цикле чтения датчиков: [Errno 5] Input/output error
[distance_sensors_node-7] [ERROR] [1762932420.358093141] [distance_sensors_node]: Ошибка в цикле чтения датчиков: [Errno 5] Input/output error
[distance_sensors_node-7] [ERROR] [1762932421.362040854] [distance_sensors_node]: Ошибка в цикле чтения датчиков: [Errno 5] Input/output error
[distance_sensors_node-7] [ERROR] [1762932422.365564461] [distance_sensors_node]: Ошибка в цикле чтения датчиков: [Errno 5] Input/output error
[distance_sensors_node-7] [ERROR] [1762932423.369438743] [distance_sensors_node]: Ошибка в цикле чтения датчиков: [Errno 5] Input/output error
[doa_node-8] [INFO] [1762932423.597469647] [doa_node]: DOA угол: 236
[distance_sensors_node-7] [ERROR] [1762932424.372939158] [distance_sensors_node]: Ошибка в цикле чтения датчиков: [Errno 5] Input/output error
[distance_sensors_node-7] [ERROR] [1762932425.376457199] [distance_sensors_node]: Ошибка в цикле чтения датчиков: [Errno 5] Input/output error
[distance_sensors_node-7] [ERROR] [1762932426.380023642] [distance_sensors_node]: Ошибка в цикле чтения датчиков: [Errno 5] Input/output error
[distance_sensors_node-7] [ERROR] [1762932427.383561583] [distance_sensors_node]: Ошибка в цикле чтения датчиков: [Errno 5] Input/output error
[distance_sensors_node-7] [ERROR] [1762932428.387133074] [distance_sensors_node]: Ошибка в цикле чтения датчиков: [Errno 5] Input/output error
[distance_sensors_node-7] [ERROR] [1762932429.390706284] [distance_sensors_node]: Ошибка в цикле чтения датчиков: [Errno 5] Input/output error
[distance_sensors_node-7] [ERROR] [1762932430.394236251] [distance_sensors_node]: Ошибка в цикле чтения датчиков: [Errno 5] Input/output error
[doa_node-8] [INFO] [1762932430.604775606] [doa_node]: DOA угол: 308
[chassis_node-6] [INFO] [1762932430.608344460] [chassis_node]: Получена голосовая команда: "HEAD:RIGHT"
[chassis_node-6] [WARN] [1762932430.611336603] [chassis_node]: Chassis не подключен
[distance_sensors_node-7] [ERROR] [1762932431.397771195] [distance_sensors_node]: Ошибка в цикле чтения датчиков: [Errno 5] Input/output error
[distance_sensors_node-7] [ERROR] [1762932432.401561111] [distance_sensors_node]: Ошибка в цикле чтения датчиков: [Errno 5] Input/output error
[distance_sensors_node-7] [ERROR] [1762932433.405189305] [distance_sensors_node]: Ошибка в цикле чтения датчиков: [Errno 5] Input/output error
[distance_sensors_node-7] [ERROR] [1762932434.408700312] [distance_sensors_node]: Ошибка в цикле чтения датчиков: [Errno 5] Input/output error
[distance_sensors_node-7] [ERROR] [1762932435.412249574] [distance_sensors_node]: Ошибка в цикле чтения датчиков: [Errno 5] Input/output error
[distance_sensors_node-7] [ERROR] [1762932436.415798720] [distance_sensors_node]: Ошибка в цикле чтения датчиков: [Errno 5] Input/output error
[distance_sensors_node-7] [ERROR] [1762932437.419355492] [distance_sensors_node]: Ошибка в цикле чтения датчиков: [Errno 5] Input/output error
[doa_node-8] [INFO] [1762932437.614970021] [doa_node]: DOA угол: 125
[chassis_node-6] [INFO] [1762932437.618306695] [chassis_node]: Получена голосовая команда: "HEAD:CENTER"
[chassis_node-6] [WARN] [1762932437.621072769] [chassis_node]: Chassis не подключен
[distance_sensors_node-7] [ERROR] [1762932438.423033035] [distance_sensors_node]: Ошибка в цикле чтения датчиков: [Errno 5] Input/output error
[distance_sensors_node-7] [ERROR] [1762932439.426627687] [distance_sensors_node]: Ошибка в цикле чтения датчиков: [Errno 5] Input/output error
[distance_sensors_node-7] [ERROR] [1762932440.430214187] [distance_sensors_node]: Ошибка в цикле чтения датчиков: [Errno 5] Input/output error
[distance_sensors_node-7] [ERROR] [1762932441.433874015] [distance_sensors_node]: Ошибка в цикле чтения датчиков: [Errno 5] Input/output error
[distance_sensors_node-7] [ERROR] [1762932442.437616022] [distance_sensors_node]: Ошибка в цикле чтения датчиков: [Errno 5] Input/output error
[distance_sensors_node-7] [ERROR] [1762932443.440848999] [distance_sensors_node]: Ошибка в цикле чтения датчиков: [Errno 5] Input/output error
[distance_sensors_node-7] [ERROR] [1762932444.445024378] [distance_sensors_node]: Ошибка в цикле чтения датчиков: [Errno 5] Input/output error
[doa_node-8] [INFO] [1762932444.622913207] [doa_node]: DOA угол: 322
[chassis_node-6] [INFO] [1762932444.626278195] [chassis_node]: Получена голосовая команда: "HEAD:RIGHT"
[chassis_node-6] [WARN] [1762932444.629003770] [chassis_node]: Chassis не подключен
[distance_sensors_node-7] [ERROR] [1762932445.448542099] [distance_sensors_node]: Ошибка в цикле чтения датчиков: [Errno 5] Input/output error
[distance_sensors_node-7] [ERROR] [1762932446.452078872] [distance_sensors_node]: Ошибка в цикле чтения датчиков: [Errno 5] Input/output error
[distance_sensors_node-7] [ERROR] [1762932447.455668509] [distance_sensors_node]: Ошибка в цикле чтения датчиков: [Errno 5] Input/output error
[distance_sensors_node-7] [ERROR] [1762932448.459235439] [distance_sensors_node]: Ошибка в цикле чтения датчиков: [Errno 5] Input/output error
[distance_sensors_node-7] [ERROR] [1762932449.462844567] [distance_sensors_node]: Ошибка в цикле чтения датчиков: [Errno 5] Input/output error
[distance_sensors_node-7] [ERROR] [1762932450.466428470] [distance_sensors_node]: Ошибка в цикле чтения датчиков: [Errno 5] Input/output error
[distance_sensors_node-7] [ERROR] [1762932451.469975017] [distance_sensors_node]: Ошибка в цикле чтения датчиков: [Errno 5] Input/output error
[doa_node-8] [INFO] [1762932451.628926148] [doa_node]: DOA угол: 141
[chassis_node-6] [INFO] [1762932451.632632185] [chassis_node]: Получена голосовая команда: "HEAD:CENTER"
[chassis_node-6] [WARN] [1762932451.635730012] [chassis_node]: Chassis не подключен
[distance_sensors_node-7] [ERROR] [1762932452.473472430] [distance_sensors_node]: Ошибка в цикле чтения датчиков: [Errno 5] Input/output error
[distance_sensors_node-7] [ERROR] [1762932453.477036172] [distance_sensors_node]: Ошибка в цикле чтения датчиков: [Errno 5] Input/output error
[distance_sensors_node-7] [ERROR] [1762932454.480543262] [distance_sensors_node]: Ошибка в цикле чтения датчиков: [Errno 5] Input/output error
[distance_sensors_node-7] [ERROR] [1762932455.484052792] [distance_sensors_node]: Ошибка в цикле чтения датчиков: [Errno 5] Input/output error
[distance_sensors_node-7] [ERROR] [1762932456.487645315] [distance_sensors_node]: Ошибка в цикле чтения датчиков: [Errno 5] Input/output error
[distance_sensors_node-7] [ERROR] [1762932457.491606809] [distance_sensors_node]: Ошибка в цикле чтения датчиков: [Errno 5] Input/output error
[distance_sensors_node-7] [ERROR] [1762932458.495258766] [distance_sensors_node]: Ошибка в цикле чтения датчиков: [Errno 5] Input/output error
[doa_node-8] [INFO] [1762932458.655017286] [doa_node]: DOA угол: 53
[distance_sensors_node-7] [ERROR] [1762932459.498918757] [distance_sensors_node]: Ошибка в цикле чтения датчиков: [Errno 5] Input/output error
[distance_sensors_node-7] [ERROR] [1762932460.502627037] [distance_sensors_node]: Ошибка в цикле чтения датчиков: [Errno 5] Input/output error
[distance_sensors_node-7] [ERROR] [1762932461.506273704] [distance_sensors_node]: Ошибка в цикле чтения датчиков: [Errno 5] Input/output error
[distance_sensors_node-7] [ERROR] [1762932462.509885144] [distance_sensors_node]: Ошибка в цикле чтения датчиков: [Errno 5] Input/output error
[distance_sensors_node-7] [ERROR] [1762932463.513485691] [distance_sensors_node]: Ошибка в цикле чтения датчиков: [Errno 5] Input/output error
[distance_sensors_node-7] [ERROR] [1762932464.517393116] [distance_sensors_node]: Ошибка в цикле чтения датчиков: [Errno 5] Input/output error
[distance_sensors_node-7] [ERROR] [1762932465.519995654] [distance_sensors_node]: Ошибка в цикле чтения датчиков: [Errno 5] Input/output error
[doa_node-8] [INFO] [1762932465.661039965] [doa_node]: DOA угол: 141
[distance_sensors_node-7] [ERROR] [1762932466.523838700] [distance_sensors_node]: Ошибка в цикле чтения датчиков: [Errno 5] Input/output error
[distance_sensors_node-7] [ERROR] [1762932467.527377692] [distance_sensors_node]: Ошибка в цикле чтения датчиков: [Errno 5] Input/output error
[distance_sensors_node-7] [ERROR] [1762932468.530948419] [distance_sensors_node]: Ошибка в цикле чтения датчиков: [Errno 5] Input/output error
[distance_sensors_node-7] [ERROR] [1762932469.534545178] [distance_sensors_node]: Ошибка в цикле чтения датчиков: [Errno 5] Input/output error
[distance_sensors_node-7] [ERROR] [1762932470.538747772] [distance_sensors_node]: Ошибка в цикле чтения датчиков: [Errno 5] Input/output error
[distance_sensors_node-7] [ERROR] [1762932471.542307374] [distance_sensors_node]: Ошибка в цикле чтения датчиков: [Errno 5] Input/output error
[distance_sensors_node-7] [ERROR] [1762932472.545883581] [distance_sensors_node]: Ошибка в цикле чтения датчиков: [Errno 5] Input/output error
[doa_node-8] [INFO] [1762932472.670814037] [doa_node]: DOA угол: 141
[distance_sensors_node-7] [ERROR] [1762932473.549359211] [distance_sensors_node]: Ошибка в цикле чтения датчиков: [Errno 5] Input/output error
[distance_sensors_node-7] [ERROR] [1762932474.552695265] [distance_sensors_node]: Ошибка в цикле чтения датчиков: [Errno 5] Input/output error
[distance_sensors_node-7] [ERROR] [1762932475.556324494] [distance_sensors_node]: Ошибка в цикле чтения датчиков: [Errno 5] Input/output error
[distance_sensors_node-7] [ERROR] [1762932476.559969754] [distance_sensors_node]: Ошибка в цикле чтения датчиков: [Errno 5] Input/output error
[distance_sensors_node-7] [ERROR] [1762932477.563613731] [distance_sensors_node]: Ошибка в цикле чтения датчиков: [Errno 5] Input/output error
[distance_sensors_node-7] [ERROR] [1762932478.567586623] [distance_sensors_node]: Ошибка в цикле чтения датчиков: [Errno 5] Input/output error
[distance_sensors_node-7] [ERROR] [1762932479.571319255] [distance_sensors_node]: Ошибка в цикле чтения датчиков: [Errno 5] Input/output error
[doa_node-8] [INFO] [1762932479.679027466] [doa_node]: DOA угол: 321
[chassis_node-6] [INFO] [1762932479.684527618] [chassis_node]: Получена голосовая команда: "HEAD:RIGHT"
[chassis_node-6] [WARN] [1762932479.688741702] [chassis_node]: Chassis не подключен
[distance_sensors_node-7] [ERROR] [1762932480.574895737] [distance_sensors_node]: Ошибка в цикле чтения датчиков: [Errno 5] Input/output error
[distance_sensors_node-7] [ERROR] [1762932481.578594526] [distance_sensors_node]: Ошибка в цикле чтения датчиков: [Errno 5] Input/output error
[distance_sensors_node-7] [ERROR] [1762932482.582209922] [distance_sensors_node]: Ошибка в цикле чтения датчиков: [Errno 5] Input/output error
[distance_sensors_node-7] [ERROR] [1762932483.585872498] [distance_sensors_node]: Ошибка в цикле чтения датчиков: [Errno 5] Input/output error
[distance_sensors_node-7] [ERROR] [1762932484.589431626] [distance_sensors_node]: Ошибка в цикле чтения датчиков: [Errno 5] Input/output error
[distance_sensors_node-7] [ERROR] [1762932485.593034544] [distance_sensors_node]: Ошибка в цикле чтения датчиков: [Errno 5] Input/output error
[distance_sensors_node-7] [ERROR] [1762932486.596590513] [distance_sensors_node]: Ошибка в цикле чтения датчиков: [Errno 5] Input/output error
[doa_node-8] [INFO] [1762932486.684716541] [doa_node]: DOA угол: 219
[chassis_node-6] [INFO] [1762932486.688154604] [chassis_node]: Получена голосовая команда: "HEAD:LEFT"
[chassis_node-6] [WARN] [1762932486.691088954] [chassis_node]: Chassis не подключен
[distance_sensors_node-7] [ERROR] [1762932487.600167199] [distance_sensors_node]: Ошибка в цикле чтения датчиков: [Errno 5] Input/output error
[distance_sensors_node-7] [ERROR] [1762932488.603782508] [distance_sensors_node]: Ошибка в цикле чтения датчиков: [Errno 5] Input/output error
[distance_sensors_node-7] [ERROR] [1762932489.607502421] [distance_sensors_node]: Ошибка в цикле чтения датчиков: [Errno 5] Input/output error
[distance_sensors_node-7] [ERROR] [1762932490.611036239] [distance_sensors_node]: Ошибка в цикле чтения датчиков: [Errno 5] Input/output error
[distance_sensors_node-7] [ERROR] [1762932491.614576404] [distance_sensors_node]: Ошибка в цикле чтения датчиков: [Errno 5] Input/output error
[distance_sensors_node-7] [ERROR] [1762932492.618101656] [distance_sensors_node]: Ошибка в цикле чтения датчиков: [Errno 5] Input/output error
[distance_sensors_node-7] [ERROR] [1762932493.621704513] [distance_sensors_node]: Ошибка в цикле чтения датчиков: [Errno 5] Input/output error
[doa_node-8] [INFO] [1762932493.692901339] [doa_node]: DOA угол: 218
[distance_sensors_node-7] [ERROR] [1762932494.625188866] [distance_sensors_node]: Ошибка в цикле чтения датчиков: [Errno 5] Input/output error
[distance_sensors_node-7] [ERROR] [1762932495.628738582] [distance_sensors_node]: Ошибка в цикле чтения датчиков: [Errno 5] Input/output error
[distance_sensors_node-7] [ERROR] [1762932496.631996873] [distance_sensors_node]: Ошибка в цикле чтения датчиков: [Errno 5] Input/output error
[distance_sensors_node-7] [ERROR] [1762932497.635503561] [distance_sensors_node]: Ошибка в цикле чтения датчиков: [Errno 5] Input/output error
[distance_sensors_node-7] [ERROR] [1762932498.639142592] [distance_sensors_node]: Ошибка в цикле чтения датчиков: [Errno 5] Input/output error
[distance_sensors_node-7] [ERROR] [1762932499.642723823] [distance_sensors_node]: Ошибка в цикле чтения датчиков: [Errno 5] Input/output error
[distance_sensors_node-7] [ERROR] [1762932500.646509674] [distance_sensors_node]: Ошибка в цикле чтения датчиков: [Errno 5] Input/output error
[doa_node-8] [INFO] [1762932500.701193750] [doa_node]: DOA угол: 218
[distance_sensors_node-7] [ERROR] [1762932501.650091375] [distance_sensors_node]: Ошибка в цикле чтения датчиков: [Errno 5] Input/output error
[distance_sensors_node-7] [ERROR] [1762932502.653585756] [distance_sensors_node]: Ошибка в цикле чтения датчиков: [Errno 5] Input/output error
[distance_sensors_node-7] [ERROR] [1762932503.657109354] [distance_sensors_node]: Ошибка в цикле чтения датчиков: [Errno 5] Input/output error
[distance_sensors_node-7] [ERROR] [1762932504.659974441] [distance_sensors_node]: Ошибка в цикле чтения датчиков: [Errno 5] Input/output error
[distance_sensors_node-7] [ERROR] [1762932505.663549878] [distance_sensors_node]: Ошибка в цикле чтения датчиков: [Errno 5] Input/output error
[distance_sensors_node-7] [ERROR] [1762932506.667086236] [distance_sensors_node]: Ошибка в цикле чтения датчиков: [Errno 5] Input/output error
[distance_sensors_node-7] [ERROR] [1762932507.670622699] [distance_sensors_node]: Ошибка в цикле чтения датчиков: [Errno 5] Input/output error
[doa_node-8] [INFO] [1762932507.708650878] [doa_node]: DOA угол: 321
[chassis_node-6] [INFO] [1762932507.712116015] [chassis_node]: Получена голосовая команда: "HEAD:RIGHT"
[chassis_node-6] [WARN] [1762932507.714938720] [chassis_node]: Chassis не подключен
[distance_sensors_node-7] [ERROR] [1762932508.674253673] [distance_sensors_node]: Ошибка в цикле чтения датчиков: [Errno 5] Input/output error
[distance_sensors_node-7] [ERROR] [1762932509.677814624] [distance_sensors_node]: Ошибка в цикле чтения датчиков: [Errno 5] Input/output error
[distance_sensors_node-7] [ERROR] [1762932510.680921560] [distance_sensors_node]: Ошибка в цикле чтения датчиков: [Errno 5] Input/output error
[distance_sensors_node-7] [ERROR] [1762932511.684416574] [distance_sensors_node]: Ошибка в цикле чтения датчиков: [Errno 5] Input/output error
[distance_sensors_node-7] [ERROR] [1762932512.687948601] [distance_sensors_node]: Ошибка в цикле чтения датчиков: [Errno 5] Input/output error
[distance_sensors_node-7] [ERROR] [1762932513.691512380] [distance_sensors_node]: Ошибка в цикле чтения датчиков: [Errno 5] Input/output error
[distance_sensors_node-7] [ERROR] [1762932514.695425146] [distance_sensors_node]: Ошибка в цикле чтения датчиков: [Errno 5] Input/output error
[doa_node-8] [INFO] [1762932514.716877774] [doa_node]: DOA угол: 236
[chassis_node-6] [INFO] [1762932514.720649368] [chassis_node]: Получена голосовая команда: "HEAD:LEFT"
[chassis_node-6] [WARN] [1762932514.723268541] [chassis_node]: Chassis не подключен
[distance_sensors_node-7] [ERROR] [1762932515.699123207] [distance_sensors_node]: Ошибка в цикле чтения датчиков: [Errno 5] Input/output error
[distance_sensors_node-7] [ERROR] [1762932516.702733893] [distance_sensors_node]: Ошибка в цикле чтения датчиков: [Errno 5] Input/output error
[distance_sensors_node-7] [ERROR] [1762932517.706871748] [distance_sensors_node]: Ошибка в цикле чтения датчиков: [Errno 5] Input/output error
[distance_sensors_node-7] [ERROR] [1762932518.709746658] [distance_sensors_node]: Ошибка в цикле чтения датчиков: [Errno 5] Input/output error
[distance_sensors_node-7] [ERROR] [1762932519.713246494] [distance_sensors_node]: Ошибка в цикле чтения датчиков: [Errno 5] Input/output error
[distance_sensors_node-7] [ERROR] [1762932520.717474125] [distance_sensors_node]: Ошибка в цикле чтения датчиков: [Errno 5] Input/output error
[distance_sensors_node-7] [ERROR] [1762932521.724787099] [distance_sensors_node]: Ошибка в цикле чтения датчиков: [Errno 5] Input/output error
[doa_node-8] [INFO] [1762932521.724946189] [doa_node]: DOA угол: 301
[chassis_node-6] [INFO] [1762932521.729960501] [chassis_node]: Получена голосовая команда: "HEAD:RIGHT"
[chassis_node-6] [WARN] [1762932521.732654987] [chassis_node]: Chassis не подключен
[distance_sensors_node-7] [ERROR] [1762932522.731473949] [distance_sensors_node]: Ошибка в цикле чтения датчиков: [Errno 5] Input/output error
[distance_sensors_node-7] [ERROR] [1762932523.735131591] [distance_sensors_node]: Ошибка в цикле чтения датчиков: [Errno 5] Input/output error
[distance_sensors_node-7] [ERROR] [1762932524.738748987] [distance_sensors_node]: Ошибка в цикле чтения датчиков: [Errno 5] Input/output error
[distance_sensors_node-7] [ERROR] [1762932525.742595131] [distance_sensors_node]: Ошибка в цикле чтения датчиков: [Errno 5] Input/output error
[distance_sensors_node-7] [ERROR] [1762932526.746167349] [distance_sensors_node]: Ошибка в цикле чтения датчиков: [Errno 5] Input/output error
[distance_sensors_node-7] [ERROR] [1762932527.749930241] [distance_sensors_node]: Ошибка в цикле чтения датчиков: [Errno 5] Input/output error
[doa_node-8] [INFO] [1762932528.732832133] [doa_node]: DOA угол: 124
[chassis_node-6] [INFO] [1762932528.736367937] [chassis_node]: Получена голосовая команда: "HEAD:CENTER"
[chassis_node-6] [WARN] [1762932528.739141310] [chassis_node]: Chassis не подключен
[distance_sensors_node-7] [ERROR] [1762932528.753422373] [distance_sensors_node]: Ошибка в цикле чтения датчиков: [Errno 5] Input/output error
[distance_sensors_node-7] [ERROR] [1762932529.756925980] [distance_sensors_node]: Ошибка в цикле чтения датчиков: [Errno 5] Input/output error
[distance_sensors_node-7] [ERROR] [1762932530.760528672] [distance_sensors_node]: Ошибка в цикле чтения датчиков: [Errno 5] Input/output error
[distance_sensors_node-7] [ERROR] [1762932531.764068839] [distance_sensors_node]: Ошибка в цикле чтения датчиков: [Errno 5] Input/output error
[distance_sensors_node-7] [ERROR] [1762932532.767597223] [distance_sensors_node]: Ошибка в цикле чтения датчиков: [Errno 5] Input/output error
[distance_sensors_node-7] [ERROR] [1762932533.771167099] [distance_sensors_node]: Ошибка в цикле чтения датчиков: [Errno 5] Input/output error
[distance_sensors_node-7] [ERROR] [1762932534.776831485] [distance_sensors_node]: Ошибка в цикле чтения датчиков: [Errno 5] Input/output error
[doa_node-8] [INFO] [1762932535.740880167] [doa_node]: DOA угол: 242
[chassis_node-6] [INFO] [1762932535.744408433] [chassis_node]: Получена голосовая команда: "HEAD:LEFT"
[chassis_node-6] [WARN] [1762932535.747460450] [chassis_node]: Chassis не подключен
[distance_sensors_node-7] [ERROR] [1762932535.787046075] [distance_sensors_node]: Ошибка в цикле чтения датчиков: [Errno 5] Input/output error
[distance_sensors_node-7] [ERROR] [1762932536.790956500] [distance_sensors_node]: Ошибка в цикле чтения датчиков: [Errno 5] Input/output error
[distance_sensors_node-7] [ERROR] [1762932537.794545979] [distance_sensors_node]: Ошибка в цикле чтения датчиков: [Errno 5] Input/output error
[distance_sensors_node-7] [ERROR] [1762932538.798095009] [distance_sensors_node]: Ошибка в цикле чтения датчиков: [Errno 5] Input/output error
[distance_sensors_node-7] [ERROR] [1762932539.802839250] [distance_sensors_node]: Ошибка в цикле чтения датчиков: [Errno 5] Input/output error
[distance_sensors_node-7] [ERROR] [1762932540.808492874] [distance_sensors_node]: Ошибка в цикле чтения датчиков: [Errno 5] Input/output error
[distance_sensors_node-7] [ERROR] [1762932541.813743481] [distance_sensors_node]: Ошибка в цикле чтения датчиков: [Errno 5] Input/output error
[doa_node-8] [INFO] [1762932542.768898947] [doa_node]: DOA угол: 294
[chassis_node-6] [INFO] [1762932542.777462805] [chassis_node]: Получена голосовая команда: "HEAD:RIGHT"
[chassis_node-6] [WARN] [1762932542.780536340] [chassis_node]: Chassis не подключен
[distance_sensors_node-7] [ERROR] [1762932542.820519627] [distance_sensors_node]: Ошибка в цикле чтения датчиков: [Errno 5] Input/output error
[distance_sensors_node-7] [ERROR] [1762932543.828218712] [distance_sensors_node]: Ошибка в цикле чтения датчиков: [Errno 5] Input/output error
[distance_sensors_node-7] [ERROR] [1762932544.833598908] [distance_sensors_node]: Ошибка в цикле чтения датчиков: [Errno 5] Input/output error
[distance_sensors_node-7] [ERROR] [1762932545.840263406] [distance_sensors_node]: Ошибка в цикле чтения датчиков: [Errno 5] Input/output error
[distance_sensors_node-7] [ERROR] [1762932546.844471889] [distance_sensors_node]: Ошибка в цикле чтения датчиков: [Errno 5] Input/output error
[distance_sensors_node-7] [ERROR] [1762932547.851713492] [distance_sensors_node]: Ошибка в цикле чтения датчиков: [Errno 5] Input/output error
[distance_sensors_node-7] [ERROR] [1762932548.857436766] [distance_sensors_node]: Ошибка в цикле чтения датчиков: [Errno 5] Input/output error
[doa_node-8] [INFO] [1762932549.791069415] [doa_node]: DOA угол: 232
[chassis_node-6] [INFO] [1762932549.797437352] [chassis_node]: Получена голосовая команда: "HEAD:LEFT"
[chassis_node-6] [WARN] [1762932549.801589256] [chassis_node]: Chassis не подключен
[distance_sensors_node-7] [ERROR] [1762932549.864239161] [distance_sensors_node]: Ошибка в цикле чтения датчиков: [Errno 5] Input/output error
[distance_sensors_node-7] [ERROR] [1762932550.871931477] [distance_sensors_node]: Ошибка в цикле чтения датчиков: [Errno 5] Input/output error
[distance_sensors_node-7] [ERROR] [1762932551.879732784] [distance_sensors_node]: Ошибка в цикле чтения датчиков: [Errno 5] Input/output error
[distance_sensors_node-7] [ERROR] [1762932552.886621712] [distance_sensors_node]: Ошибка в цикле чтения датчиков: [Errno 5] Input/output error
[distance_sensors_node-7] [ERROR] [1762932553.894397135] [distance_sensors_node]: Ошибка в цикле чтения датчиков: [Errno 5] Input/output error
[distance_sensors_node-7] [ERROR] [1762932554.902208366] [distance_sensors_node]: Ошибка в цикле чтения датчиков: [Errno 5] Input/output error
[distance_sensors_node-7] [ERROR] [1762932555.907067015] [distance_sensors_node]: Ошибка в цикле чтения датчиков: [Errno 5] Input/output error
[doa_node-8] [INFO] [1762932556.798363545] [doa_node]: DOA угол: 306
[chassis_node-6] [INFO] [1762932556.804140697] [chassis_node]: Получена голосовая команда: "HEAD:RIGHT"
[chassis_node-6] [WARN] [1762932556.808964089] [chassis_node]: Chassis не подключен
[distance_sensors_node-7] [ERROR] [1762932556.914121154] [distance_sensors_node]: Ошибка в цикле чтения датчиков: [Errno 5] Input/output error
[distance_sensors_node-7] [ERROR] [1762932557.921985307] [distance_sensors_node]: Ошибка в цикле чтения датчиков: [Errno 5] Input/output error
[distance_sensors_node-7] [ERROR] [1762932558.929804788] [distance_sensors_node]: Ошибка в цикле чтения датчиков: [Errno 5] Input/output error
Очистка...
